file,page_num,line_num,text_auto,text_en
MTX201501307_anon,1,1,Záchranný archeologický výzkum,pravidla pravidla pravidla pravidla pravidla pravidla pravidla pravidla pravidla pravidla pravidla pravidla pravidla pravidla pravidla pravidla pravidla pravidla pravidla pravidla pravidla pravidla pravidla pravidla pravidla pravidla pravidla pravidla pravidla pravidla pravidla pravidla pravidla pravidla pravidla pravidla pravidla pravidla pravidla pravidla pravidla pravidla pravidla pravidla pravidla pravidla pravidla pravidla pravidla pravidla pravidla pravidla pravidla pravidla pravidla pravidla pravidla pravidla pravidla pravidla pravidla pravidla pravidla pravidla pravidla pravidla pravidla pravidla pravidla pravidla pravidla pravidla pravidla pravidla pravidla pravidla pravidla pravidla pravidla pravidla pravidla pravidla pravidla pravidla pravidla pravidla pravidla pravidla pravidla pravidla pravidla pravidla pravidla pravidla pravidla pravidla pravidla pravidla pravidla pravidla pravidla pravidla pravidla pravidla pravidla pravidla pravidla pravidla pravidla pravidla pravidla pravidla pravidla pravidla pravidla pravidla pravidla pravidla pravidla pravidla pravidla pravidla pravidla pravidla pravidla pravidla pravidla pravidla pravidla pravidla pravidla pravidla pravidla pravidla pravidla pravidla pravidla
MTX201501307_anon,1,1,"Vraní, ČOV a kanalizace",pravidla pravidla
MTX201501307_anon,1,2,"parc. č. 41/1, 41/5, 41/11, 42,137/1",pravidla pravidla pravidla pravidla pravidla pravidla pravidla pravidla pravidla pravidla pravidla pravidla pravidla pravidla pravidla pravidla pravidla pravidla pravidla pravidla pravidla pravidla pravidla pravidla pravidla pravidla pravidla pravidla pravidla pravidla pravidla pravidla pravidla pravidla pravidla pravidla pravidla pravidla pravidla pravidla pravidla pravidla pravidla pravidla pravidla pravidla pravidla pravidla pravidla pravidla pravidla pravidla pravidla pravidla pravidla pravidla pravidla pravidla pravidla pravidla pravidla pravidla pravidla pravidla pravidla pravidla pravidla pravidla pravidla pravidla pravidla pravidla pravidla pravidla pravidla pravidla pravidla pravidla pravidla pravidla pravidla pravidla pravidla pravidla pravidla pravidla pravidla pravidla pravidla pravidla pravidla pravidla pravidla pravidla pravidla pravidla pravidla pravidla pravidla pravidla pravidla pravidla pravidla pravidla pravidla pravidla pravidla pravidla pravidla pravidla pravidla pravidla pravidla pravidla pravidla pravidla pravidla pravidla pravidla pravidla pravidla pravidla pravidla pravidla pravidla pravidla pravidla pravidla pravidla pravidla pravidla pravidla pravidla pravidla pravidla
MTX201501307_anon,1,1,Nálezová zpráva,pravidla pravidla pravidla pravidla pravidla pravidla pravidla pravidla pravidla pravidla pravidla pravidla pravidla pravidla pravidla pravidla pravidla pravidla pravidla pravidla pravidla pravidla pravidla pravidla pravidla pravidla pravidla pravidla pravidla pravidla pravidla pravidla pravidla pravidla pravidla pravidla pravidla pravidla pravidla pravidla pravidla pravidla pravidla pravidla pravidla pravidla pravidla pravidla pravidla pravidla pravidla pravidla pravidla pravidla pravidla pravidla pravidla pravidla pravidla pravidla pravidla pravidla pravidla pravidla pravidla pravidla pravidla pravidla pravidla pravidla pravidla pravidla pravidla pravidla pravidla pravidla pravidla pravidla pravidla pravidla pravidla pravidla pravidla pravidla pravidla pravidla pravidla pravidla pravidla pravidla pravidla pravidla pravidla pravidla pravidla pravidla pravidla pravidla pravidla pravidla pravidla pravidla pravidla pravidla pravidla pravidla pravidla pravidla pravidla pravidla pravidla pravidla pravidla pravidla pravidla pravidla pravidla pravidla pravidla pravidla pravidla pravidla pravidla pravidla pravidla pravidla pravidla pravidla pravidla pravidla pravidla pravidla pravidla pravidla pravidla pravidla pravidla
MTX201501307_anon,1,1,"Pueblo - archeologická společnost, o. p. s.",pravidla pravidla pravidla pravidla pravidla pravidla pravidla pravidla pravidla pravidla pravidla pravidla pravidla pravidla pravidla pravidla pravidla pravidla pravidla pravidla pravidla pravidla pravidla pravidla pravidla pravidla pravidla pravidla pravidla pravidla pravidla pravidla pravidla pravidla pravidla pravidla pravidla pravidla pravidla pravidla pravidla pravidla pravidla pravidla pravidla pravidla pravidla pravidla pravidla pravidla pravidla pravidla pravidla pravidla pravidla pravidla pravidla pravidla pravidla pravidla pravidla pravidla pravidla pravidla pravidla pravidla pravidla pravidla pravidla pravidla pravidla pravidla pravidla pravidla pravidla pravidla pravidla pravidla pravidla pravidla pravidla pravidla pravidla pravidla pravidla pravidla pravidla pravidla pravidla pravidla pravidla pravidla pravidla pravidla pravidla pravidla pravidla pravidla pravidla pravidla pravidla pravidla pravidla pravidla pravidla pravidla pravidla pravidla pravidla pravidla pravidla pravidla pravidla pravidla pravidla pravidla pravidla pravidla pravidla pravidla pravidla pravidla pravidla pravidla pravidla pravidla pravidla pravidla pravidla pravidla pravidla pravidla pravidla pravidla pravidla pravidla pravidla
MTX201501307_anon,1,1,Vojtěch Marek,pravidla pravidla pravidla pravidla pravidla pravidla pravidla pravidla pravidla pravidla pravidla pravidla pravidla pravidla pravidla pravidla pravidla pravidla pravidla pravidla pravidla pravidla pravidla pravidla pravidla pravidla pravidla pravidla pravidla pravidla pravidla pravidla pravidla pravidla pravidla pravidla pravidla pravidla pravidla pravidla pravidla pravidla pravidla pravidla pravidla pravidla pravidla pravidla pravidla pravidla pravidla pravidla pravidla pravidla pravidla pravidla pravidla pravidla pravidla pravidla pravidla pravidla pravidla pravidla pravidla pravidla pravidla pravidla pravidla pravidla pravidla pravidla pravidla pravidla pravidla pravidla pravidla pravidla pravidla pravidla pravidla pravidla pravidla pravidla pravidla pravidla pravidla pravidla pravidla pravidla pravidla pravidla pravidla pravidla pravidla pravidla pravidla pravidla pravidla pravidla pravidla pravidla pravidla pravidla pravidla pravidla pravidla pravidla pravidla pravidla pravidla pravidla pravidla pravidla pravidla pravidla pravidla pravidla pravidla pravidla pravidla pravidla pravidla pravidla pravidla pravidla pravidla pravidla pravidla pravidla pravidla pravidla pravidla pravidla pravidla pravidla pravidla
MTX201501307_anon,1,1,2014,2014
MTX201501307_anon,2,1,2,2
MTX201501307_anon,2,1,Objednatel:,pravidla
MTX201501307_anon,2,2,Obec Vraní,pravidla
MTX201501307_anon,2,3,Vraní 37,pravidla pravidla
MTX201501307_anon,2,4,592 31 Vraní,pravidla pravidla pravidla pravidla pravidla pravidla pravidla pravidla pravidla pravidla pravidla pravidla pravidla pravidla pravidla pravidla pravidla pravidla pravidla pravidla pravidla pravidla pravidla pravidla pravidla pravidla pravidla pravidla pravidla pravidla pravidla pravidla pravidla pravidla pravidla pravidla pravidla pravidla pravidla pravidla pravidla pravidla pravidla pravidla pravidla pravidla pravidla pravidla pravidla pravidla pravidla pravidla pravidla pravidla pravidla pravidla pravidla pravidla pravidla pravidla pravidla pravidla pravidla pravidla pravidla pravidla pravidla pravidla pravidla pravidla pravidla pravidla pravidla pravidla pravidla pravidla pravidla pravidla pravidla pravidla pravidla pravidla pravidla pravidla pravidla pravidla pravidla pravidla pravidla pravidla pravidla pravidla pravidla pravidla pravidla pravidla pravidla pravidla pravidla pravidla pravidla pravidla pravidla pravidla pravidla pravidla pravidla pravidla pravidla pravidla pravidla pravidla pravidla pravidla pravidla pravidla pravidla pravidla pravidla pravidla pravidla pravidla pravidla pravidla pravidla pravidla pravidla pravidla pravidla pravidla pravidla pravidla pravidla pravidla pravidla pravidla pravidla pravidla pravidla pravidla pravidla pravidla pravidla pravidla pravidla pravidla pravidla pravidla pravidla pravidla pravidla pravidla pravidla pravidla pravidla pravidla pravidla pravidla pravidla pravidla pravidla pravidla pravidla pravidla pravidla pravidla pravidla pravidla pravidla pravidla pravidla pravidla pravidla pravidla pravidla pravidla pravidla pravidla pravidla pravidla pravidla pravidla pravidla pravidla pravidla pravidla pravidla pravidla pravidla pravidla pravidla pravidla pravidla pravidla pravidla pravidla pravidla pravidla pravidla pravidla pravidla pravidla pravidla pravidla pravidla pravidla pravidla pravidla pravidla pravidla pravidla
MTX201501307_anon,2,1,Oprávněná organizace:,pravidla
MTX201501307_anon,2,2,"Pueblo - archeologická společnost, o. p. s.",pravidla pravidla
MTX201501307_anon,2,3,Lipová 1601/8,pravidla pravidla
MTX201501307_anon,2,4,149 00 Lhota 11 - Údolí,pravidla pravidla pravidla
MTX201501307_anon,2,5,Vedoucí archeologického výzkumu:,pravidla
MTX201501307_anon,2,6,Mgr. Bohumil Sýkora,pravidla
MTX201501307_anon,2,7,Odborná a technická spolupráce:,pravidla
MTX201501307_anon,2,8,"Mgr. Jan Doležal, vedoucí technik",pravidla
MTX201501307_anon,2,9,"Mgr. Vojtěch Marek, technická spolupráce",pravidla
MTX201501307_anon,2,10,"Bc. Radim Konečný, technická spolupráce",pravidla
MTX201501307_anon,2,11,"Eva Vránová, laboratorní práce",pravidla pravidla
MTX201501307_anon,2,12,"Mgr. Miroslava Kadlecová, kresebná a fotografická dokumentace artefaktů",pravidla pravidla
MTX201501307_anon,2,13,"Tomáš Beran, geodet",pravidla pravidla pravidla pravidla pravidla pravidla pravidla pravidla pravidla pravidla pravidla pravidla pravidla pravidla pravidla pravidla pravidla pravidla pravidla pravidla pravidla pravidla pravidla pravidla pravidla pravidla pravidla pravidla pravidla pravidla pravidla pravidla pravidla pravidla pravidla pravidla pravidla pravidla pravidla pravidla pravidla pravidla pravidla pravidla pravidla pravidla pravidla pravidla pravidla pravidla pravidla pravidla pravidla pravidla pravidla pravidla pravidla pravidla pravidla pravidla pravidla pravidla pravidla pravidla pravidla pravidla pravidla pravidla pravidla pravidla pravidla pravidla pravidla pravidla pravidla pravidla pravidla pravidla pravidla pravidla pravidla pravidla pravidla pravidla pravidla pravidla pravidla pravidla pravidla pravidla pravidla pravidla pravidla pravidla pravidla pravidla pravidla pravidla pravidla pravidla pravidla pravidla pravidla pravidla pravidla pravidla pravidla pravidla pravidla pravidla pravidla pravidla pravidla pravidla pravidla pravidla pravidla pravidla pravidla pravidla pravidla pravidla pravidla pravidla pravidla pravidla pravidla pravidla pravidla pravidla pravidla pravidla pravidla pravidla pravidla pravidla pravidla pravidla pravidla pravidla pravidla pravidla pravidla pravidla pravidla pravidla pravidla pravidla pravidla pravidla pravidla pravidla pravidla pravidla pravidla pravidla pravidla pravidla pravidla pravidla pravidla pravidla pravidla pravidla pravidla pravidla pravidla pravidla pravidla pravidla pravidla pravidla pravidla pravidla pravidla pravidla pravidla pravidla pravidla pravidla pravidla pravidla pravidla pravidla pravidla pravidla pravidla pravidla pravidla pravidla pravidla pravidla pravidla pravidla pravidla pravidla pravidla pravidla pravidla pravidla pravidla pravidla pravidla pravidla pravidla pravidla pravidla pravidla pravidla pravidla pravidla pravidla pravidla pravidla pravidla pravidla pravidla pravidla pravidla pravidla pravidla pravidla pravidla pravidla pravidla pravidla pravidla pravidla pravidla pravidla pravidla pravidla pravidla pravidla pravidla pravidla pravidla pravidla pravidla pravidla pravidla pravidla pravidla pravidla pravidla pravidla pravidla pravidla pravidla pravidla pravidla pravidla pravidla pravidla pravidla pravidla pravidla pravidla pravidla pravidla pravidla pravidla pravidla pravidla pravidla pravidla pravidla pravidla pravidla pravidla pravidla pravidla pravidla pravidla pravidla pravidla pravidla pravidla pravidla pravidla pravidla pravidla pravidla pravidla pravidla pravidla pravidla pravidla pravidla pravidla pravidla pravidla pravidla pravidla pravidla pravidla pravidla pravidla pravidla pravidla pravidla pravidla pravidla pravidla pravidla pravidla pravidla pravidla pravidla pravidla pravidla pravidla pravidla pravidla pravidla pravidla pravidla pravidla pravidla pravidla pravidla pravidla pravidla pravidla pravidla pravidla pravidla pravidla pravidla pravidla pravidla pravidla pravidla pravidla pravidla pravidla pravidla pravidla pravidla pravidla pravidla pravidla pravidla pravidla pravidla pravidla pravidla pravidla pravidla pravidla pravidla pravidla pravidla pravidla pravidla pravidla pravidla pravidla pravidla pravidla pravidla pravidla pravidla pravidla pravidla pravidla pravidla pravidla pravidla pravidla pravidla pravidla pravidla pravidla pravidla pravidla pravidla pravidla pravidla pravidla pravidla pravidla pravidla pravidla pravidla pravidla pravidla pravidla pravidla pravidla pravidla pravidla pravidla pravidla pravidla pravidla pravidla pravidla pravidla pravidla pravidla pravidla pravidla pravidla pravidla pravidla pravidla pravidla pravidla pravidla pravidla pravidla
MTX201501307_anon,2,1,Upozornění,pravidla
MTX201501307_anon,2,2,Předložená práce vznikla tvůrčím zpracováním výsledků archeologického výzkumu a je tedy chráněna autorským právem,pravidla pravidla pravidla pravidla pravidla pravidla pravidla pravidla pravidla pravidla
MTX201501307_anon,2,3,podle platných právních předpisů České republiky ve smyslu zákona 121/2000 Sb. Na základě tohoto zákona jsou chráněny,pravidla pravidla pravidla pravidla pravidla pravidla pravidla pravidla pravidla
MTX201501307_anon,2,4,"i její jednotlivé části, tj. např. text, databáze, kresebná, měřičská a fotografická dokumentace (viz § 2 citovaného zákona).",pravidla pravidla pravidla pravidla pravidla pravidla pravidla pravidla
MTX201501307_anon,2,5,"Tuto práci lze tedy, stejně jako její části, dále využít, popřípadě uveřejnit, jen se svolením autora (viz § 12 citovaného",pravidla pravidla pravidla pravidla pravidla pravidla pravidla pravidla pravidla pravidla pravidla
MTX201501307_anon,2,6,zákona).,pravidla pravidla pravidla pravidla pravidla pravidla pravidla pravidla pravidla pravidla pravidla pravidla pravidla pravidla pravidla pravidla pravidla pravidla pravidla pravidla pravidla pravidla pravidla pravidla pravidla pravidla pravidla pravidla pravidla pravidla pravidla pravidla pravidla pravidla pravidla pravidla pravidla pravidla pravidla pravidla pravidla pravidla pravidla pravidla pravidla pravidla pravidla pravidla pravidla pravidla pravidla pravidla pravidla pravidla pravidla pravidla pravidla pravidla pravidla pravidla pravidla pravidla pravidla pravidla pravidla pravidla pravidla pravidla pravidla pravidla pravidla pravidla pravidla pravidla pravidla pravidla pravidla pravidla pravidla pravidla pravidla pravidla pravidla pravidla pravidla pravidla pravidla pravidla pravidla pravidla pravidla pravidla pravidla pravidla pravidla pravidla pravidla pravidla pravidla pravidla pravidla pravidla pravidla pravidla pravidla pravidla pravidla pravidla pravidla pravidla pravidla pravidla pravidla pravidla pravidla pravidla pravidla pravidla pravidla pravidla pravidla pravidla pravidla pravidla pravidla pravidla pravidla pravidla pravidla pravidla pravidla pravidla pravidla pravidla pravidla pravidla pravidla pravidla pravidla pravidla pravidla pravidla pravidla pravidla pravidla pravidla pravidla pravidla pravidla pravidla pravidla pravidla pravidla pravidla pravidla pravidla pravidla pravidla pravidla pravidla pravidla pravidla pravidla pravidla pravidla pravidla pravidla pravidla pravidla pravidla pravidla pravidla pravidla pravidla pravidla pravidla pravidla pravidla pravidla pravidla pravidla pravidla pravidla pravidla pravidla pravidla pravidla pravidla pravidla pravidla pravidla pravidla pravidla pravidla pravidla pravidla pravidla pravidla pravidla pravidla pravidla pravidla pravidla pravidla pravidla pravidla pravidla pravidla pravidla pravidla pravidla pravidla pravidla pravidla pravidla pravidla pravidla pravidla pravidla pravidla pravidla pravidla pravidla pravidla pravidla pravidla pravidla pravidla pravidla pravidla pravidla pravidla pravidla pravidla pravidla pravidla pravidla pravidla pravidla pravidla pravidla pravidla pravidla pravidla pravidla pravidla pravidla pravidla pravidla pravidla pravidla pravidla pravidla pravidla pravidla pravidla pravidla pravidla pravidla pravidla pravidla pravidla pravidla pravidla pravidla pravidla pravidla pravidla pravidla pravidla pravidla pravidla pravidla pravidla pravidla pravidla pravidla pravidla pravidla pravidla pravidla pravidla pravidla pravidla pravidla pravidla pravidla pravidla pravidla pravidla pravidla pravidla pravidla pravidla pravidla pravidla pravidla pravidla pravidla pravidla pravidla pravidla pravidla pravidla pravidla pravidla pravidla pravidla pravidla pravidla pravidla pravidla pravidla pravidla pravidla pravidla pravidla pravidla pravidla pravidla pravidla pravidla pravidla pravidla pravidla pravidla pravidla pravidla pravidla pravidla pravidla pravidla pravidla pravidla pravidla pravidla pravidla pravidla pravidla pravidla pravidla pravidla pravidla pravidla pravidla pravidla pravidla pravidla pravidla pravidla pravidla pravidla pravidla pravidla pravidla pravidla pravidla pravidla pravidla pravidla pravidla pravidla pravidla pravidla pravidla pravidla pravidla pravidla pravidla pravidla pravidla pravidla pravidla pravidla pravidla pravidla pravidla pravidla pravidla pravidla pravidla pravidla pravidla pravidla pravidla pravidla pravidla pravidla pravidla pravidla pravidla pravidla pravidla pravidla pravidla pravidla pravidla pravidla pravidla pravidla pravidla pravidla pravidla pravidla pravidla pravidla pravidla pravidla pravidla pravidla pravidla pravidla pravidla pravidla pravidla pravidla pravidla pravidla pravidla pravidla pravidla pravidla pravidla pravidla pravidla pravidla pravidla pravidla pravidla pravidla pravidla pravidla pravidla pravidla pravidla pravidla pravidla pravidla pravidla pravidla pravidla pravidla pravidla pravidla pravidla pravidla pravidla pravidla pravidla pravidla pravidla pravidla pravidla pravidla pravidla pravidla pravidla pravidla pravidla pravidla pravidla pravidla pravidla pravidla pravidla pravidla pravidla pravidla pravidla pravidla pravidla pravidla pravidla pravidla pravidla pravidla pravidla pravidla pravidla pravidla pravidla pravidla pravidla pravidla pravidla pravidla pravidla pravidla pravidla pravidla pravidla pravidla pravidla pravidla pravidla pravidla pravidla pravidla pravidla pravidla pravidla pravidla pravidla pravidla pravidla pravidla pravidla pravidla pravidla pravidla pravidla pravidla pravidla pravidla pravidla pravidla pravidla pravidla pravidla pravidla pravidla pravidla pravidla pravidla pravidla pravidla pravidla pravidla pravidla pravidla pravidla pravidla pravidla pravidla pravidla pravidla pravidla pravidla pravidla pravidla pravidla pravidla pravidla pravidla pravidla pravidla pravidla pravidla pravidla pravidla pravidla pravidla pravidla pravidla pravidla pravidla pravidla pravidla pravidla pravidla pravidla pravidla pravidla pravidla pravidla pravidla pravidla pravidla pravidla pravidla pravidla pravidla pravidla pravidla pravidla pravidla pravidla pravidla pravidla pravidla pravidla pravidla pravidla pravidla pravidla pravidla pravidla pravidla pravidla pravidla pravidla pravidla pravidla pravidla pravidla pravidla pravidla pravidla pravidla pravidla pravidla pravidla pravidla pravidla pravidla pravidla
MTX201501307_anon,3,1,3,3
MTX201501307_anon,3,1,"Pueblo - archeologická společnost, o. p. s.",pravidla pravidla pravidla pravidla pravidla pravidla pravidla pravidla pravidla pravidla pravidla pravidla pravidla pravidla pravidla pravidla pravidla pravidla pravidla pravidla pravidla pravidla pravidla pravidla pravidla pravidla pravidla pravidla pravidla pravidla pravidla pravidla pravidla pravidla pravidla pravidla pravidla pravidla pravidla pravidla pravidla pravidla pravidla pravidla pravidla pravidla pravidla pravidla pravidla pravidla pravidla pravidla pravidla pravidla pravidla pravidla pravidla pravidla pravidla pravidla pravidla pravidla pravidla pravidla pravidla pravidla pravidla pravidla pravidla pravidla pravidla pravidla pravidla pravidla pravidla pravidla pravidla pravidla pravidla pravidla pravidla pravidla pravidla pravidla pravidla pravidla pravidla pravidla pravidla pravidla pravidla pravidla pravidla pravidla pravidla pravidla pravidla pravidla pravidla pravidla pravidla pravidla pravidla pravidla pravidla pravidla pravidla pravidla pravidla pravidla pravidla pravidla pravidla pravidla pravidla pravidla pravidla pravidla pravidla pravidla pravidla pravidla pravidla pravidla pravidla pravidla pravidla pravidla pravidla pravidla pravidla pravidla pravidla pravidla
MTX201501307_anon,3,1,Katastrální území:,pravidla pravidla pravidla pravidla pravidla pravidla pravidla pravidla pravidla pravidla pravidla pravidla pravidla pravidla pravidla pravidla pravidla pravidla pravidla pravidla pravidla pravidla pravidla pravidla pravidla pravidla pravidla pravidla pravidla pravidla pravidla pravidla pravidla pravidla pravidla pravidla pravidla pravidla pravidla pravidla pravidla pravidla pravidla pravidla pravidla pravidla pravidla pravidla pravidla pravidla pravidla pravidla pravidla pravidla pravidla pravidla pravidla pravidla pravidla pravidla pravidla pravidla pravidla pravidla pravidla pravidla pravidla pravidla pravidla pravidla pravidla pravidla pravidla pravidla pravidla pravidla pravidla pravidla pravidla pravidla pravidla pravidla pravidla pravidla pravidla pravidla pravidla pravidla pravidla pravidla pravidla pravidla pravidla pravidla pravidla pravidla pravidla pravidla pravidla pravidla pravidla pravidla pravidla pravidla pravidla pravidla pravidla pravidla pravidla pravidla pravidla pravidla pravidla pravidla pravidla pravidla pravidla pravidla pravidla pravidla pravidla pravidla pravidla pravidla pravidla pravidla pravidla pravidla pravidla pravidla pravidla pravidla pravidla pravidla
MTX201501307_anon,3,1,Vraní u Starého Sídla na Vysočině,pravidla pravidla pravidla pravidla pravidla pravidla pravidla pravidla pravidla pravidla pravidla pravidla pravidla pravidla pravidla pravidla pravidla pravidla pravidla pravidla pravidla pravidla pravidla pravidla pravidla pravidla pravidla pravidla pravidla pravidla pravidla pravidla pravidla pravidla pravidla pravidla pravidla pravidla pravidla pravidla pravidla pravidla pravidla pravidla pravidla pravidla pravidla pravidla pravidla pravidla pravidla pravidla pravidla pravidla pravidla pravidla pravidla pravidla pravidla pravidla pravidla pravidla pravidla pravidla pravidla pravidla pravidla pravidla pravidla pravidla pravidla pravidla pravidla pravidla pravidla pravidla pravidla pravidla pravidla pravidla pravidla pravidla pravidla pravidla pravidla pravidla pravidla pravidla pravidla pravidla pravidla pravidla pravidla pravidla pravidla pravidla pravidla pravidla pravidla pravidla pravidla pravidla pravidla pravidla pravidla pravidla pravidla pravidla pravidla pravidla pravidla pravidla pravidla pravidla pravidla pravidla pravidla pravidla pravidla pravidla pravidla pravidla pravidla pravidla pravidla pravidla pravidla pravidla pravidla pravidla pravidla pravidla pravidla pravidla
MTX201501307_anon,3,1,Okres:,pravidla pravidla pravidla pravidla pravidla pravidla pravidla pravidla pravidla pravidla pravidla pravidla pravidla pravidla pravidla pravidla pravidla pravidla pravidla pravidla pravidla pravidla pravidla pravidla pravidla pravidla pravidla pravidla pravidla pravidla pravidla pravidla pravidla pravidla pravidla pravidla pravidla pravidla pravidla pravidla pravidla pravidla pravidla pravidla pravidla pravidla pravidla pravidla pravidla pravidla pravidla pravidla pravidla pravidla pravidla pravidla pravidla pravidla pravidla pravidla pravidla pravidla pravidla pravidla pravidla pravidla pravidla pravidla pravidla pravidla pravidla pravidla pravidla pravidla pravidla pravidla pravidla pravidla pravidla pravidla pravidla pravidla pravidla pravidla pravidla pravidla pravidla pravidla pravidla pravidla pravidla pravidla pravidla pravidla pravidla pravidla pravidla pravidla pravidla pravidla pravidla pravidla pravidla pravidla
MTX201501307_anon,3,1,Brod nad Lučinou,pravidla pravidla pravidla pravidla pravidla pravidla pravidla pravidla pravidla pravidla pravidla pravidla pravidla pravidla pravidla pravidla pravidla pravidla pravidla pravidla pravidla pravidla pravidla pravidla pravidla pravidla pravidla pravidla pravidla pravidla pravidla pravidla pravidla pravidla pravidla pravidla pravidla pravidla pravidla pravidla pravidla pravidla pravidla pravidla pravidla pravidla pravidla pravidla pravidla pravidla pravidla pravidla pravidla pravidla pravidla pravidla pravidla pravidla pravidla pravidla pravidla pravidla pravidla pravidla pravidla pravidla pravidla pravidla pravidla pravidla pravidla pravidla pravidla pravidla pravidla pravidla pravidla pravidla pravidla pravidla pravidla pravidla pravidla pravidla pravidla pravidla pravidla pravidla pravidla pravidla pravidla pravidla pravidla pravidla pravidla pravidla pravidla pravidla pravidla pravidla pravidla pravidla pravidla pravidla pravidla pravidla pravidla pravidla pravidla pravidla pravidla pravidla pravidla pravidla pravidla pravidla pravidla pravidla pravidla pravidla pravidla pravidla pravidla pravidla pravidla pravidla pravidla pravidla pravidla pravidla pravidla pravidla pravidla pravidla
MTX201501307_anon,3,1,Trať:,Trať:
MTX201501307_anon,3,1,intravilán obce,pravidla pravidla pravidla pravidla pravidla pravidla pravidla pravidla pravidla pravidla pravidla pravidla pravidla pravidla pravidla pravidla pravidla pravidla pravidla pravidla pravidla pravidla pravidla pravidla pravidla pravidla pravidla pravidla pravidla pravidla pravidla pravidla pravidla pravidla pravidla pravidla pravidla pravidla pravidla pravidla pravidla pravidla pravidla pravidla pravidla pravidla pravidla pravidla pravidla pravidla pravidla pravidla pravidla pravidla pravidla pravidla pravidla pravidla pravidla pravidla pravidla pravidla pravidla pravidla pravidla pravidla pravidla pravidla pravidla pravidla pravidla pravidla pravidla pravidla pravidla pravidla pravidla pravidla pravidla pravidla pravidla pravidla pravidla pravidla pravidla pravidla pravidla pravidla pravidla pravidla pravidla pravidla pravidla pravidla pravidla pravidla pravidla pravidla pravidla pravidla pravidla pravidla pravidla pravidla pravidla pravidla pravidla pravidla pravidla pravidla pravidla pravidla pravidla pravidla pravidla pravidla pravidla pravidla pravidla pravidla pravidla pravidla pravidla pravidla pravidla pravidla pravidla pravidla pravidla pravidla pravidla pravidla pravidla pravidla
MTX201501307_anon,3,1,Parc. č.:,pravidla pravidla pravidla pravidla pravidla pravidla pravidla pravidla pravidla pravidla pravidla pravidla pravidla pravidla pravidla pravidla pravidla pravidla pravidla pravidla pravidla pravidla pravidla pravidla pravidla pravidla pravidla pravidla pravidla pravidla pravidla pravidla pravidla pravidla pravidla pravidla pravidla pravidla pravidla pravidla pravidla pravidla pravidla pravidla pravidla pravidla pravidla pravidla pravidla pravidla pravidla pravidla pravidla pravidla pravidla pravidla pravidla pravidla pravidla pravidla pravidla pravidla pravidla pravidla pravidla pravidla pravidla pravidla pravidla pravidla pravidla pravidla pravidla pravidla pravidla pravidla pravidla pravidla pravidla pravidla pravidla pravidla pravidla pravidla pravidla pravidla pravidla pravidla pravidla pravidla pravidla pravidla pravidla pravidla pravidla pravidla pravidla pravidla pravidla pravidla pravidla pravidla pravidla pravidla pravidla pravidla pravidla pravidla pravidla pravidla pravidla pravidla pravidla pravidla pravidla pravidla pravidla pravidla pravidla pravidla pravidla pravidla pravidla pravidla pravidla pravidla pravidla pravidla pravidla pravidla pravidla pravidla pravidla pravidla
MTX201501307_anon,3,1,"41/1, 41/5, 41/11, 42, 137/1",pravidla pravidla pravidla pravidla pravidla pravidla pravidla pravidla pravidla pravidla pravidla pravidla pravidla pravidla pravidla pravidla pravidla pravidla pravidla pravidla pravidla pravidla pravidla pravidla pravidla pravidla pravidla pravidla pravidla pravidla pravidla pravidla pravidla pravidla pravidla pravidla pravidla pravidla pravidla pravidla pravidla pravidla pravidla pravidla pravidla pravidla pravidla pravidla pravidla pravidla pravidla pravidla pravidla pravidla pravidla pravidla pravidla pravidla pravidla pravidla pravidla pravidla pravidla pravidla pravidla pravidla pravidla pravidla pravidla pravidla pravidla pravidla pravidla pravidla pravidla pravidla pravidla pravidla pravidla pravidla pravidla pravidla pravidla pravidla pravidla pravidla pravidla pravidla pravidla pravidla pravidla pravidla pravidla pravidla pravidla pravidla pravidla pravidla pravidla pravidla pravidla pravidla pravidla pravidla pravidla pravidla pravidla pravidla pravidla pravidla pravidla pravidla pravidla pravidla pravidla pravidla pravidla pravidla pravidla
MTX201501307_anon,3,1,Č. mapy,pravidla pravidla pravidla pravidla pravidla pravidla pravidla pravidla pravidla pravidla pravidla pravidla pravidla pravidla pravidla pravidla pravidla pravidla pravidla pravidla pravidla pravidla pravidla pravidla pravidla pravidla pravidla pravidla pravidla pravidla pravidla pravidla pravidla pravidla pravidla pravidla pravidla pravidla pravidla pravidla pravidla pravidla pravidla pravidla pravidla pravidla pravidla pravidla pravidla pravidla pravidla pravidla pravidla pravidla pravidla pravidla pravidla pravidla pravidla pravidla pravidla pravidla pravidla pravidla pravidla pravidla pravidla pravidla pravidla pravidla pravidla pravidla pravidla pravidla pravidla pravidla pravidla pravidla pravidla pravidla pravidla pravidla pravidla pravidla pravidla pravidla pravidla pravidla pravidla pravidla pravidla pravidla pravidla pravidla pravidla pravidla pravidla pravidla pravidla pravidla pravidla pravidla pravidla pravidla pravidla pravidla pravidla pravidla pravidla pravidla pravidla pravidla pravidla pravidla pravidla pravidla pravidla pravidla pravidla pravidla pravidla pravidla pravidla pravidla pravidla pravidla pravidla pravidla pravidla pravidla pravidla pravidla pravidla pravidla
MTX201501307_anon,3,1,ZM10 24 - 11 -17,ZM10 24 - 11 -17
MTX201501307_anon,3,1,Souřadnice WGS - 84:,pravidla pravidla pravidla pravidla pravidla pravidla pravidla pravidla pravidla pravidla pravidla pravidla pravidla pravidla pravidla pravidla pravidla pravidla pravidla pravidla pravidla pravidla pravidla pravidla pravidla pravidla pravidla pravidla pravidla pravidla pravidla pravidla pravidla pravidla pravidla pravidla pravidla pravidla pravidla pravidla pravidla pravidla pravidla pravidla pravidla pravidla pravidla pravidla pravidla pravidla pravidla pravidla pravidla pravidla pravidla pravidla pravidla pravidla pravidla pravidla pravidla pravidla pravidla pravidla pravidla pravidla pravidla pravidla pravidla pravidla pravidla pravidla pravidla pravidla pravidla pravidla pravidla pravidla pravidla pravidla pravidla pravidla pravidla pravidla pravidla pravidla pravidla pravidla pravidla pravidla pravidla pravidla pravidla pravidla pravidla pravidla pravidla pravidla pravidla pravidla pravidla pravidla pravidla pravidla pravidla pravidla pravidla pravidla pravidla pravidla pravidla pravidla pravidla pravidla pravidla pravidla pravidla pravidla pravidla pravidla pravidla pravidla pravidla pravidla pravidla pravidla pravidla pravidla pravidla pravidla pravidla pravidla pravidla pravidla
MTX201501307_anon,3,1,"49°34'13.52""N, 16°07'19.61""E; 49°34'13.30""N,",pravidla pravidla pravidla
MTX201501307_anon,3,2,"16°07'21.00""E; 49°34'11.77""N, 16°07'23.67""E;",pravidla pravidla pravidla
MTX201501307_anon,3,3,"49°34'13.00""N, 16°07'24.76""E; 49°34'13.84""N,",pravidla pravidla pravidla
MTX201501307_anon,3,4,"16°07'25.16""E; 49°34'15.11""N, 16°07'24.43""E;",pravidla pravidla pravidla
MTX201501307_anon,3,5,"49°34'16.12""N, 16°07'23.77""E; 49°34'11.87""N,",pravidla pravidla pravidla
MTX201501307_anon,3,6,"16°07'21.36""E",pravidla pravidla pravidla pravidla pravidla pravidla pravidla pravidla pravidla pravidla pravidla pravidla pravidla pravidla pravidla pravidla pravidla pravidla pravidla pravidla pravidla pravidla pravidla pravidla pravidla pravidla pravidla pravidla pravidla pravidla pravidla pravidla pravidla pravidla pravidla pravidla pravidla pravidla pravidla pravidla pravidla pravidla pravidla pravidla pravidla pravidla pravidla pravidla pravidla pravidla pravidla pravidla pravidla pravidla pravidla pravidla pravidla pravidla pravidla pravidla pravidla pravidla pravidla pravidla pravidla pravidla pravidla pravidla pravidla pravidla pravidla pravidla pravidla pravidla pravidla pravidla pravidla pravidla pravidla pravidla pravidla pravidla pravidla pravidla pravidla pravidla pravidla pravidla pravidla pravidla pravidla pravidla pravidla pravidla pravidla pravidla pravidla pravidla pravidla pravidla pravidla pravidla pravidla pravidla pravidla pravidla pravidla pravidla pravidla pravidla pravidla pravidla pravidla pravidla pravidla pravidla pravidla pravidla pravidla pravidla pravidla pravidla pravidla pravidla pravidla pravidla pravidla pravidla pravidla pravidla pravidla pravidla pravidla pravidla pravidla pravidla pravidla pravidla pravidla pravidla pravidla pravidla pravidla pravidla pravidla pravidla pravidla pravidla pravidla pravidla pravidla pravidla pravidla pravidla pravidla pravidla pravidla pravidla pravidla pravidla pravidla pravidla pravidla pravidla pravidla pravidla pravidla pravidla pravidla pravidla pravidla pravidla pravidla pravidla pravidla pravidla pravidla pravidla pravidla pravidla pravidla pravidla pravidla pravidla pravidla pravidla pravidla pravidla pravidla pravidla pravidla pravidla pravidla pravidla pravidla pravidla pravidla pravidla pravidla pravidla pravidla pravidla pravidla pravidla pravidla pravidla pravidla pravidla pravidla pravidla pravidla pravidla pravidla pravidla pravidla pravidla pravidla pravidla pravidla pravidla pravidla pravidla pravidla pravidla pravidla pravidla pravidla pravidla pravidla pravidla pravidla pravidla pravidla pravidla pravidla pravidla pravidla pravidla pravidla pravidla pravidla pravidla pravidla pravidla pravidla
MTX201501307_anon,3,1,Nadmořská výška:,pravidla pravidla pravidla pravidla pravidla pravidla pravidla pravidla pravidla pravidla pravidla pravidla pravidla pravidla pravidla pravidla pravidla pravidla pravidla pravidla pravidla pravidla pravidla pravidla pravidla pravidla pravidla pravidla pravidla pravidla pravidla pravidla pravidla pravidla pravidla pravidla pravidla pravidla pravidla pravidla pravidla pravidla pravidla pravidla pravidla pravidla pravidla pravidla pravidla pravidla pravidla pravidla pravidla pravidla pravidla pravidla pravidla pravidla pravidla pravidla pravidla pravidla pravidla pravidla pravidla pravidla pravidla pravidla pravidla pravidla pravidla pravidla pravidla pravidla pravidla pravidla pravidla pravidla pravidla pravidla pravidla pravidla pravidla pravidla pravidla pravidla pravidla pravidla pravidla pravidla pravidla pravidla pravidla pravidla pravidla pravidla pravidla pravidla pravidla pravidla pravidla pravidla pravidla pravidla pravidla pravidla pravidla pravidla pravidla pravidla pravidla pravidla pravidla pravidla pravidla pravidla pravidla pravidla pravidla pravidla pravidla pravidla pravidla pravidla pravidla pravidla pravidla pravidla pravidla pravidla pravidla pravidla pravidla pravidla
MTX201501307_anon,3,1,672 m n. m.,672 m n.m.
MTX201501307_anon,3,1,Číslo akce:,pravidla pravidla pravidla pravidla pravidla pravidla pravidla pravidla pravidla pravidla pravidla pravidla pravidla pravidla pravidla pravidla pravidla pravidla pravidla pravidla pravidla pravidla pravidla pravidla pravidla pravidla pravidla pravidla pravidla pravidla pravidla pravidla pravidla pravidla pravidla pravidla pravidla pravidla pravidla pravidla pravidla pravidla pravidla pravidla pravidla pravidla pravidla pravidla pravidla pravidla pravidla pravidla pravidla pravidla pravidla pravidla pravidla pravidla pravidla pravidla pravidla pravidla pravidla pravidla pravidla pravidla pravidla pravidla pravidla pravidla pravidla pravidla pravidla pravidla pravidla pravidla pravidla pravidla pravidla pravidla pravidla pravidla pravidla pravidla pravidla pravidla pravidla pravidla pravidla pravidla pravidla pravidla pravidla pravidla pravidla pravidla pravidla pravidla pravidla pravidla pravidla pravidla pravidla pravidla pravidla pravidla pravidla pravidla pravidla pravidla pravidla pravidla pravidla pravidla pravidla pravidla pravidla pravidla pravidla pravidla pravidla pravidla pravidla pravidla pravidla pravidla pravidla pravidla pravidla pravidla pravidla pravidla pravidla pravidla
MTX201501307_anon,3,1,62/2013,pravidla pravidla pravidla pravidla pravidla pravidla pravidla pravidla pravidla pravidla pravidla pravidla pravidla pravidla pravidla pravidla pravidla pravidla pravidla pravidla pravidla pravidla pravidla pravidla pravidla pravidla pravidla pravidla pravidla pravidla pravidla pravidla pravidla pravidla pravidla pravidla pravidla pravidla pravidla pravidla pravidla pravidla pravidla pravidla pravidla pravidla pravidla pravidla pravidla pravidla pravidla pravidla pravidla pravidla pravidla pravidla pravidla pravidla pravidla pravidla pravidla pravidla pravidla pravidla pravidla pravidla pravidla pravidla pravidla pravidla pravidla pravidla pravidla pravidla pravidla pravidla pravidla pravidla pravidla pravidla pravidla pravidla pravidla pravidla pravidla pravidla pravidla pravidla pravidla pravidla pravidla pravidla pravidla pravidla pravidla pravidla pravidla pravidla pravidla pravidla pravidla pravidla pravidla pravidla
MTX201501307_anon,3,1,Kultura:,pravidla pravidla pravidla pravidla pravidla pravidla pravidla pravidla pravidla pravidla pravidla pravidla pravidla pravidla pravidla pravidla pravidla pravidla pravidla pravidla pravidla pravidla pravidla pravidla pravidla pravidla pravidla pravidla pravidla pravidla pravidla pravidla pravidla pravidla pravidla pravidla pravidla pravidla pravidla pravidla pravidla pravidla pravidla pravidla pravidla pravidla pravidla pravidla pravidla pravidla pravidla pravidla pravidla pravidla pravidla pravidla pravidla pravidla pravidla pravidla pravidla pravidla pravidla pravidla pravidla pravidla pravidla pravidla pravidla pravidla pravidla pravidla pravidla pravidla pravidla pravidla pravidla pravidla pravidla pravidla pravidla pravidla pravidla pravidla pravidla pravidla pravidla pravidla pravidla pravidla pravidla pravidla pravidla pravidla pravidla pravidla pravidla pravidla pravidla pravidla pravidla pravidla pravidla pravidla pravidla pravidla pravidla pravidla pravidla pravidla pravidla pravidla pravidla pravidla pravidla pravidla pravidla pravidla pravidla pravidla pravidla pravidla pravidla pravidla pravidla pravidla pravidla pravidla pravidla pravidla pravidla pravidla pravidla pravidla
MTX201501307_anon,3,1,"pozdní středověk, časný novověk, novověk",pravidla pravidla pravidla
MTX201501307_anon,3,2,(14. stol. - 20. stol.),pravidla pravidla pravidla pravidla pravidla pravidla pravidla pravidla pravidla pravidla pravidla pravidla pravidla pravidla pravidla pravidla pravidla pravidla pravidla pravidla pravidla pravidla pravidla pravidla pravidla pravidla pravidla pravidla pravidla pravidla pravidla pravidla pravidla pravidla pravidla pravidla pravidla pravidla pravidla pravidla pravidla pravidla pravidla pravidla pravidla pravidla pravidla pravidla pravidla pravidla pravidla pravidla pravidla pravidla pravidla pravidla pravidla pravidla pravidla pravidla pravidla pravidla pravidla pravidla pravidla pravidla pravidla pravidla pravidla pravidla pravidla pravidla pravidla pravidla pravidla pravidla pravidla pravidla pravidla pravidla pravidla pravidla pravidla pravidla pravidla pravidla pravidla pravidla pravidla pravidla pravidla pravidla pravidla pravidla pravidla pravidla pravidla pravidla pravidla pravidla pravidla pravidla pravidla pravidla pravidla pravidla pravidla pravidla pravidla pravidla pravidla pravidla pravidla pravidla pravidla pravidla pravidla pravidla pravidla pravidla pravidla pravidla pravidla pravidla pravidla pravidla pravidla pravidla pravidla pravidla pravidla
MTX201501307_anon,3,1,Doba výzkumu:,pravidla pravidla pravidla pravidla pravidla pravidla pravidla pravidla pravidla pravidla pravidla pravidla pravidla pravidla pravidla pravidla pravidla pravidla pravidla pravidla pravidla pravidla pravidla pravidla pravidla pravidla pravidla pravidla pravidla pravidla pravidla pravidla pravidla pravidla pravidla pravidla pravidla pravidla pravidla pravidla pravidla pravidla pravidla pravidla pravidla pravidla pravidla pravidla pravidla pravidla pravidla pravidla pravidla pravidla pravidla pravidla pravidla pravidla pravidla pravidla pravidla pravidla pravidla pravidla pravidla pravidla pravidla pravidla pravidla pravidla pravidla pravidla pravidla pravidla pravidla pravidla pravidla pravidla pravidla pravidla pravidla pravidla pravidla pravidla pravidla pravidla pravidla pravidla pravidla pravidla pravidla pravidla pravidla pravidla pravidla pravidla pravidla pravidla pravidla pravidla pravidla pravidla pravidla pravidla pravidla pravidla pravidla pravidla pravidla pravidla pravidla pravidla pravidla pravidla pravidla pravidla pravidla pravidla pravidla pravidla pravidla pravidla pravidla pravidla pravidla pravidla pravidla pravidla pravidla pravidla pravidla pravidla pravidla pravidla
MTX201501307_anon,3,1,2013,pravidla pravidla pravidla pravidla pravidla pravidla pravidla pravidla pravidla pravidla pravidla pravidla pravidla pravidla pravidla pravidla pravidla pravidla pravidla pravidla pravidla pravidla pravidla pravidla pravidla pravidla pravidla pravidla pravidla pravidla pravidla pravidla pravidla pravidla pravidla pravidla pravidla pravidla pravidla pravidla pravidla pravidla pravidla pravidla pravidla pravidla pravidla pravidla pravidla pravidla pravidla pravidla pravidla pravidla pravidla pravidla pravidla pravidla pravidla pravidla pravidla pravidla pravidla pravidla pravidla pravidla pravidla pravidla pravidla pravidla pravidla pravidla pravidla pravidla pravidla pravidla pravidla pravidla pravidla pravidla pravidla pravidla pravidla pravidla pravidla pravidla pravidla pravidla pravidla pravidla pravidla pravidla pravidla pravidla pravidla pravidla pravidla pravidla pravidla pravidla pravidla pravidla pravidla pravidla
MTX201501307_anon,3,1,Přírůstkové číslo výzkumu:,pravidla pravidla pravidla pravidla pravidla pravidla pravidla pravidla pravidla pravidla pravidla pravidla pravidla pravidla pravidla pravidla pravidla pravidla pravidla pravidla pravidla pravidla pravidla pravidla pravidla pravidla pravidla pravidla pravidla pravidla pravidla pravidla pravidla pravidla pravidla pravidla pravidla pravidla pravidla pravidla pravidla pravidla pravidla pravidla pravidla pravidla pravidla pravidla pravidla pravidla pravidla pravidla pravidla pravidla pravidla pravidla pravidla pravidla pravidla pravidla pravidla pravidla pravidla pravidla pravidla pravidla pravidla pravidla pravidla pravidla pravidla pravidla pravidla pravidla pravidla pravidla pravidla pravidla pravidla pravidla pravidla pravidla pravidla pravidla pravidla pravidla pravidla pravidla pravidla pravidla pravidla pravidla pravidla pravidla pravidla pravidla pravidla pravidla pravidla pravidla pravidla pravidla pravidla pravidla pravidla pravidla pravidla pravidla pravidla pravidla pravidla pravidla pravidla pravidla pravidla pravidla pravidla pravidla pravidla pravidla pravidla pravidla pravidla pravidla pravidla pravidla pravidla pravidla pravidla pravidla pravidla pravidla pravidla pravidla
MTX201501307_anon,3,1,MVJ 21/2013,pravidla pravidla pravidla pravidla pravidla pravidla pravidla pravidla pravidla pravidla pravidla pravidla pravidla pravidla pravidla pravidla pravidla pravidla pravidla pravidla pravidla pravidla pravidla pravidla pravidla pravidla pravidla pravidla pravidla pravidla pravidla pravidla pravidla pravidla pravidla pravidla pravidla pravidla pravidla pravidla pravidla pravidla pravidla pravidla pravidla pravidla pravidla pravidla pravidla pravidla pravidla pravidla pravidla pravidla pravidla pravidla pravidla pravidla pravidla pravidla pravidla pravidla pravidla pravidla pravidla pravidla pravidla pravidla pravidla pravidla pravidla pravidla pravidla pravidla pravidla pravidla pravidla pravidla pravidla pravidla pravidla pravidla pravidla pravidla pravidla pravidla pravidla pravidla pravidla pravidla pravidla pravidla pravidla pravidla pravidla pravidla pravidla pravidla pravidla pravidla pravidla pravidla pravidla pravidla pravidla pravidla pravidla
MTX201501307_anon,3,1,Inventární čísla:,pravidla pravidla pravidla pravidla pravidla pravidla pravidla pravidla pravidla pravidla pravidla pravidla pravidla pravidla pravidla pravidla pravidla pravidla pravidla pravidla pravidla pravidla pravidla pravidla pravidla pravidla pravidla pravidla pravidla pravidla pravidla pravidla pravidla pravidla pravidla pravidla pravidla pravidla pravidla pravidla pravidla pravidla pravidla pravidla pravidla pravidla pravidla pravidla pravidla pravidla pravidla pravidla pravidla pravidla pravidla pravidla pravidla pravidla pravidla pravidla pravidla pravidla pravidla pravidla pravidla pravidla pravidla pravidla pravidla pravidla pravidla pravidla pravidla pravidla pravidla pravidla pravidla pravidla pravidla pravidla pravidla pravidla pravidla pravidla pravidla pravidla pravidla pravidla pravidla pravidla pravidla pravidla pravidla pravidla pravidla pravidla pravidla pravidla pravidla pravidla pravidla pravidla pravidla pravidla pravidla pravidla pravidla pravidla pravidla pravidla pravidla pravidla pravidla pravidla pravidla pravidla pravidla pravidla pravidla pravidla pravidla pravidla pravidla pravidla pravidla pravidla pravidla pravidla pravidla pravidla pravidla pravidla pravidla pravidla
MTX201501307_anon,3,1,JiA21/13/1 - JiA21/13/99,pravidla pravidla pravidla pravidla pravidla pravidla pravidla pravidla pravidla pravidla pravidla pravidla pravidla pravidla pravidla pravidla pravidla pravidla pravidla pravidla pravidla pravidla pravidla pravidla pravidla pravidla pravidla pravidla pravidla pravidla pravidla pravidla pravidla pravidla pravidla pravidla pravidla pravidla pravidla pravidla pravidla pravidla pravidla pravidla pravidla pravidla pravidla pravidla pravidla pravidla pravidla pravidla pravidla pravidla pravidla pravidla pravidla pravidla pravidla pravidla pravidla pravidla pravidla pravidla pravidla pravidla pravidla pravidla pravidla pravidla pravidla pravidla pravidla pravidla pravidla pravidla pravidla pravidla pravidla pravidla pravidla pravidla pravidla pravidla pravidla pravidla pravidla pravidla pravidla pravidla pravidla pravidla pravidla pravidla pravidla pravidla pravidla pravidla pravidla pravidla pravidla pravidla pravidla pravidla pravidla pravidla pravidla pravidla pravidla pravidla pravidla pravidla pravidla pravidla pravidla pravidla
MTX201501307_anon,3,1,Uložení nálezů:,pravidla pravidla pravidla pravidla pravidla pravidla pravidla pravidla pravidla pravidla pravidla pravidla pravidla pravidla pravidla pravidla pravidla pravidla pravidla pravidla pravidla pravidla pravidla pravidla pravidla pravidla pravidla pravidla pravidla pravidla pravidla pravidla pravidla pravidla pravidla pravidla pravidla pravidla pravidla pravidla pravidla pravidla pravidla pravidla pravidla pravidla pravidla pravidla pravidla pravidla pravidla pravidla pravidla pravidla pravidla pravidla pravidla pravidla pravidla pravidla pravidla pravidla pravidla pravidla pravidla pravidla pravidla pravidla pravidla pravidla pravidla pravidla pravidla pravidla pravidla pravidla pravidla pravidla pravidla pravidla pravidla pravidla pravidla pravidla pravidla pravidla pravidla pravidla pravidla pravidla pravidla pravidla pravidla pravidla pravidla pravidla pravidla pravidla pravidla pravidla pravidla pravidla pravidla pravidla pravidla pravidla pravidla pravidla pravidla pravidla pravidla pravidla pravidla pravidla pravidla pravidla pravidla pravidla pravidla pravidla pravidla pravidla pravidla pravidla pravidla pravidla pravidla pravidla pravidla pravidla pravidla pravidla pravidla pravidla
MTX201501307_anon,3,1,"Muzeum Vysočiny Olšany, p. o.",pravidla pravidla pravidla pravidla pravidla pravidla pravidla pravidla pravidla pravidla pravidla pravidla pravidla pravidla pravidla pravidla pravidla pravidla pravidla pravidla pravidla pravidla pravidla pravidla pravidla pravidla pravidla pravidla pravidla pravidla pravidla pravidla pravidla pravidla pravidla pravidla pravidla pravidla pravidla pravidla pravidla pravidla pravidla pravidla pravidla pravidla pravidla pravidla pravidla pravidla pravidla pravidla pravidla pravidla pravidla pravidla pravidla pravidla pravidla pravidla pravidla pravidla pravidla pravidla pravidla pravidla pravidla pravidla pravidla pravidla pravidla pravidla pravidla pravidla pravidla pravidla pravidla pravidla pravidla pravidla pravidla pravidla pravidla pravidla pravidla pravidla pravidla pravidla pravidla pravidla pravidla pravidla pravidla pravidla pravidla pravidla pravidla pravidla pravidla pravidla pravidla pravidla pravidla pravidla pravidla pravidla pravidla pravidla pravidla pravidla pravidla pravidla pravidla pravidla pravidla pravidla pravidla pravidla pravidla pravidla pravidla pravidla pravidla pravidla pravidla pravidla pravidla pravidla pravidla pravidla pravidla pravidla pravidla pravidla
MTX201501307_anon,3,1,Uložení zprávy:,pravidla pravidla pravidla pravidla pravidla pravidla pravidla pravidla pravidla pravidla pravidla pravidla pravidla pravidla pravidla pravidla pravidla pravidla pravidla pravidla pravidla pravidla pravidla pravidla pravidla pravidla pravidla pravidla pravidla pravidla pravidla pravidla pravidla pravidla pravidla pravidla pravidla pravidla pravidla pravidla pravidla pravidla pravidla pravidla pravidla pravidla pravidla pravidla pravidla pravidla pravidla pravidla pravidla pravidla pravidla pravidla pravidla pravidla pravidla pravidla pravidla pravidla pravidla pravidla pravidla pravidla pravidla pravidla pravidla pravidla pravidla pravidla pravidla pravidla pravidla pravidla pravidla pravidla pravidla pravidla pravidla pravidla pravidla pravidla pravidla pravidla pravidla pravidla pravidla pravidla pravidla pravidla pravidla pravidla pravidla pravidla pravidla pravidla pravidla pravidla pravidla pravidla pravidla pravidla pravidla pravidla pravidla pravidla pravidla pravidla pravidla pravidla pravidla pravidla pravidla pravidla pravidla pravidla pravidla pravidla pravidla pravidla pravidla pravidla pravidla pravidla pravidla pravidla pravidla pravidla pravidla pravidla pravidla pravidla
MTX201501307_anon,3,1,"ARÚ AV ČR Hradec, Pueblo-archeologická společnost,",pravidla pravidla
MTX201501307_anon,3,2,"o.p. s., autor, investor, Muzeum Vysočiny Olšany, p. o.",pravidla pravidla pravidla pravidla pravidla pravidla pravidla pravidla pravidla pravidla pravidla pravidla pravidla pravidla pravidla pravidla pravidla pravidla pravidla pravidla pravidla pravidla pravidla pravidla pravidla pravidla pravidla pravidla pravidla pravidla pravidla pravidla pravidla pravidla pravidla pravidla pravidla pravidla pravidla pravidla pravidla pravidla pravidla pravidla pravidla pravidla pravidla pravidla pravidla pravidla pravidla pravidla pravidla pravidla pravidla pravidla pravidla pravidla pravidla pravidla pravidla pravidla pravidla pravidla pravidla pravidla pravidla pravidla pravidla pravidla pravidla pravidla pravidla pravidla pravidla pravidla pravidla pravidla pravidla pravidla pravidla pravidla pravidla pravidla pravidla pravidla pravidla pravidla pravidla pravidla pravidla pravidla pravidla pravidla pravidla pravidla pravidla pravidla pravidla pravidla pravidla pravidla pravidla pravidla pravidla pravidla pravidla pravidla pravidla pravidla pravidla pravidla pravidla pravidla pravidla pravidla pravidla pravidla pravidla pravidla pravidla pravidla pravidla pravidla pravidla pravidla pravidla pravidla pravidla pravidla pravidla pravidla pravidla pravidla pravidla pravidla pravidla pravidla pravidla pravidla pravidla pravidla pravidla pravidla pravidla pravidla pravidla pravidla pravidla pravidla pravidla pravidla pravidla pravidla pravidla pravidla pravidla pravidla pravidla pravidla pravidla pravidla pravidla pravidla pravidla pravidla pravidla pravidla pravidla pravidla pravidla pravidla pravidla pravidla pravidla pravidla pravidla pravidla pravidla pravidla pravidla pravidla pravidla pravidla pravidla pravidla pravidla pravidla pravidla pravidla pravidla pravidla pravidla pravidla pravidla pravidla pravidla pravidla pravidla pravidla pravidla pravidla pravidla pravidla pravidla pravidla pravidla pravidla pravidla pravidla pravidla pravidla pravidla pravidla pravidla pravidla pravidla pravidla pravidla pravidla pravidla pravidla pravidla pravidla pravidla pravidla pravidla pravidla pravidla pravidla pravidla pravidla pravidla pravidla pravidla pravidla pravidla pravidla pravidla pravidla pravidla pravidla pravidla pravidla pravidla pravidla pravidla pravidla pravidla pravidla pravidla pravidla pravidla pravidla pravidla pravidla pravidla pravidla pravidla pravidla pravidla pravidla pravidla pravidla pravidla pravidla
MTX201501307_anon,4,1,4,pravidla pravidla pravidla pravidla pravidla pravidla pravidla pravidla pravidla pravidla pravidla pravidla pravidla pravidla pravidla pravidla pravidla pravidla pravidla pravidla pravidla pravidla pravidla pravidla pravidla pravidla pravidla pravidla pravidla pravidla pravidla pravidla pravidla pravidla pravidla pravidla pravidla pravidla pravidla pravidla pravidla pravidla pravidla pravidla pravidla pravidla pravidla pravidla pravidla pravidla pravidla pravidla pravidla pravidla pravidla pravidla pravidla pravidla pravidla pravidla pravidla pravidla pravidla pravidla pravidla pravidla pravidla pravidla pravidla pravidla pravidla pravidla pravidla pravidla pravidla pravidla pravidla pravidla pravidla pravidla pravidla pravidla pravidla pravidla pravidla pravidla pravidla pravidla pravidla pravidla pravidla pravidla pravidla pravidla pravidla pravidla pravidla pravidla pravidla pravidla pravidla pravidla
MTX201501307_anon,4,1,Obsah,pravidla pravidla pravidla pravidla pravidla pravidla pravidla pravidla pravidla pravidla pravidla pravidla pravidla pravidla pravidla pravidla pravidla pravidla pravidla pravidla pravidla pravidla pravidla pravidla pravidla pravidla pravidla pravidla pravidla pravidla pravidla pravidla pravidla pravidla pravidla pravidla pravidla pravidla pravidla pravidla pravidla pravidla pravidla pravidla pravidla pravidla pravidla pravidla pravidla pravidla pravidla pravidla pravidla pravidla pravidla pravidla pravidla pravidla pravidla pravidla pravidla pravidla pravidla pravidla pravidla pravidla pravidla pravidla pravidla pravidla pravidla pravidla pravidla pravidla pravidla pravidla pravidla pravidla pravidla pravidla pravidla pravidla pravidla pravidla pravidla pravidla pravidla pravidla pravidla pravidla pravidla pravidla pravidla pravidla pravidla pravidla pravidla pravidla pravidla pravidla pravidla pravidla pravidla pravidla pravidla pravidla pravidla pravidla pravidla pravidla pravidla pravidla pravidla pravidla pravidla pravidla pravidla pravidla pravidla pravidla pravidla pravidla pravidla pravidla pravidla pravidla pravidla pravidla pravidla pravidla pravidla pravidla pravidla pravidla pravidla pravidla pravidla pravidla pravidla pravidla pravidla pravidla pravidla pravidla pravidla pravidla pravidla pravidla pravidla pravidla pravidla pravidla pravidla pravidla pravidla pravidla pravidla pravidla pravidla pravidla pravidla pravidla pravidla pravidla pravidla pravidla
MTX201501307_anon,4,1,1. Úvod 5,pravidla pravidla
MTX201501307_anon,4,2,2. Lokalizace výzkumu 5,pravidla pravidla
MTX201501307_anon,4,3,3. Přírodní podmínky na lokalitě 5,pravidla pravidla pravidla
MTX201501307_anon,4,4,Geomorfologie 5,pravidla pravidla
MTX201501307_anon,4,5,Geologie a pedologie 5,pravidla pravidla
MTX201501307_anon,4,6,Hydrologie 6,pravidla pravidla
MTX201501307_anon,4,7,Klima 6,pravidla pravidla
MTX201501307_anon,4,8,4. Historie archeologických výzkumů v k. ú. obce Vraní 7,pravidla pravidla pravidla pravidla pravidla
MTX201501307_anon,4,9,5. Stručná historie obce Vraní 8,pravidla pravidla pravidla pravidla
MTX201501307_anon,4,10,6. Cíle a metoda výzkumu 9,pravidla pravidla pravidla
MTX201501307_anon,4,11,Metodika výzkumu 9,pravidla pravidla
MTX201501307_anon,4,12,Měřičská dokumentace 10,pravidla pravidla
MTX201501307_anon,4,13,7. Popis terénní situace 10,pravidla pravidla
MTX201501307_anon,4,14,Zhodnocení výsledků výzkumu 15,pravidla pravidla
MTX201501307_anon,4,15,8. Závěr 17,pravidla pravidla
MTX201501307_anon,4,16,9. Literatura a prameny 18,pravidla pravidla
MTX201501307_anon,4,17,10. Přílohy 20,pravidla pravidla
MTX201501307_anon,4,18,Plánová dokumentace 20,pravidla pravidla
MTX201501307_anon,4,19,Obrazová příloha 21,pravidla pravidla
MTX201501307_anon,4,20,Kresebná příloha artefaktů 37,pravidla pravidla
MTX201501307_anon,4,21,Kresebná dokumentace archeologických situací 38,pravidla pravidla
MTX201501307_anon,4,22,"Seznam: vrstev, objektů, konstrukcí, výkresů, nálezů 39",pravidla pravidla
MTX201501307_anon,4,23,Seznam geodetických bodů 40,pravidla pravidla pravidla pravidla pravidla pravidla pravidla pravidla pravidla pravidla pravidla pravidla pravidla pravidla pravidla pravidla pravidla pravidla pravidla pravidla pravidla pravidla pravidla pravidla pravidla pravidla pravidla pravidla pravidla pravidla pravidla pravidla pravidla pravidla pravidla pravidla pravidla pravidla pravidla pravidla pravidla pravidla pravidla pravidla pravidla pravidla pravidla pravidla pravidla pravidla pravidla pravidla pravidla pravidla pravidla pravidla pravidla pravidla pravidla pravidla pravidla pravidla pravidla pravidla pravidla pravidla pravidla pravidla pravidla pravidla pravidla pravidla pravidla pravidla pravidla pravidla pravidla pravidla pravidla pravidla pravidla pravidla pravidla pravidla pravidla pravidla pravidla pravidla pravidla pravidla pravidla pravidla pravidla pravidla pravidla pravidla pravidla pravidla pravidla pravidla pravidla pravidla pravidla pravidla pravidla pravidla pravidla pravidla pravidla pravidla pravidla pravidla pravidla pravidla pravidla pravidla pravidla pravidla pravidla pravidla pravidla pravidla pravidla pravidla pravidla pravidla pravidla pravidla pravidla pravidla pravidla pravidla pravidla pravidla pravidla pravidla pravidla pravidla pravidla pravidla pravidla pravidla pravidla pravidla pravidla pravidla pravidla pravidla pravidla pravidla pravidla pravidla pravidla pravidla pravidla pravidla pravidla pravidla pravidla pravidla pravidla pravidla pravidla pravidla pravidla pravidla pravidla pravidla pravidla pravidla pravidla pravidla pravidla pravidla pravidla pravidla pravidla pravidla pravidla pravidla pravidla pravidla pravidla pravidla pravidla pravidla pravidla pravidla pravidla pravidla pravidla pravidla pravidla pravidla pravidla pravidla pravidla pravidla pravidla pravidla pravidla pravidla pravidla pravidla pravidla pravidla pravidla pravidla pravidla pravidla pravidla pravidla pravidla pravidla pravidla pravidla pravidla pravidla pravidla pravidla pravidla pravidla pravidla pravidla pravidla pravidla pravidla pravidla pravidla pravidla pravidla pravidla pravidla pravidla pravidla pravidla pravidla pravidla pravidla pravidla pravidla pravidla pravidla pravidla pravidla pravidla pravidla pravidla pravidla pravidla pravidla pravidla pravidla pravidla pravidla pravidla pravidla pravidla pravidla pravidla pravidla pravidla pravidla pravidla pravidla pravidla pravidla pravidla pravidla pravidla pravidla pravidla pravidla pravidla pravidla pravidla pravidla pravidla pravidla pravidla pravidla pravidla pravidla pravidla pravidla pravidla pravidla pravidla pravidla pravidla pravidla pravidla pravidla pravidla pravidla pravidla pravidla pravidla pravidla pravidla pravidla pravidla pravidla pravidla pravidla pravidla pravidla pravidla pravidla pravidla pravidla pravidla pravidla pravidla pravidla pravidla pravidla pravidla pravidla pravidla pravidla pravidla pravidla pravidla pravidla pravidla pravidla pravidla pravidla pravidla pravidla pravidla pravidla pravidla pravidla pravidla pravidla pravidla pravidla pravidla pravidla pravidla pravidla pravidla pravidla pravidla pravidla pravidla pravidla pravidla pravidla pravidla pravidla pravidla pravidla pravidla pravidla pravidla pravidla pravidla pravidla pravidla pravidla pravidla pravidla pravidla pravidla pravidla pravidla pravidla pravidla pravidla pravidla pravidla pravidla pravidla pravidla pravidla pravidla pravidla pravidla pravidla pravidla pravidla pravidla pravidla pravidla pravidla pravidla pravidla pravidla pravidla pravidla pravidla pravidla pravidla pravidla pravidla pravidla pravidla pravidla pravidla pravidla pravidla pravidla pravidla pravidla pravidla pravidla pravidla pravidla pravidla pravidla pravidla pravidla pravidla pravidla pravidla pravidla pravidla pravidla pravidla pravidla pravidla pravidla pravidla pravidla pravidla pravidla pravidla pravidla pravidla pravidla pravidla pravidla pravidla pravidla pravidla pravidla pravidla pravidla pravidla pravidla pravidla pravidla pravidla pravidla pravidla pravidla pravidla pravidla pravidla pravidla pravidla pravidla pravidla pravidla pravidla pravidla pravidla pravidla pravidla pravidla pravidla pravidla pravidla pravidla pravidla pravidla pravidla pravidla pravidla pravidla pravidla pravidla pravidla pravidla pravidla pravidla pravidla pravidla pravidla pravidla pravidla pravidla pravidla pravidla pravidla pravidla pravidla pravidla pravidla pravidla pravidla pravidla pravidla pravidla pravidla pravidla pravidla pravidla pravidla pravidla pravidla pravidla pravidla pravidla pravidla pravidla pravidla pravidla pravidla pravidla pravidla pravidla pravidla pravidla pravidla pravidla pravidla pravidla pravidla pravidla pravidla pravidla pravidla pravidla pravidla pravidla pravidla pravidla pravidla pravidla pravidla pravidla pravidla pravidla pravidla pravidla pravidla pravidla pravidla pravidla pravidla pravidla pravidla pravidla pravidla pravidla pravidla pravidla pravidla pravidla pravidla pravidla pravidla pravidla pravidla pravidla pravidla pravidla pravidla pravidla pravidla pravidla pravidla pravidla pravidla pravidla pravidla pravidla pravidla pravidla pravidla pravidla pravidla pravidla pravidla pravidla pravidla pravidla pravidla pravidla pravidla pravidla pravidla pravidla pravidla pravidla pravidla pravidla pravidla pravidla pravidla pravidla pravidla pravidla pravidla pravidla pravidla pravidla pravidla pravidla pravidla pravidla pravidla pravidla pravidla pravidla pravidla pravidla pravidla pravidla pravidla pravidla pravidla pravidla pravidla pravidla pravidla pravidla pravidla pravidla pravidla pravidla pravidla pravidla pravidla pravidla pravidla pravidla pravidla pravidla pravidla pravidla pravidla pravidla pravidla pravidla pravidla pravidla pravidla pravidla pravidla pravidla pravidla pravidla pravidla pravidla pravidla pravidla pravidla pravidla pravidla pravidla pravidla pravidla pravidla pravidla pravidla pravidla pravidla pravidla pravidla pravidla pravidla pravidla pravidla pravidla pravidla pravidla pravidla pravidla pravidla pravidla pravidla pravidla pravidla pravidla pravidla pravidla pravidla pravidla pravidla pravidla pravidla pravidla pravidla pravidla pravidla pravidla pravidla pravidla pravidla pravidla pravidla pravidla pravidla pravidla pravidla pravidla pravidla pravidla pravidla pravidla pravidla pravidla pravidla pravidla pravidla pravidla pravidla pravidla pravidla pravidla pravidla pravidla pravidla pravidla pravidla pravidla pravidla pravidla pravidla pravidla pravidla pravidla pravidla pravidla pravidla pravidla pravidla pravidla pravidla pravidla pravidla pravidla pravidla pravidla pravidla pravidla pravidla pravidla pravidla pravidla pravidla pravidla pravidla pravidla pravidla pravidla pravidla pravidla pravidla pravidla pravidla pravidla pravidla pravidla pravidla pravidla pravidla pravidla pravidla pravidla pravidla pravidla pravidla pravidla pravidla pravidla pravidla pravidla pravidla pravidla pravidla pravidla pravidla pravidla pravidla pravidla pravidla pravidla pravidla pravidla pravidla pravidla pravidla pravidla pravidla pravidla pravidla pravidla pravidla pravidla pravidla pravidla pravidla pravidla pravidla pravidla pravidla pravidla pravidla pravidla pravidla pravidla pravidla pravidla pravidla pravidla pravidla pravidla pravidla pravidla pravidla pravidla pravidla pravidla pravidla pravidla pravidla pravidla pravidla pravidla pravidla pravidla pravidla pravidla pravidla pravidla pravidla pravidla pravidla pravidla pravidla pravidla pravidla pravidla pravidla pravidla pravidla pravidla pravidla pravidla pravidla pravidla pravidla pravidla pravidla pravidla pravidla pravidla pravidla pravidla pravidla pravidla pravidla pravidla pravidla pravidla pravidla pravidla pravidla pravidla pravidla pravidla pravidla pravidla pravidla pravidla pravidla pravidla pravidla pravidla pravidla pravidla pravidla pravidla pravidla pravidla pravidla pravidla pravidla pravidla pravidla pravidla pravidla pravidla pravidla pravidla pravidla pravidla pravidla pravidla pravidla pravidla pravidla pravidla pravidla pravidla pravidla pravidla pravidla pravidla pravidla pravidla pravidla pravidla pravidla pravidla pravidla pravidla pravidla pravidla pravidla pravidla pravidla pravidla pravidla pravidla pravidla pravidla pravidla pravidla pravidla pravidla pravidla pravidla pravidla pravidla pravidla pravidla pravidla pravidla pravidla pravidla pravidla pravidla pravidla pravidla pravidla pravidla pravidla pravidla pravidla pravidla pravidla pravidla pravidla pravidla pravidla pravidla pravidla pravidla pravidla pravidla pravidla pravidla pravidla pravidla pravidla pravidla pravidla pravidla pravidla pravidla pravidla pravidla pravidla pravidla pravidla pravidla pravidla pravidla pravidla pravidla pravidla pravidla pravidla pravidla pravidla pravidla pravidla pravidla pravidla pravidla pravidla pravidla pravidla pravidla pravidla pravidla pravidla pravidla pravidla pravidla pravidla pravidla pravidla pravidla pravidla pravidla pravidla pravidla pravidla pravidla pravidla pravidla pravidla pravidla pravidla pravidla pravidla pravidla pravidla pravidla pravidla pravidla pravidla pravidla pravidla pravidla pravidla pravidla pravidla pravidla pravidla pravidla pravidla pravidla pravidla pravidla pravidla pravidla pravidla pravidla pravidla pravidla pravidla pravidla pravidla pravidla pravidla pravidla pravidla pravidla pravidla pravidla pravidla pravidla pravidla pravidla pravidla pravidla pravidla pravidla pravidla pravidla pravidla pravidla pravidla pravidla pravidla pravidla pravidla pravidla pravidla pravidla pravidla pravidla pravidla pravidla pravidla pravidla pravidla pravidla pravidla pravidla pravidla pravidla pravidla pravidla pravidla pravidla pravidla pravidla pravidla pravidla pravidla pravidla pravidla pravidla pravidla pravidla pravidla pravidla pravidla pravidla pravidla pravidla pravidla pravidla pravidla pravidla pravidla pravidla pravidla pravidla pravidla pravidla pravidla pravidla pravidla pravidla pravidla pravidla pravidla pravidla pravidla pravidla pravidla pravidla pravidla pravidla pravidla pravidla pravidla pravidla pravidla pravidla pravidla pravidla pravidla pravidla pravidla pravidla pravidla pravidla pravidla pravidla pravidla pravidla pravidla pravidla pravidla pravidla pravidla pravidla pravidla pravidla pravidla pravidla pravidla pravidla pravidla pravidla pravidla pravidla pravidla pravidla pravidla pravidla pravidla pravidla pravidla pravidla pravidla pravidla pravidla pravidla pravidla pravidla pravidla pravidla pravidla pravidla pravidla pravidla pravidla pravidla pravidla pravidla pravidla pravidla pravidla pravidla pravidla pravidla pravidla pravidla pravidla pravidla pravidla pravidla pravidla pravidla pravidla pravidla pravidla pravidla pravidla pravidla pravidla pravidla pravidla pravidla pravidla pravidla pravidla pravidla pravidla pravidla pravidla pravidla pravidla pravidla pravidla pravidla pravidla pravidla pravidla pravidla pravidla pravidla pravidla pravidla pravidla pravidla pravidla pravidla pravidla pravidla pravidla pravidla pravidla pravidla pravidla pravidla pravidla pravidla pravidla pravidla pravidla pravidla pravidla pravidla pravidla pravidla pravidla pravidla pravidla pravidla pravidla pravidla pravidla pravidla pravidla pravidla pravidla pravidla pravidla pravidla pravidla pravidla pravidla pravidla pravidla pravidla pravidla pravidla pravidla pravidla pravidla pravidla pravidla pravidla pravidla pravidla pravidla pravidla pravidla pravidla pravidla pravidla pravidla pravidla pravidla pravidla pravidla pravidla pravidla pravidla pravidla pravidla pravidla pravidla pravidla pravidla pravidla pravidla pravidla pravidla pravidla pravidla pravidla pravidla pravidla pravidla pravidla pravidla pravidla pravidla pravidla pravidla pravidla pravidla pravidla pravidla pravidla pravidla pravidla pravidla pravidla pravidla pravidla pravidla pravidla pravidla pravidla pravidla pravidla pravidla pravidla pravidla pravidla pravidla pravidla pravidla pravidla pravidla pravidla pravidla pravidla pravidla pravidla pravidla pravidla pravidla pravidla pravidla pravidla pravidla pravidla pravidla pravidla pravidla pravidla pravidla pravidla pravidla pravidla pravidla pravidla pravidla pravidla pravidla pravidla pravidla pravidla pravidla pravidla pravidla pravidla pravidla pravidla pravidla pravidla pravidla pravidla pravidla pravidla pravidla pravidla pravidla pravidla pravidla pravidla pravidla pravidla pravidla pravidla pravidla pravidla pravidla pravidla pravidla pravidla pravidla pravidla pravidla pravidla pravidla pravidla pravidla pravidla pravidla pravidla pravidla pravidla pravidla pravidla pravidla pravidla pravidla pravidla pravidla pravidla pravidla pravidla pravidla pravidla pravidla pravidla pravidla pravidla pravidla pravidla pravidla pravidla pravidla pravidla pravidla pravidla pravidla pravidla pravidla pravidla pravidla pravidla pravidla pravidla pravidla pravidla pravidla pravidla pravidla pravidla pravidla pravidla pravidla pravidla pravidla pravidla pravidla pravidla pravidla pravidla pravidla pravidla pravidla pravidla pravidla pravidla pravidla pravidla pravidla pravidla pravidla pravidla pravidla pravidla pravidla pravidla pravidla pravidla pravidla pravidla pravidla pravidla pravidla pravidla pravidla pravidla pravidla pravidla pravidla pravidla pravidla pravidla pravidla pravidla pravidla pravidla pravidla pravidla pravidla pravidla pravidla pravidla pravidla pravidla pravidla pravidla pravidla pravidla pravidla pravidla pravidla pravidla pravidla pravidla pravidla pravidla pravidla pravidla pravidla pravidla pravidla pravidla pravidla pravidla pravidla pravidla pravidla pravidla pravidla pravidla pravidla pravidla pravidla pravidla pravidla pravidla pravidla pravidla pravidla pravidla pravidla pravidla pravidla pravidla pravidla pravidla pravidla pravidla pravidla pravidla pravidla pravidla pravidla pravidla pravidla pravidla pravidla pravidla pravidla pravidla pravidla pravidla pravidla pravidla pravidla pravidla pravidla pravidla pravidla pravidla pravidla pravidla pravidla pravidla pravidla pravidla pravidla pravidla pravidla pravidla pravidla pravidla pravidla pravidla pravidla pravidla pravidla pravidla pravidla pravidla pravidla pravidla pravidla pravidla pravidla pravidla pravidla pravidla pravidla pravidla pravidla pravidla pravidla pravidla pravidla pravidla pravidla pravidla pravidla pravidla pravidla pravidla pravidla pravidla pravidla pravidla pravidla pravidla pravidla pravidla pravidla pravidla pravidla pravidla pravidla pravidla pravidla pravidla pravidla pravidla pravidla pravidla pravidla pravidla pravidla pravidla pravidla pravidla pravidla pravidla pravidla pravidla pravidla pravidla pravidla pravidla pravidla pravidla pravidla pravidla pravidla pravidla pravidla pravidla pravidla pravidla pravidla pravidla pravidla pravidla pravidla pravidla pravidla pravidla pravidla pravidla pravidla pravidla pravidla pravidla pravidla pravidla pravidla pravidla pravidla pravidla pravidla pravidla pravidla pravidla pravidla pravidla pravidla pravidla pravidla pravidla pravidla pravidla pravidla pravidla pravidla pravidla pravidla pravidla pravidla pravidla pravidla pravidla pravidla pravidla pravidla pravidla pravidla pravidla pravidla pravidla pravidla pravidla pravidla pravidla pravidla pravidla pravidla pravidla pravidla pravidla pravidla pravidla pravidla pravidla pravidla pravidla pravidla pravidla pravidla pravidla pravidla pravidla pravidla pravidla pravidla pravidla pravidla pravidla pravidla pravidla pravidla pravidla pravidla pravidla pravidla pravidla pravidla pravidla pravidla pravidla pravidla pravidla pravidla pravidla pravidla pravidla pravidla pravidla pravidla pravidla pravidla pravidla pravidla pravidla pravidla pravidla pravidla pravidla pravidla pravidla pravidla pravidla pravidla pravidla pravidla pravidla pravidla pravidla pravidla pravidla pravidla
MTX201501307_anon,5,1,5,5
MTX201501307_anon,5,1,1. Úvod,pravidla pravidla pravidla pravidla pravidla pravidla pravidla pravidla pravidla pravidla pravidla pravidla pravidla pravidla pravidla pravidla pravidla pravidla pravidla pravidla pravidla pravidla pravidla pravidla pravidla pravidla pravidla pravidla pravidla pravidla pravidla pravidla pravidla pravidla pravidla pravidla pravidla pravidla pravidla pravidla pravidla pravidla pravidla pravidla pravidla pravidla pravidla pravidla pravidla pravidla pravidla pravidla pravidla pravidla pravidla pravidla pravidla pravidla pravidla pravidla pravidla pravidla pravidla pravidla pravidla pravidla pravidla pravidla pravidla pravidla pravidla pravidla pravidla pravidla pravidla pravidla pravidla pravidla pravidla pravidla pravidla pravidla pravidla pravidla pravidla pravidla pravidla pravidla pravidla pravidla pravidla pravidla pravidla pravidla pravidla pravidla pravidla pravidla pravidla pravidla pravidla pravidla pravidla pravidla pravidla pravidla pravidla pravidla pravidla pravidla pravidla pravidla pravidla pravidla pravidla pravidla pravidla pravidla pravidla pravidla pravidla pravidla pravidla pravidla pravidla pravidla pravidla pravidla pravidla pravidla pravidla pravidla pravidla pravidla pravidla pravidla pravidla pravidla pravidla pravidla pravidla pravidla pravidla pravidla pravidla pravidla pravidla pravidla pravidla pravidla pravidla pravidla pravidla pravidla pravidla pravidla pravidla pravidla pravidla pravidla pravidla pravidla pravidla pravidla pravidla pravidla pravidla pravidla pravidla pravidla pravidla pravidla pravidla pravidla pravidla pravidla pravidla pravidla pravidla pravidla pravidla pravidla pravidla pravidla pravidla pravidla pravidla pravidla pravidla pravidla pravidla pravidla pravidla pravidla pravidla pravidla pravidla pravidla pravidla pravidla pravidla pravidla pravidla pravidla pravidla pravidla pravidla pravidla pravidla pravidla pravidla pravidla pravidla pravidla pravidla pravidla pravidla pravidla pravidla pravidla pravidla pravidla pravidla pravidla pravidla pravidla pravidla pravidla pravidla pravidla pravidla pravidla pravidla pravidla pravidla pravidla pravidla pravidla pravidla pravidla pravidla pravidla pravidla pravidla pravidla pravidla pravidla pravidla pravidla pravidla pravidla pravidla pravidla pravidla pravidla pravidla pravidla pravidla pravidla pravidla pravidla pravidla pravidla pravidla pravidla pravidla pravidla pravidla pravidla pravidla pravidla pravidla pravidla pravidla pravidla pravidla pravidla pravidla pravidla pravidla pravidla pravidla pravidla pravidla pravidla pravidla pravidla pravidla pravidla pravidla pravidla pravidla pravidla pravidla pravidla pravidla pravidla pravidla pravidla pravidla pravidla pravidla pravidla pravidla pravidla pravidla pravidla pravidla pravidla pravidla pravidla pravidla pravidla pravidla pravidla pravidla pravidla pravidla pravidla pravidla pravidla pravidla pravidla pravidla pravidla pravidla pravidla pravidla pravidla pravidla pravidla pravidla pravidla pravidla pravidla pravidla pravidla pravidla pravidla pravidla pravidla pravidla pravidla pravidla pravidla pravidla pravidla pravidla pravidla pravidla pravidla pravidla pravidla pravidla pravidla pravidla
MTX201501307_anon,5,1,Záchranný archeologický výzkum v k. ú. Vraní u Starého Sídla na Vysočině byl vyvolán,pravidla pravidla pravidla pravidla pravidla pravidla pravidla
MTX201501307_anon,5,2,záměrem investora - zbudováním čističky odpadních vod a kanalizace. Výzkum byl prováděn,pravidla pravidla pravidla pravidla pravidla pravidla pravidla pravidla
MTX201501307_anon,5,3,na stavbou ohrožených plochách v dubnu roku 2013 na základě dohody o provedení,pravidla pravidla pravidla pravidla
MTX201501307_anon,5,4,"záchranného archeologického výzkumu, uzavřené mezi oprávněnou organizací Pueblo -",pravidla pravidla pravidla pravidla
MTX201501307_anon,5,5,"archeologická společnost, o. p. s. a stavebníkem, Obcí Vraní.",pravidla pravidla pravidla pravidla
MTX201501307_anon,5,6,2. Lokalizace výzkumu,pravidla pravidla
MTX201501307_anon,5,7,"Obec Vraní leží v kraji Vysočina, cca 3,5 km severovýchodně od Starého Sídla na",pravidla pravidla pravidla pravidla pravidla pravidla pravidla pravidla pravidla
MTX201501307_anon,5,8,"Vysočině, které je obcí s rozšířenou působností. Zájmová území se nachází v intravilánu obce.",pravidla pravidla pravidla pravidla pravidla pravidla pravidla
MTX201501307_anon,5,9,(Příloha: Plány č. 1 - 3).,pravidla pravidla pravidla pravidla
MTX201501307_anon,5,10,3. Přírodní podmínky na lokalitě,pravidla pravidla
MTX201501307_anon,5,11,Geomorfologie,pravidla
MTX201501307_anon,5,12,"Vraní leží v oblasti Starosídelní pahorkatiny, která je částí Lipovské vrchoviny.",pravidla pravidla pravidla pravidla pravidla pravidla pravidla
MTX201501307_anon,5,13,Charakteristický plochý povrch vrchoviny je zapříčiněn odolností zdejších hornin. Nejvyšším,pravidla pravidla pravidla pravidla pravidla pravidla
MTX201501307_anon,5,14,"bodem je vrchol Strážný kopec (741 m n. m.). Krajinu tvoří pole, louky a smrkové porosty",pravidla pravidla pravidla pravidla pravidla pravidla pravidla pravidla pravidla
MTX201501307_anon,5,15,"s borovicí (Záruba 1987,111, 378).",pravidla pravidla pravidla
MTX201501307_anon,5,16,Geologie a pedologie,pravidla pravidla
MTX201501307_anon,5,17,"Zkoumaná oblast náleží základní geologické jednotce ČR, Českému masivu.",pravidla pravidla pravidla pravidla pravidla pravidla
MTX201501307_anon,5,18,Podrobněji se jedná o oblasti Svrateckého krystalinika a Moldanubika. Intravilán obce se,pravidla pravidla pravidla pravidla pravidla
MTX201501307_anon,5,19,rozkládá na podloží tvořeném metamorfity (migmatit - ortorula) paleozoického 1,pravidla pravidla pravidla pravidla pravidla
MTX201501307_anon,5,20,(prvohorního) - proterozoického 2 (starohorního) stáří (mapy.geology.cz) .,pravidla pravidla pravidla
MTX201501307_anon,5,21,"Nadložní partie jsou tvořeny kambizeměmi (hnědými půdami), a to většinou",pravidla pravidla pravidla pravidla
MTX201501307_anon,5,22,"oglejenými (mapy.geology.cz). Jedná se o vývojově mladé půdy, které vznikají vnitropůdním",pravidla pravidla pravidla pravidla
MTX201501307_anon,5,23,zvětráváním a běžně se vyskytují ve výškách 450 - 800 m n. m. V méně členitých terénech,pravidla pravidla pravidla pravidla pravidla pravidla pravidla pravidla pravidla pravidla pravidla pravidla pravidla pravidla pravidla pravidla pravidla pravidla pravidla pravidla pravidla pravidla pravidla pravidla pravidla pravidla pravidla pravidla pravidla pravidla pravidla pravidla pravidla pravidla pravidla pravidla pravidla pravidla pravidla pravidla pravidla pravidla pravidla pravidla pravidla pravidla pravidla pravidla pravidla pravidla pravidla pravidla pravidla pravidla pravidla pravidla pravidla pravidla pravidla pravidla pravidla pravidla pravidla pravidla pravidla pravidla pravidla pravidla pravidla pravidla pravidla pravidla pravidla pravidla pravidla pravidla pravidla pravidla pravidla pravidla pravidla pravidla pravidla pravidla pravidla pravidla pravidla pravidla pravidla pravidla pravidla pravidla pravidla pravidla pravidla pravidla pravidla pravidla pravidla pravidla pravidla pravidla pravidla pravidla pravidla pravidla pravidla pravidla pravidla pravidla pravidla pravidla pravidla pravidla pravidla pravidla pravidla pravidla pravidla pravidla pravidla pravidla pravidla pravidla pravidla pravidla pravidla pravidla pravidla pravidla pravidla pravidla pravidla pravidla pravidla pravidla pravidla pravidla pravidla pravidla pravidla pravidla pravidla pravidla pravidla pravidla pravidla pravidla pravidla pravidla pravidla pravidla pravidla pravidla pravidla pravidla pravidla pravidla pravidla pravidla pravidla pravidla pravidla pravidla pravidla pravidla pravidla pravidla pravidla pravidla pravidla pravidla pravidla pravidla pravidla pravidla pravidla pravidla pravidla pravidla pravidla pravidla pravidla pravidla pravidla pravidla pravidla pravidla pravidla pravidla pravidla pravidla pravidla pravidla pravidla pravidla pravidla pravidla pravidla pravidla pravidla pravidla pravidla pravidla pravidla pravidla pravidla pravidla pravidla pravidla pravidla pravidla pravidla pravidla pravidla pravidla pravidla pravidla pravidla pravidla pravidla pravidla pravidla pravidla pravidla pravidla pravidla pravidla pravidla pravidla pravidla pravidla pravidla pravidla pravidla pravidla pravidla pravidla pravidla pravidla pravidla pravidla pravidla pravidla pravidla pravidla pravidla pravidla pravidla pravidla pravidla pravidla pravidla pravidla pravidla pravidla pravidla pravidla pravidla pravidla pravidla pravidla pravidla pravidla pravidla pravidla pravidla pravidla pravidla pravidla pravidla pravidla pravidla pravidla pravidla pravidla pravidla pravidla pravidla pravidla pravidla pravidla pravidla pravidla pravidla pravidla pravidla pravidla pravidla pravidla pravidla pravidla pravidla pravidla pravidla pravidla pravidla pravidla pravidla pravidla pravidla pravidla pravidla pravidla pravidla pravidla pravidla pravidla pravidla pravidla pravidla pravidla pravidla pravidla pravidla pravidla pravidla pravidla pravidla pravidla pravidla pravidla pravidla pravidla pravidla pravidla pravidla pravidla pravidla pravidla pravidla pravidla pravidla pravidla pravidla pravidla pravidla pravidla pravidla pravidla pravidla pravidla pravidla pravidla pravidla pravidla pravidla pravidla pravidla pravidla pravidla pravidla pravidla pravidla pravidla pravidla pravidla pravidla pravidla pravidla pravidla pravidla pravidla pravidla pravidla pravidla pravidla pravidla pravidla pravidla pravidla pravidla pravidla pravidla pravidla pravidla pravidla pravidla pravidla pravidla pravidla pravidla pravidla pravidla pravidla pravidla pravidla pravidla pravidla pravidla pravidla pravidla pravidla pravidla pravidla pravidla pravidla pravidla pravidla pravidla pravidla pravidla pravidla pravidla pravidla pravidla pravidla pravidla pravidla pravidla pravidla pravidla pravidla pravidla pravidla pravidla pravidla pravidla pravidla pravidla pravidla pravidla pravidla pravidla pravidla pravidla pravidla pravidla pravidla pravidla pravidla pravidla pravidla pravidla pravidla pravidla pravidla pravidla pravidla pravidla pravidla pravidla pravidla pravidla pravidla pravidla pravidla pravidla pravidla pravidla pravidla pravidla pravidla pravidla pravidla pravidla pravidla pravidla pravidla pravidla pravidla pravidla pravidla pravidla pravidla pravidla pravidla pravidla pravidla pravidla pravidla pravidla pravidla pravidla pravidla pravidla pravidla pravidla pravidla pravidla pravidla pravidla pravidla pravidla pravidla pravidla pravidla pravidla pravidla pravidla pravidla pravidla pravidla pravidla pravidla pravidla pravidla pravidla pravidla pravidla pravidla pravidla pravidla pravidla pravidla pravidla pravidla pravidla pravidla pravidla pravidla pravidla pravidla pravidla pravidla pravidla pravidla pravidla pravidla pravidla pravidla pravidla pravidla pravidla pravidla pravidla pravidla pravidla pravidla pravidla pravidla pravidla pravidla pravidla pravidla pravidla pravidla pravidla pravidla pravidla pravidla pravidla pravidla pravidla pravidla pravidla pravidla pravidla pravidla pravidla pravidla pravidla pravidla pravidla pravidla pravidla pravidla pravidla pravidla pravidla pravidla pravidla pravidla pravidla pravidla pravidla pravidla pravidla pravidla pravidla pravidla pravidla pravidla pravidla pravidla pravidla pravidla pravidla pravidla pravidla pravidla pravidla pravidla pravidla pravidla pravidla pravidla pravidla pravidla pravidla pravidla pravidla pravidla pravidla pravidla pravidla pravidla pravidla pravidla pravidla pravidla pravidla pravidla pravidla pravidla pravidla pravidla pravidla pravidla pravidla pravidla pravidla pravidla pravidla pravidla pravidla pravidla pravidla pravidla pravidla pravidla pravidla pravidla pravidla pravidla pravidla pravidla pravidla pravidla pravidla pravidla pravidla pravidla pravidla pravidla pravidla pravidla pravidla pravidla pravidla pravidla pravidla pravidla pravidla pravidla pravidla pravidla pravidla pravidla pravidla pravidla pravidla pravidla pravidla pravidla pravidla pravidla pravidla pravidla pravidla pravidla pravidla pravidla pravidla pravidla pravidla pravidla pravidla pravidla pravidla pravidla pravidla pravidla pravidla pravidla pravidla pravidla pravidla pravidla pravidla pravidla pravidla pravidla pravidla pravidla pravidla pravidla pravidla pravidla pravidla pravidla pravidla pravidla pravidla pravidla pravidla pravidla pravidla pravidla pravidla pravidla pravidla pravidla pravidla pravidla pravidla pravidla pravidla pravidla pravidla pravidla pravidla pravidla pravidla pravidla pravidla pravidla pravidla pravidla pravidla pravidla pravidla pravidla pravidla pravidla pravidla pravidla pravidla pravidla pravidla pravidla pravidla pravidla pravidla pravidla pravidla pravidla pravidla pravidla pravidla pravidla pravidla pravidla pravidla pravidla pravidla pravidla pravidla pravidla pravidla pravidla pravidla pravidla pravidla pravidla pravidla pravidla pravidla pravidla pravidla pravidla pravidla pravidla pravidla pravidla pravidla pravidla pravidla pravidla pravidla pravidla pravidla pravidla pravidla pravidla pravidla pravidla pravidla pravidla pravidla pravidla pravidla pravidla pravidla pravidla pravidla pravidla pravidla pravidla pravidla pravidla pravidla pravidla pravidla pravidla pravidla pravidla pravidla pravidla pravidla pravidla pravidla pravidla pravidla pravidla pravidla pravidla pravidla pravidla pravidla pravidla pravidla pravidla pravidla pravidla pravidla pravidla pravidla pravidla pravidla pravidla pravidla pravidla pravidla pravidla pravidla pravidla pravidla pravidla pravidla pravidla pravidla pravidla pravidla pravidla pravidla pravidla pravidla pravidla pravidla pravidla pravidla pravidla pravidla pravidla pravidla pravidla pravidla pravidla pravidla pravidla pravidla pravidla pravidla pravidla pravidla pravidla pravidla pravidla pravidla pravidla pravidla pravidla pravidla pravidla pravidla pravidla pravidla pravidla pravidla pravidla pravidla pravidla pravidla pravidla pravidla pravidla pravidla pravidla pravidla pravidla pravidla pravidla pravidla pravidla pravidla pravidla pravidla pravidla pravidla pravidla pravidla pravidla pravidla pravidla pravidla pravidla pravidla pravidla pravidla pravidla pravidla pravidla pravidla pravidla pravidla pravidla pravidla pravidla pravidla pravidla pravidla pravidla pravidla pravidla pravidla pravidla pravidla pravidla pravidla pravidla pravidla pravidla pravidla pravidla pravidla pravidla pravidla pravidla pravidla pravidla pravidla pravidla pravidla pravidla pravidla pravidla pravidla pravidla pravidla pravidla pravidla pravidla pravidla pravidla pravidla pravidla pravidla pravidla pravidla pravidla pravidla pravidla pravidla pravidla pravidla pravidla pravidla pravidla pravidla pravidla pravidla pravidla pravidla pravidla pravidla pravidla pravidla pravidla pravidla pravidla pravidla pravidla pravidla pravidla pravidla pravidla pravidla pravidla pravidla pravidla pravidla pravidla pravidla pravidla pravidla pravidla pravidla pravidla pravidla pravidla pravidla pravidla pravidla pravidla pravidla pravidla pravidla pravidla pravidla pravidla pravidla pravidla pravidla pravidla pravidla pravidla pravidla pravidla pravidla pravidla pravidla pravidla pravidla pravidla pravidla pravidla pravidla pravidla pravidla pravidla pravidla pravidla pravidla pravidla pravidla pravidla pravidla pravidla pravidla pravidla pravidla pravidla pravidla pravidla pravidla pravidla pravidla pravidla pravidla pravidla pravidla pravidla pravidla pravidla pravidla pravidla pravidla pravidla pravidla pravidla pravidla pravidla pravidla pravidla pravidla pravidla pravidla pravidla pravidla pravidla pravidla pravidla pravidla pravidla pravidla pravidla pravidla pravidla pravidla pravidla pravidla pravidla pravidla pravidla pravidla pravidla pravidla pravidla pravidla pravidla pravidla pravidla pravidla pravidla pravidla pravidla pravidla pravidla pravidla pravidla pravidla pravidla pravidla pravidla pravidla pravidla pravidla pravidla pravidla pravidla pravidla pravidla pravidla pravidla pravidla pravidla pravidla pravidla pravidla pravidla pravidla pravidla pravidla pravidla pravidla pravidla pravidla pravidla pravidla pravidla pravidla pravidla pravidla pravidla pravidla pravidla pravidla pravidla pravidla pravidla pravidla pravidla pravidla pravidla pravidla pravidla pravidla pravidla pravidla pravidla pravidla pravidla pravidla pravidla pravidla pravidla pravidla pravidla pravidla pravidla pravidla pravidla pravidla pravidla pravidla pravidla pravidla pravidla pravidla pravidla pravidla pravidla pravidla pravidla pravidla pravidla pravidla pravidla pravidla pravidla pravidla pravidla pravidla pravidla pravidla pravidla pravidla pravidla pravidla pravidla pravidla pravidla pravidla pravidla pravidla pravidla pravidla pravidla pravidla pravidla pravidla pravidla pravidla pravidla pravidla pravidla pravidla pravidla pravidla pravidla pravidla pravidla pravidla pravidla pravidla pravidla pravidla pravidla pravidla pravidla pravidla pravidla pravidla pravidla pravidla pravidla pravidla pravidla pravidla pravidla pravidla pravidla pravidla pravidla pravidla pravidla pravidla pravidla pravidla pravidla pravidla pravidla pravidla pravidla pravidla pravidla pravidla pravidla pravidla pravidla pravidla pravidla pravidla pravidla pravidla pravidla pravidla pravidla pravidla pravidla pravidla pravidla pravidla pravidla pravidla pravidla pravidla pravidla pravidla pravidla pravidla pravidla pravidla pravidla pravidla pravidla pravidla pravidla pravidla pravidla pravidla pravidla pravidla pravidla pravidla pravidla pravidla pravidla pravidla pravidla pravidla pravidla pravidla pravidla pravidla pravidla pravidla pravidla pravidla pravidla pravidla pravidla pravidla pravidla pravidla pravidla pravidla pravidla pravidla pravidla pravidla pravidla pravidla pravidla pravidla pravidla pravidla pravidla pravidla pravidla pravidla pravidla pravidla pravidla pravidla pravidla pravidla pravidla pravidla pravidla pravidla pravidla pravidla pravidla pravidla pravidla pravidla pravidla pravidla pravidla pravidla pravidla pravidla pravidla pravidla pravidla pravidla pravidla pravidla pravidla pravidla pravidla pravidla pravidla pravidla pravidla pravidla pravidla pravidla pravidla pravidla pravidla pravidla pravidla pravidla pravidla pravidla pravidla pravidla pravidla pravidla pravidla pravidla pravidla pravidla pravidla pravidla pravidla pravidla pravidla pravidla pravidla pravidla pravidla pravidla pravidla pravidla pravidla pravidla pravidla pravidla pravidla pravidla pravidla pravidla pravidla pravidla pravidla pravidla pravidla pravidla pravidla pravidla pravidla pravidla pravidla pravidla pravidla pravidla pravidla pravidla pravidla pravidla pravidla pravidla pravidla pravidla pravidla pravidla pravidla pravidla pravidla pravidla pravidla pravidla pravidla pravidla pravidla pravidla pravidla pravidla pravidla pravidla pravidla pravidla pravidla pravidla pravidla pravidla pravidla pravidla pravidla pravidla pravidla pravidla pravidla pravidla pravidla pravidla pravidla pravidla pravidla pravidla pravidla pravidla pravidla pravidla pravidla pravidla pravidla pravidla pravidla pravidla pravidla pravidla pravidla pravidla pravidla pravidla pravidla pravidla pravidla pravidla pravidla pravidla pravidla pravidla pravidla pravidla pravidla pravidla pravidla pravidla pravidla pravidla pravidla pravidla pravidla pravidla pravidla pravidla pravidla pravidla pravidla pravidla pravidla pravidla pravidla pravidla pravidla pravidla pravidla pravidla pravidla pravidla pravidla pravidla pravidla pravidla pravidla pravidla pravidla pravidla pravidla pravidla pravidla pravidla pravidla pravidla pravidla pravidla pravidla pravidla pravidla pravidla pravidla pravidla pravidla pravidla pravidla pravidla pravidla pravidla pravidla pravidla pravidla pravidla pravidla pravidla pravidla pravidla pravidla pravidla pravidla pravidla pravidla pravidla pravidla pravidla pravidla pravidla pravidla pravidla pravidla pravidla pravidla pravidla pravidla pravidla pravidla pravidla pravidla pravidla pravidla pravidla pravidla pravidla pravidla pravidla pravidla pravidla pravidla pravidla pravidla pravidla pravidla pravidla pravidla pravidla pravidla pravidla pravidla pravidla pravidla pravidla pravidla pravidla pravidla pravidla pravidla pravidla pravidla pravidla pravidla pravidla pravidla pravidla pravidla pravidla pravidla pravidla pravidla pravidla pravidla pravidla pravidla pravidla pravidla pravidla pravidla pravidla pravidla pravidla pravidla pravidla pravidla pravidla pravidla pravidla pravidla pravidla pravidla pravidla pravidla pravidla pravidla pravidla pravidla pravidla pravidla pravidla pravidla pravidla pravidla pravidla pravidla pravidla pravidla pravidla pravidla pravidla pravidla pravidla pravidla pravidla pravidla pravidla pravidla pravidla pravidla pravidla pravidla pravidla pravidla pravidla pravidla pravidla pravidla pravidla pravidla pravidla pravidla pravidla pravidla pravidla pravidla pravidla pravidla pravidla pravidla pravidla pravidla pravidla pravidla pravidla pravidla pravidla pravidla pravidla pravidla pravidla pravidla pravidla pravidla pravidla pravidla pravidla pravidla pravidla pravidla pravidla pravidla pravidla pravidla pravidla pravidla pravidla pravidla pravidla pravidla pravidla pravidla pravidla pravidla pravidla pravidla pravidla pravidla pravidla pravidla pravidla pravidla pravidla pravidla pravidla pravidla pravidla pravidla pravidla pravidla pravidla pravidla pravidla pravidla pravidla pravidla pravidla pravidla pravidla pravidla pravidla pravidla pravidla pravidla pravidla pravidla pravidla pravidla pravidla pravidla pravidla pravidla pravidla pravidla pravidla pravidla pravidla pravidla pravidla pravidla pravidla pravidla pravidla pravidla pravidla pravidla pravidla pravidla pravidla pravidla pravidla pravidla pravidla pravidla pravidla pravidla pravidla pravidla pravidla pravidla pravidla pravidla pravidla pravidla pravidla pravidla pravidla pravidla pravidla pravidla pravidla pravidla pravidla pravidla pravidla pravidla pravidla pravidla pravidla pravidla pravidla pravidla pravidla pravidla pravidla pravidla pravidla pravidla pravidla pravidla pravidla pravidla pravidla pravidla pravidla pravidla pravidla pravidla pravidla pravidla pravidla pravidla pravidla pravidla pravidla pravidla pravidla pravidla pravidla pravidla pravidla pravidla pravidla pravidla pravidla pravidla pravidla pravidla pravidla pravidla pravidla pravidla pravidla pravidla pravidla pravidla pravidla pravidla pravidla pravidla pravidla pravidla pravidla pravidla pravidla pravidla pravidla pravidla pravidla pravidla pravidla pravidla pravidla pravidla pravidla pravidla pravidla pravidla pravidla pravidla pravidla pravidla pravidla pravidla pravidla pravidla pravidla pravidla pravidla pravidla pravidla pravidla pravidla pravidla pravidla pravidla pravidla pravidla pravidla pravidla pravidla pravidla pravidla pravidla pravidla pravidla pravidla pravidla pravidla pravidla pravidla pravidla pravidla pravidla pravidla pravidla pravidla pravidla pravidla pravidla pravidla pravidla pravidla pravidla pravidla pravidla pravidla pravidla pravidla pravidla pravidla pravidla pravidla pravidla pravidla pravidla pravidla pravidla pravidla pravidla pravidla pravidla pravidla pravidla pravidla pravidla pravidla pravidla pravidla pravidla pravidla pravidla pravidla pravidla pravidla pravidla pravidla pravidla pravidla pravidla pravidla pravidla pravidla pravidla pravidla pravidla pravidla pravidla pravidla pravidla pravidla pravidla pravidla pravidla pravidla pravidla pravidla pravidla pravidla pravidla pravidla pravidla pravidla pravidla pravidla pravidla pravidla pravidla pravidla pravidla pravidla pravidla pravidla pravidla pravidla pravidla pravidla pravidla pravidla pravidla pravidla pravidla pravidla pravidla pravidla pravidla pravidla pravidla pravidla pravidla pravidla pravidla pravidla pravidla pravidla pravidla pravidla pravidla pravidla pravidla pravidla pravidla pravidla pravidla pravidla pravidla pravidla pravidla pravidla pravidla pravidla pravidla pravidla pravidla pravidla pravidla pravidla pravidla pravidla pravidla pravidla pravidla pravidla pravidla pravidla pravidla pravidla pravidla pravidla pravidla pravidla pravidla pravidla pravidla pravidla pravidla pravidla pravidla pravidla pravidla pravidla pravidla pravidla pravidla pravidla pravidla pravidla pravidla pravidla pravidla pravidla pravidla pravidla pravidla pravidla pravidla pravidla pravidla pravidla pravidla pravidla pravidla pravidla pravidla pravidla pravidla pravidla pravidla pravidla pravidla pravidla pravidla pravidla pravidla pravidla pravidla pravidla pravidla pravidla pravidla pravidla pravidla pravidla pravidla pravidla pravidla pravidla pravidla pravidla pravidla pravidla pravidla pravidla pravidla pravidla pravidla pravidla pravidla pravidla pravidla pravidla pravidla pravidla pravidla pravidla pravidla pravidla pravidla pravidla pravidla pravidla pravidla pravidla pravidla pravidla pravidla pravidla pravidla pravidla pravidla pravidla pravidla pravidla pravidla pravidla pravidla pravidla pravidla pravidla pravidla pravidla pravidla pravidla pravidla pravidla pravidla pravidla pravidla pravidla pravidla pravidla pravidla pravidla pravidla pravidla pravidla pravidla pravidla pravidla pravidla pravidla pravidla pravidla pravidla pravidla pravidla pravidla pravidla pravidla pravidla pravidla pravidla pravidla pravidla pravidla pravidla pravidla pravidla pravidla pravidla pravidla pravidla pravidla pravidla pravidla pravidla pravidla pravidla pravidla pravidla pravidla pravidla pravidla pravidla pravidla pravidla pravidla pravidla pravidla pravidla pravidla pravidla pravidla pravidla pravidla pravidla pravidla pravidla pravidla pravidla pravidla pravidla pravidla pravidla pravidla pravidla pravidla pravidla pravidla pravidla pravidla pravidla pravidla pravidla pravidla pravidla pravidla pravidla pravidla pravidla pravidla pravidla pravidla pravidla pravidla pravidla pravidla pravidla pravidla pravidla pravidla pravidla pravidla pravidla pravidla pravidla pravidla pravidla pravidla pravidla pravidla pravidla pravidla pravidla pravidla pravidla pravidla pravidla pravidla pravidla pravidla pravidla pravidla pravidla pravidla pravidla pravidla pravidla pravidla pravidla pravidla pravidla pravidla pravidla pravidla pravidla pravidla pravidla pravidla pravidla pravidla pravidla pravidla pravidla pravidla pravidla pravidla pravidla pravidla pravidla pravidla pravidla pravidla pravidla pravidla pravidla pravidla pravidla pravidla pravidla pravidla pravidla pravidla pravidla pravidla pravidla pravidla pravidla pravidla pravidla pravidla pravidla pravidla pravidla pravidla pravidla pravidla pravidla pravidla pravidla pravidla pravidla pravidla pravidla pravidla pravidla pravidla pravidla pravidla pravidla pravidla pravidla pravidla pravidla pravidla pravidla pravidla pravidla pravidla pravidla pravidla pravidla pravidla pravidla pravidla pravidla pravidla pravidla pravidla pravidla pravidla pravidla pravidla pravidla pravidla pravidla pravidla pravidla pravidla pravidla pravidla pravidla pravidla pravidla pravidla pravidla pravidla pravidla pravidla pravidla pravidla pravidla pravidla pravidla pravidla pravidla pravidla pravidla pravidla pravidla pravidla pravidla pravidla pravidla pravidla pravidla pravidla pravidla pravidla pravidla pravidla pravidla pravidla pravidla pravidla pravidla pravidla pravidla pravidla pravidla pravidla pravidla pravidla pravidla pravidla pravidla pravidla pravidla pravidla pravidla pravidla pravidla pravidla pravidla pravidla pravidla pravidla pravidla pravidla pravidla pravidla pravidla pravidla pravidla pravidla pravidla pravidla pravidla pravidla pravidla pravidla pravidla pravidla pravidla pravidla pravidla pravidla pravidla pravidla pravidla pravidla pravidla pravidla pravidla pravidla pravidla pravidla pravidla pravidla pravidla pravidla pravidla pravidla pravidla pravidla pravidla pravidla pravidla pravidla pravidla pravidla pravidla pravidla pravidla pravidla pravidla pravidla pravidla pravidla pravidla pravidla pravidla pravidla pravidla pravidla pravidla pravidla pravidla pravidla pravidla pravidla pravidla pravidla pravidla pravidla pravidla pravidla pravidla pravidla pravidla pravidla pravidla pravidla pravidla pravidla pravidla pravidla pravidla pravidla pravidla pravidla pravidla pravidla pravidla pravidla pravidla pravidla pravidla pravidla pravidla pravidla pravidla pravidla pravidla pravidla pravidla pravidla pravidla pravidla pravidla pravidla pravidla pravidla pravidla pravidla pravidla pravidla pravidla pravidla pravidla pravidla pravidla pravidla pravidla pravidla pravidla pravidla pravidla pravidla pravidla pravidla pravidla pravidla pravidla pravidla pravidla pravidla pravidla pravidla pravidla pravidla pravidla pravidla pravidla pravidla pravidla pravidla pravidla pravidla pravidla pravidla pravidla pravidla pravidla pravidla pravidla pravidla pravidla pravidla pravidla pravidla pravidla pravidla pravidla pravidla pravidla pravidla pravidla pravidla pravidla pravidla pravidla pravidla pravidla pravidla pravidla pravidla pravidla pravidla pravidla pravidla pravidla pravidla pravidla pravidla pravidla pravidla pravidla pravidla pravidla pravidla pravidla pravidla pravidla pravidla pravidla pravidla pravidla pravidla pravidla pravidla pravidla pravidla pravidla pravidla pravidla pravidla pravidla pravidla pravidla pravidla pravidla pravidla pravidla pravidla pravidla pravidla pravidla pravidla pravidla pravidla pravidla pravidla pravidla pravidla pravidla pravidla pravidla pravidla pravidla pravidla pravidla pravidla pravidla pravidla pravidla pravidla pravidla pravidla pravidla pravidla pravidla pravidla pravidla pravidla pravidla pravidla pravidla pravidla pravidla pravidla pravidla pravidla pravidla pravidla pravidla pravidla pravidla pravidla pravidla pravidla pravidla pravidla pravidla pravidla pravidla pravidla pravidla pravidla pravidla pravidla pravidla pravidla pravidla pravidla pravidla pravidla pravidla pravidla pravidla pravidla pravidla pravidla pravidla pravidla pravidla pravidla pravidla pravidla pravidla pravidla pravidla pravidla pravidla pravidla pravidla pravidla pravidla pravidla pravidla pravidla pravidla pravidla pravidla pravidla pravidla pravidla pravidla pravidla pravidla pravidla pravidla pravidla pravidla pravidla pravidla pravidla pravidla pravidla pravidla pravidla pravidla pravidla pravidla pravidla pravidla pravidla pravidla pravidla pravidla pravidla pravidla pravidla pravidla pravidla pravidla pravidla pravidla pravidla pravidla pravidla pravidla pravidla pravidla pravidla pravidla pravidla pravidla pravidla pravidla pravidla pravidla pravidla pravidla pravidla pravidla pravidla pravidla pravidla pravidla pravidla pravidla pravidla pravidla pravidla pravidla pravidla pravidla pravidla pravidla pravidla pravidla pravidla pravidla pravidla pravidla pravidla pravidla pravidla pravidla pravidla pravidla pravidla pravidla pravidla pravidla pravidla pravidla pravidla pravidla pravidla pravidla pravidla pravidla pravidla pravidla pravidla pravidla pravidla pravidla pravidla pravidla pravidla pravidla pravidla pravidla pravidla pravidla pravidla pravidla pravidla pravidla pravidla pravidla pravidla pravidla pravidla
MTX201501307_anon,5,1,"Období mezi proterozoikem a mezozoikem, trvající přibližně 570 až 230 mil. let (Janota 2007a).",pravidla pravidla pravidla pravidla pravidla pravidla pravidla pravidla pravidla pravidla pravidla pravidla pravidla pravidla pravidla pravidla pravidla pravidla pravidla pravidla pravidla pravidla pravidla pravidla pravidla pravidla pravidla pravidla pravidla pravidla pravidla pravidla pravidla pravidla pravidla pravidla pravidla pravidla pravidla pravidla pravidla pravidla pravidla pravidla pravidla pravidla pravidla pravidla pravidla pravidla pravidla pravidla pravidla pravidla pravidla pravidla pravidla pravidla pravidla pravidla pravidla pravidla pravidla pravidla pravidla pravidla pravidla pravidla pravidla pravidla pravidla pravidla pravidla pravidla pravidla pravidla pravidla pravidla pravidla pravidla pravidla pravidla pravidla pravidla pravidla pravidla pravidla pravidla pravidla pravidla pravidla pravidla pravidla pravidla pravidla pravidla pravidla pravidla pravidla pravidla pravidla pravidla pravidla pravidla pravidla pravidla pravidla pravidla pravidla pravidla pravidla pravidla pravidla pravidla pravidla pravidla pravidla pravidla pravidla pravidla pravidla pravidla pravidla pravidla pravidla pravidla pravidla pravidla pravidla pravidla pravidla pravidla pravidla pravidla pravidla pravidla pravidla pravidla pravidla pravidla pravidla pravidla pravidla pravidla pravidla pravidla pravidla pravidla pravidla pravidla pravidla pravidla pravidla pravidla pravidla pravidla pravidla pravidla pravidla pravidla pravidla pravidla pravidla pravidla
MTX201501307_anon,5,1,"2 Období prekambria trvající od 2,5 do 0,60 až 0,57 miliardy let (Janota 2007b).",pravidla pravidla pravidla pravidla pravidla pravidla pravidla pravidla pravidla pravidla pravidla pravidla pravidla pravidla pravidla pravidla pravidla pravidla pravidla pravidla pravidla pravidla pravidla pravidla pravidla pravidla pravidla pravidla pravidla pravidla pravidla pravidla pravidla pravidla pravidla pravidla pravidla pravidla pravidla pravidla pravidla pravidla pravidla pravidla pravidla pravidla pravidla pravidla pravidla pravidla pravidla pravidla pravidla pravidla pravidla pravidla pravidla pravidla pravidla pravidla pravidla pravidla pravidla pravidla pravidla pravidla pravidla pravidla pravidla pravidla pravidla pravidla pravidla pravidla pravidla pravidla pravidla pravidla pravidla pravidla pravidla pravidla pravidla pravidla pravidla pravidla pravidla pravidla pravidla pravidla pravidla pravidla pravidla pravidla pravidla pravidla pravidla pravidla pravidla pravidla pravidla pravidla pravidla pravidla pravidla pravidla pravidla pravidla pravidla pravidla pravidla pravidla pravidla pravidla pravidla pravidla pravidla pravidla pravidla pravidla pravidla pravidla pravidla pravidla pravidla pravidla pravidla pravidla pravidla pravidla pravidla pravidla pravidla pravidla pravidla pravidla pravidla pravidla pravidla pravidla pravidla pravidla pravidla pravidla pravidla pravidla pravidla pravidla pravidla pravidla pravidla pravidla pravidla pravidla pravidla pravidla pravidla pravidla pravidla pravidla pravidla pravidla pravidla pravidla
MTX201501307_anon,6,1,6,6
MTX201501307_anon,6,1,pak procesem illimerizace vznikají hnědozemně a luvizemě (illimerizované půdy) (Sedlák,pravidla pravidla pravidla pravidla pravidla pravidla
MTX201501307_anon,6,2,"2007, 53-54).",pravidla pravidla
MTX201501307_anon,6,3,Hydrologie,pravidla
MTX201501307_anon,6,4,Vraní leží mezi Vrbicí (také známá jako Mlýnský potok) na SV a Kamenicí na,pravidla pravidla pravidla pravidla pravidla
MTX201501307_anon,6,5,JZ. Vrbice pramenní u Borovin ve výšce 422 m n. m. a ústí do Stružnice u Vrbek ve výšce,pravidla pravidla pravidla pravidla pravidla pravidla pravidla pravidla
MTX201501307_anon,6,6,"330 m n. m. s průměrnou průtokovou rychlostí 0,11 m 3 /s (Pelán a kol. 1984, 189). Kamenice",pravidla pravidla pravidla pravidla pravidla pravidla pravidla pravidla pravidla
MTX201501307_anon,6,7,pramení u Vyhlídky ve výšce 645 m n. m. Řeka ústí do Tichavky u Habřinky ve výšce,pravidla pravidla pravidla pravidla pravidla
MTX201501307_anon,6,8,"470 m n. m. s průměrnou průtokovou rychlostí 0,19 m 3 /s (tamtéž, 202).",pravidla pravidla pravidla pravidla pravidla pravidla pravidla
MTX201501307_anon,6,9,Klima,pravidla
MTX201501307_anon,6,10,Region kolem Vraní spadá do mírně teplé klimatické oblasti s počtem 20 - 30 letních dní,pravidla pravidla pravidla pravidla pravidla pravidla pravidla pravidla
MTX201501307_anon,6,11,a průměrnou letní teplotou + 16 - 17°C. Zimy bývají studené a dlouhé (130 - 160 mrazivých,pravidla pravidla pravidla pravidla pravidla pravidla pravidla
MTX201501307_anon,6,12,dní) s průměrnou teplotou kolem - 4°C. Srážkový úhrn ve vegetačním období se pohybuje,pravidla pravidla pravidla pravidla pravidla pravidla pravidla pravidla
MTX201501307_anon,6,13,"v rozmezí 350 - 450 mm, v zimním období pak obvykle činí 250 - 300 mm (Kovář 2002, 26",pravidla pravidla pravidla pravidla pravidla pravidla pravidla
MTX201501307_anon,6,14,27).,pravidla pravidla pravidla pravidla pravidla pravidla pravidla pravidla pravidla pravidla pravidla pravidla pravidla pravidla pravidla pravidla pravidla pravidla pravidla pravidla pravidla pravidla pravidla pravidla pravidla pravidla pravidla pravidla pravidla pravidla pravidla pravidla pravidla pravidla pravidla pravidla pravidla pravidla pravidla pravidla pravidla pravidla pravidla pravidla pravidla pravidla pravidla pravidla pravidla pravidla pravidla pravidla pravidla pravidla pravidla pravidla pravidla pravidla pravidla pravidla pravidla pravidla pravidla pravidla pravidla pravidla pravidla pravidla pravidla pravidla pravidla pravidla pravidla pravidla pravidla pravidla pravidla pravidla pravidla pravidla pravidla pravidla pravidla pravidla pravidla pravidla pravidla pravidla pravidla pravidla pravidla pravidla pravidla pravidla pravidla pravidla pravidla pravidla pravidla pravidla pravidla pravidla pravidla pravidla pravidla pravidla pravidla pravidla pravidla pravidla pravidla pravidla pravidla pravidla pravidla pravidla pravidla pravidla pravidla pravidla pravidla pravidla pravidla pravidla pravidla pravidla pravidla pravidla pravidla pravidla pravidla pravidla pravidla pravidla pravidla pravidla pravidla pravidla pravidla pravidla pravidla pravidla pravidla pravidla pravidla pravidla pravidla pravidla pravidla pravidla pravidla pravidla pravidla pravidla pravidla pravidla pravidla pravidla pravidla pravidla pravidla pravidla pravidla pravidla pravidla pravidla pravidla pravidla pravidla pravidla pravidla pravidla pravidla pravidla pravidla pravidla pravidla pravidla pravidla pravidla pravidla pravidla pravidla pravidla pravidla pravidla pravidla pravidla pravidla pravidla pravidla pravidla pravidla pravidla pravidla pravidla pravidla pravidla pravidla pravidla pravidla pravidla pravidla pravidla pravidla pravidla pravidla pravidla pravidla pravidla pravidla pravidla pravidla pravidla pravidla pravidla pravidla pravidla pravidla pravidla pravidla pravidla pravidla pravidla pravidla pravidla pravidla pravidla pravidla pravidla pravidla pravidla pravidla pravidla pravidla pravidla pravidla pravidla pravidla pravidla pravidla pravidla pravidla pravidla pravidla pravidla pravidla pravidla pravidla pravidla pravidla pravidla pravidla pravidla pravidla pravidla pravidla pravidla pravidla pravidla pravidla pravidla pravidla pravidla pravidla pravidla pravidla pravidla pravidla pravidla pravidla pravidla pravidla pravidla pravidla pravidla pravidla pravidla pravidla pravidla pravidla pravidla pravidla pravidla pravidla pravidla pravidla pravidla pravidla pravidla pravidla pravidla pravidla pravidla pravidla pravidla pravidla pravidla pravidla pravidla pravidla pravidla pravidla pravidla pravidla pravidla pravidla pravidla pravidla pravidla pravidla pravidla pravidla pravidla pravidla pravidla pravidla pravidla pravidla pravidla pravidla pravidla pravidla pravidla pravidla pravidla pravidla pravidla pravidla pravidla pravidla pravidla pravidla pravidla pravidla pravidla pravidla pravidla pravidla pravidla pravidla pravidla pravidla pravidla pravidla pravidla pravidla pravidla pravidla pravidla pravidla pravidla pravidla pravidla pravidla pravidla pravidla pravidla pravidla pravidla pravidla pravidla pravidla pravidla pravidla pravidla pravidla pravidla pravidla pravidla pravidla pravidla pravidla pravidla pravidla pravidla pravidla pravidla pravidla pravidla pravidla pravidla pravidla pravidla pravidla pravidla pravidla pravidla pravidla pravidla pravidla pravidla pravidla pravidla pravidla pravidla pravidla pravidla pravidla pravidla pravidla pravidla pravidla pravidla pravidla pravidla pravidla pravidla pravidla pravidla pravidla pravidla pravidla pravidla pravidla pravidla pravidla pravidla pravidla pravidla pravidla pravidla pravidla pravidla pravidla pravidla pravidla pravidla pravidla pravidla pravidla pravidla pravidla pravidla pravidla pravidla pravidla pravidla pravidla pravidla pravidla pravidla pravidla pravidla pravidla pravidla pravidla pravidla pravidla pravidla pravidla pravidla pravidla pravidla pravidla pravidla pravidla pravidla pravidla pravidla pravidla pravidla pravidla pravidla pravidla pravidla pravidla pravidla pravidla pravidla pravidla pravidla pravidla pravidla pravidla pravidla pravidla pravidla pravidla pravidla pravidla pravidla pravidla pravidla pravidla pravidla pravidla pravidla pravidla pravidla pravidla pravidla pravidla pravidla pravidla pravidla pravidla pravidla pravidla pravidla pravidla pravidla pravidla pravidla pravidla pravidla pravidla pravidla pravidla pravidla pravidla pravidla pravidla pravidla pravidla pravidla pravidla pravidla pravidla pravidla pravidla pravidla pravidla pravidla pravidla pravidla pravidla pravidla pravidla pravidla pravidla pravidla pravidla pravidla pravidla pravidla pravidla pravidla pravidla pravidla pravidla pravidla pravidla pravidla pravidla pravidla pravidla pravidla pravidla pravidla pravidla pravidla pravidla pravidla pravidla pravidla pravidla pravidla pravidla pravidla pravidla pravidla pravidla pravidla pravidla pravidla pravidla pravidla pravidla pravidla pravidla pravidla pravidla pravidla pravidla pravidla pravidla pravidla pravidla pravidla pravidla pravidla pravidla pravidla pravidla pravidla pravidla pravidla pravidla pravidla pravidla pravidla pravidla pravidla pravidla pravidla pravidla pravidla pravidla pravidla pravidla pravidla pravidla pravidla pravidla pravidla pravidla pravidla pravidla pravidla pravidla pravidla pravidla pravidla pravidla pravidla pravidla pravidla pravidla pravidla pravidla pravidla pravidla pravidla pravidla pravidla pravidla pravidla pravidla pravidla pravidla pravidla pravidla pravidla pravidla pravidla pravidla pravidla pravidla pravidla pravidla pravidla pravidla pravidla pravidla pravidla pravidla pravidla pravidla pravidla pravidla pravidla pravidla pravidla pravidla pravidla pravidla pravidla pravidla pravidla pravidla pravidla pravidla pravidla pravidla pravidla pravidla pravidla pravidla pravidla pravidla pravidla pravidla pravidla pravidla pravidla pravidla pravidla pravidla pravidla pravidla pravidla pravidla pravidla pravidla pravidla pravidla pravidla pravidla pravidla pravidla pravidla pravidla pravidla pravidla pravidla pravidla pravidla pravidla pravidla pravidla pravidla pravidla pravidla pravidla pravidla pravidla pravidla pravidla pravidla pravidla pravidla pravidla pravidla pravidla pravidla pravidla pravidla pravidla pravidla pravidla pravidla pravidla pravidla pravidla pravidla pravidla pravidla pravidla pravidla pravidla pravidla pravidla pravidla pravidla pravidla pravidla pravidla pravidla pravidla pravidla pravidla pravidla pravidla pravidla pravidla pravidla pravidla pravidla pravidla pravidla pravidla pravidla pravidla pravidla pravidla pravidla pravidla pravidla pravidla pravidla pravidla pravidla pravidla pravidla pravidla pravidla pravidla pravidla pravidla pravidla pravidla pravidla pravidla pravidla pravidla pravidla pravidla pravidla pravidla pravidla pravidla pravidla pravidla pravidla pravidla pravidla pravidla pravidla pravidla pravidla pravidla pravidla pravidla pravidla pravidla pravidla pravidla pravidla pravidla pravidla pravidla pravidla pravidla pravidla pravidla pravidla pravidla pravidla pravidla pravidla pravidla pravidla pravidla pravidla pravidla pravidla pravidla pravidla pravidla pravidla pravidla pravidla pravidla pravidla pravidla pravidla pravidla pravidla pravidla pravidla pravidla pravidla pravidla pravidla pravidla pravidla pravidla pravidla pravidla pravidla pravidla pravidla pravidla pravidla pravidla pravidla pravidla pravidla pravidla pravidla pravidla pravidla pravidla pravidla pravidla pravidla pravidla pravidla pravidla pravidla pravidla pravidla pravidla pravidla pravidla pravidla pravidla pravidla pravidla pravidla pravidla pravidla pravidla pravidla pravidla pravidla pravidla pravidla pravidla pravidla pravidla pravidla pravidla pravidla pravidla pravidla pravidla pravidla pravidla pravidla pravidla pravidla pravidla pravidla pravidla pravidla pravidla pravidla pravidla pravidla pravidla pravidla pravidla pravidla pravidla pravidla pravidla pravidla pravidla pravidla pravidla pravidla pravidla pravidla pravidla pravidla pravidla pravidla pravidla pravidla pravidla pravidla pravidla pravidla pravidla pravidla pravidla pravidla pravidla pravidla pravidla pravidla pravidla pravidla pravidla pravidla pravidla pravidla pravidla pravidla pravidla pravidla pravidla pravidla pravidla pravidla pravidla pravidla pravidla pravidla pravidla pravidla pravidla pravidla pravidla pravidla pravidla pravidla pravidla pravidla pravidla pravidla pravidla pravidla pravidla pravidla pravidla pravidla pravidla pravidla pravidla pravidla pravidla pravidla pravidla pravidla pravidla pravidla pravidla pravidla pravidla pravidla pravidla pravidla pravidla pravidla pravidla pravidla pravidla pravidla pravidla pravidla pravidla pravidla pravidla pravidla pravidla pravidla pravidla pravidla pravidla pravidla pravidla pravidla pravidla pravidla pravidla pravidla pravidla pravidla pravidla pravidla pravidla pravidla pravidla pravidla pravidla pravidla pravidla pravidla pravidla pravidla pravidla pravidla pravidla pravidla pravidla pravidla pravidla pravidla pravidla pravidla pravidla pravidla pravidla pravidla pravidla pravidla pravidla pravidla pravidla pravidla pravidla pravidla pravidla pravidla pravidla pravidla pravidla pravidla pravidla pravidla pravidla pravidla pravidla pravidla pravidla pravidla pravidla pravidla pravidla pravidla pravidla pravidla pravidla pravidla pravidla pravidla pravidla pravidla pravidla pravidla pravidla pravidla pravidla pravidla pravidla pravidla pravidla pravidla pravidla pravidla pravidla pravidla pravidla pravidla pravidla pravidla pravidla pravidla pravidla pravidla pravidla pravidla pravidla pravidla pravidla pravidla pravidla pravidla pravidla
MTX201501307_anon,7,1,4. Historie archeologických výzkumů v k. ú. obce Vraní,pravidla pravidla pravidla pravidla pravidla pravidla pravidla pravidla pravidla pravidla pravidla pravidla pravidla pravidla pravidla pravidla pravidla pravidla pravidla pravidla pravidla pravidla pravidla pravidla pravidla pravidla pravidla pravidla pravidla pravidla pravidla pravidla pravidla pravidla pravidla pravidla pravidla pravidla pravidla pravidla pravidla pravidla pravidla pravidla pravidla pravidla pravidla pravidla pravidla pravidla pravidla pravidla pravidla pravidla pravidla pravidla pravidla pravidla pravidla pravidla pravidla pravidla pravidla pravidla pravidla pravidla pravidla pravidla pravidla pravidla pravidla pravidla pravidla pravidla pravidla pravidla pravidla pravidla pravidla pravidla pravidla pravidla pravidla pravidla pravidla pravidla pravidla pravidla pravidla pravidla pravidla pravidla pravidla pravidla pravidla pravidla pravidla pravidla pravidla pravidla pravidla pravidla pravidla pravidla pravidla pravidla pravidla pravidla pravidla pravidla pravidla pravidla pravidla pravidla pravidla pravidla pravidla pravidla pravidla pravidla pravidla pravidla pravidla pravidla pravidla pravidla pravidla pravidla pravidla pravidla pravidla pravidla pravidla pravidla pravidla pravidla pravidla pravidla pravidla pravidla pravidla pravidla pravidla pravidla pravidla pravidla pravidla pravidla pravidla pravidla pravidla pravidla pravidla pravidla pravidla pravidla pravidla pravidla pravidla pravidla pravidla pravidla pravidla pravidla pravidla pravidla pravidla pravidla pravidla pravidla pravidla pravidla pravidla pravidla pravidla pravidla pravidla pravidla pravidla pravidla pravidla pravidla pravidla pravidla pravidla pravidla pravidla pravidla pravidla pravidla pravidla pravidla pravidla pravidla pravidla pravidla pravidla pravidla pravidla pravidla pravidla pravidla pravidla pravidla pravidla pravidla pravidla pravidla pravidla pravidla pravidla pravidla pravidla pravidla pravidla pravidla pravidla pravidla pravidla pravidla pravidla pravidla pravidla pravidla pravidla pravidla pravidla pravidla pravidla pravidla pravidla pravidla pravidla pravidla pravidla pravidla pravidla pravidla pravidla pravidla pravidla pravidla pravidla pravidla pravidla pravidla pravidla pravidla pravidla pravidla pravidla pravidla pravidla pravidla pravidla pravidla pravidla pravidla pravidla pravidla pravidla pravidla pravidla pravidla pravidla pravidla pravidla pravidla pravidla pravidla pravidla pravidla pravidla pravidla pravidla pravidla pravidla pravidla pravidla pravidla pravidla pravidla pravidla pravidla pravidla pravidla pravidla pravidla pravidla pravidla pravidla pravidla pravidla pravidla pravidla pravidla pravidla pravidla pravidla pravidla pravidla pravidla pravidla pravidla pravidla pravidla pravidla pravidla pravidla pravidla pravidla pravidla pravidla pravidla pravidla pravidla pravidla pravidla pravidla pravidla pravidla pravidla pravidla pravidla pravidla pravidla pravidla pravidla pravidla pravidla pravidla pravidla pravidla pravidla pravidla pravidla pravidla pravidla pravidla pravidla pravidla pravidla pravidla pravidla pravidla pravidla pravidla pravidla pravidla pravidla pravidla pravidla pravidla pravidla pravidla pravidla pravidla pravidla pravidla pravidla pravidla pravidla pravidla pravidla pravidla pravidla pravidla pravidla pravidla pravidla pravidla pravidla pravidla pravidla pravidla pravidla pravidla pravidla pravidla pravidla pravidla pravidla pravidla pravidla pravidla pravidla pravidla pravidla pravidla pravidla pravidla pravidla pravidla pravidla pravidla pravidla pravidla pravidla pravidla pravidla pravidla pravidla pravidla pravidla pravidla pravidla pravidla pravidla pravidla pravidla pravidla pravidla pravidla pravidla pravidla pravidla pravidla pravidla pravidla pravidla pravidla pravidla pravidla pravidla pravidla pravidla pravidla pravidla pravidla pravidla pravidla pravidla pravidla pravidla pravidla pravidla pravidla pravidla pravidla pravidla pravidla pravidla pravidla pravidla pravidla pravidla pravidla pravidla pravidla pravidla pravidla pravidla pravidla pravidla pravidla pravidla pravidla pravidla pravidla pravidla pravidla pravidla
MTX201501307_anon,7,1,Obr. č. 1: Mapový výstup k. ú. Vraní u Starého Sídla na Vysočině ze Státního archologického seznamu (SAS).,pravidla pravidla pravidla pravidla pravidla pravidla pravidla
MTX201501307_anon,7,2,"Modře je vyznačeno UAN II 3 , ostatní plocha v kategorii UAN III. Zdroj: http://twist.up.npu.cz/tms/arch_public/.",pravidla pravidla pravidla pravidla pravidla pravidla pravidla pravidla pravidla pravidla pravidla pravidla pravidla pravidla pravidla pravidla pravidla pravidla pravidla pravidla pravidla pravidla pravidla pravidla pravidla pravidla pravidla pravidla pravidla pravidla pravidla pravidla pravidla pravidla pravidla pravidla pravidla pravidla pravidla pravidla pravidla pravidla pravidla pravidla pravidla pravidla pravidla pravidla pravidla pravidla pravidla pravidla pravidla pravidla pravidla pravidla pravidla pravidla pravidla pravidla pravidla pravidla pravidla pravidla pravidla pravidla pravidla pravidla pravidla pravidla pravidla pravidla pravidla pravidla pravidla pravidla pravidla pravidla pravidla pravidla pravidla pravidla pravidla pravidla pravidla pravidla pravidla pravidla pravidla pravidla pravidla pravidla pravidla pravidla pravidla pravidla pravidla pravidla pravidla pravidla pravidla pravidla pravidla pravidla pravidla pravidla pravidla pravidla pravidla pravidla pravidla pravidla pravidla pravidla pravidla pravidla pravidla pravidla pravidla pravidla pravidla pravidla pravidla pravidla pravidla pravidla pravidla pravidla pravidla pravidla pravidla pravidla pravidla pravidla pravidla pravidla pravidla pravidla pravidla pravidla pravidla pravidla pravidla pravidla pravidla pravidla pravidla pravidla pravidla pravidla pravidla pravidla pravidla pravidla pravidla pravidla pravidla pravidla pravidla pravidla pravidla pravidla pravidla pravidla pravidla pravidla pravidla pravidla pravidla pravidla pravidla pravidla pravidla pravidla pravidla pravidla pravidla pravidla pravidla pravidla pravidla pravidla pravidla pravidla pravidla pravidla pravidla pravidla pravidla pravidla pravidla pravidla pravidla pravidla pravidla pravidla pravidla pravidla pravidla pravidla pravidla pravidla pravidla pravidla pravidla pravidla pravidla pravidla pravidla pravidla pravidla pravidla pravidla pravidla pravidla pravidla pravidla pravidla pravidla pravidla pravidla pravidla pravidla pravidla pravidla pravidla pravidla pravidla pravidla pravidla pravidla pravidla pravidla pravidla pravidla pravidla pravidla pravidla pravidla pravidla pravidla pravidla pravidla pravidla pravidla pravidla pravidla pravidla pravidla pravidla pravidla pravidla pravidla pravidla pravidla pravidla pravidla pravidla pravidla pravidla pravidla pravidla pravidla pravidla pravidla pravidla pravidla pravidla pravidla pravidla pravidla pravidla pravidla pravidla pravidla pravidla pravidla pravidla pravidla pravidla pravidla pravidla pravidla pravidla pravidla pravidla pravidla pravidla pravidla pravidla pravidla pravidla pravidla pravidla pravidla pravidla pravidla pravidla pravidla pravidla pravidla pravidla pravidla pravidla pravidla pravidla pravidla pravidla pravidla pravidla pravidla pravidla pravidla pravidla pravidla pravidla pravidla pravidla pravidla pravidla pravidla pravidla pravidla pravidla pravidla pravidla pravidla pravidla pravidla pravidla pravidla pravidla pravidla pravidla pravidla pravidla pravidla pravidla pravidla pravidla pravidla pravidla pravidla pravidla pravidla pravidla pravidla pravidla pravidla pravidla pravidla pravidla pravidla pravidla pravidla pravidla pravidla pravidla pravidla pravidla pravidla pravidla pravidla pravidla pravidla pravidla pravidla pravidla pravidla pravidla pravidla pravidla pravidla pravidla pravidla pravidla pravidla pravidla pravidla pravidla pravidla pravidla pravidla pravidla pravidla pravidla pravidla pravidla pravidla pravidla pravidla pravidla pravidla pravidla pravidla pravidla pravidla pravidla pravidla pravidla pravidla pravidla pravidla pravidla pravidla pravidla pravidla pravidla pravidla pravidla pravidla pravidla pravidla pravidla pravidla pravidla pravidla pravidla pravidla pravidla pravidla pravidla pravidla pravidla pravidla pravidla pravidla pravidla pravidla pravidla pravidla pravidla pravidla pravidla pravidla pravidla pravidla pravidla pravidla pravidla pravidla pravidla pravidla pravidla pravidla pravidla pravidla pravidla pravidla pravidla pravidla pravidla pravidla pravidla pravidla pravidla pravidla pravidla pravidla pravidla pravidla pravidla pravidla pravidla pravidla pravidla pravidla pravidla pravidla pravidla pravidla pravidla pravidla pravidla pravidla pravidla pravidla pravidla pravidla pravidla pravidla pravidla pravidla pravidla pravidla pravidla pravidla pravidla pravidla pravidla pravidla pravidla pravidla pravidla pravidla pravidla pravidla pravidla pravidla pravidla pravidla pravidla pravidla pravidla pravidla pravidla pravidla pravidla pravidla pravidla pravidla pravidla pravidla pravidla pravidla pravidla pravidla pravidla pravidla pravidla pravidla pravidla pravidla pravidla pravidla pravidla pravidla pravidla pravidla pravidla pravidla pravidla pravidla pravidla pravidla pravidla pravidla pravidla pravidla pravidla pravidla pravidla pravidla pravidla pravidla pravidla pravidla pravidla pravidla pravidla pravidla pravidla pravidla pravidla pravidla pravidla pravidla pravidla pravidla pravidla pravidla pravidla pravidla pravidla pravidla pravidla pravidla pravidla pravidla pravidla pravidla pravidla pravidla pravidla pravidla pravidla pravidla pravidla pravidla pravidla pravidla pravidla pravidla pravidla pravidla pravidla pravidla pravidla pravidla pravidla pravidla pravidla pravidla pravidla pravidla pravidla pravidla pravidla pravidla pravidla pravidla pravidla pravidla pravidla pravidla pravidla pravidla pravidla pravidla pravidla pravidla pravidla pravidla pravidla pravidla pravidla pravidla pravidla pravidla pravidla pravidla pravidla pravidla pravidla pravidla pravidla pravidla pravidla pravidla pravidla pravidla pravidla pravidla pravidla pravidla pravidla pravidla pravidla pravidla pravidla pravidla pravidla pravidla pravidla pravidla pravidla pravidla pravidla pravidla pravidla pravidla pravidla pravidla pravidla pravidla pravidla pravidla pravidla pravidla pravidla pravidla pravidla pravidla pravidla pravidla pravidla pravidla pravidla pravidla pravidla pravidla pravidla pravidla pravidla pravidla pravidla pravidla pravidla pravidla pravidla pravidla pravidla pravidla pravidla pravidla pravidla pravidla pravidla pravidla pravidla pravidla pravidla pravidla pravidla pravidla pravidla pravidla pravidla pravidla pravidla pravidla pravidla pravidla pravidla pravidla pravidla pravidla pravidla pravidla pravidla pravidla pravidla pravidla pravidla pravidla pravidla pravidla pravidla pravidla pravidla pravidla pravidla pravidla pravidla pravidla pravidla pravidla pravidla pravidla pravidla pravidla pravidla pravidla pravidla pravidla pravidla pravidla pravidla pravidla pravidla pravidla pravidla pravidla pravidla pravidla pravidla pravidla pravidla pravidla pravidla pravidla pravidla pravidla pravidla pravidla pravidla pravidla pravidla pravidla pravidla pravidla pravidla pravidla pravidla pravidla pravidla pravidla pravidla pravidla pravidla pravidla pravidla pravidla pravidla pravidla pravidla pravidla pravidla pravidla pravidla pravidla pravidla pravidla pravidla pravidla pravidla pravidla pravidla pravidla pravidla pravidla pravidla pravidla pravidla pravidla pravidla pravidla pravidla pravidla pravidla pravidla pravidla pravidla pravidla pravidla pravidla pravidla pravidla pravidla pravidla pravidla pravidla pravidla pravidla pravidla pravidla pravidla pravidla pravidla pravidla pravidla pravidla pravidla pravidla pravidla pravidla pravidla pravidla pravidla pravidla pravidla pravidla pravidla pravidla pravidla pravidla pravidla pravidla pravidla pravidla pravidla pravidla pravidla pravidla pravidla pravidla pravidla pravidla pravidla pravidla pravidla pravidla pravidla pravidla pravidla pravidla pravidla pravidla pravidla pravidla pravidla pravidla pravidla pravidla pravidla pravidla pravidla pravidla pravidla pravidla pravidla pravidla pravidla pravidla pravidla pravidla pravidla pravidla pravidla pravidla pravidla pravidla pravidla pravidla pravidla pravidla pravidla pravidla pravidla pravidla pravidla pravidla pravidla pravidla pravidla pravidla pravidla pravidla pravidla pravidla pravidla pravidla pravidla pravidla pravidla pravidla pravidla pravidla pravidla pravidla pravidla pravidla pravidla pravidla pravidla pravidla pravidla
MTX201501307_anon,7,1,V intravilánu obce Vraní doposud neproběhl archeologický výzkum. Státní archeologický,pravidla pravidla pravidla pravidla pravidla pravidla
MTX201501307_anon,7,2,seznam v katastru obce eviduje potenciální území UAN II a to: UAN II. č. 24-11-22/2,pravidla pravidla pravidla pravidla pravidla pravidla pravidla pravidla
MTX201501307_anon,7,3,Středověké a novověké jádro obce (SAS 2014).,pravidla pravidla pravidla pravidla pravidla pravidla pravidla pravidla pravidla pravidla pravidla pravidla pravidla pravidla pravidla pravidla pravidla pravidla pravidla pravidla pravidla pravidla pravidla pravidla pravidla pravidla pravidla pravidla pravidla pravidla pravidla pravidla pravidla pravidla pravidla pravidla pravidla pravidla pravidla pravidla pravidla pravidla pravidla pravidla pravidla pravidla pravidla pravidla pravidla pravidla pravidla pravidla pravidla pravidla pravidla pravidla pravidla pravidla pravidla pravidla pravidla pravidla pravidla pravidla pravidla pravidla pravidla pravidla pravidla pravidla pravidla pravidla pravidla pravidla pravidla pravidla pravidla pravidla pravidla pravidla pravidla pravidla pravidla pravidla pravidla pravidla pravidla pravidla pravidla pravidla pravidla pravidla pravidla pravidla pravidla pravidla pravidla pravidla pravidla pravidla pravidla pravidla pravidla pravidla pravidla pravidla pravidla pravidla pravidla pravidla pravidla pravidla pravidla pravidla pravidla pravidla pravidla pravidla pravidla pravidla pravidla pravidla pravidla pravidla pravidla pravidla pravidla pravidla pravidla pravidla pravidla pravidla pravidla pravidla pravidla pravidla pravidla pravidla pravidla pravidla pravidla pravidla pravidla pravidla pravidla pravidla pravidla pravidla pravidla pravidla pravidla pravidla pravidla pravidla pravidla pravidla pravidla pravidla pravidla pravidla pravidla pravidla pravidla pravidla pravidla pravidla pravidla pravidla pravidla pravidla pravidla pravidla pravidla pravidla pravidla pravidla pravidla pravidla pravidla pravidla pravidla pravidla pravidla pravidla pravidla pravidla pravidla pravidla pravidla pravidla pravidla pravidla pravidla pravidla pravidla pravidla pravidla pravidla pravidla pravidla pravidla pravidla pravidla pravidla pravidla pravidla pravidla pravidla pravidla pravidla pravidla pravidla pravidla pravidla pravidla pravidla pravidla pravidla pravidla pravidla pravidla pravidla pravidla pravidla pravidla pravidla pravidla pravidla pravidla pravidla pravidla pravidla pravidla pravidla pravidla pravidla pravidla pravidla pravidla pravidla pravidla pravidla pravidla pravidla pravidla pravidla pravidla pravidla pravidla pravidla pravidla pravidla pravidla pravidla pravidla pravidla pravidla pravidla pravidla pravidla pravidla pravidla pravidla pravidla pravidla pravidla pravidla pravidla pravidla pravidla pravidla pravidla pravidla pravidla pravidla pravidla pravidla pravidla pravidla pravidla pravidla pravidla pravidla pravidla pravidla pravidla pravidla pravidla pravidla pravidla pravidla pravidla pravidla pravidla pravidla pravidla pravidla pravidla pravidla pravidla pravidla pravidla pravidla pravidla pravidla pravidla pravidla pravidla pravidla pravidla pravidla pravidla pravidla pravidla pravidla pravidla pravidla pravidla pravidla pravidla pravidla pravidla pravidla pravidla pravidla pravidla pravidla pravidla pravidla pravidla pravidla pravidla pravidla pravidla pravidla pravidla pravidla pravidla pravidla pravidla pravidla pravidla pravidla pravidla pravidla pravidla pravidla pravidla pravidla pravidla pravidla pravidla pravidla pravidla pravidla pravidla pravidla pravidla pravidla pravidla pravidla pravidla pravidla pravidla pravidla pravidla pravidla pravidla pravidla pravidla pravidla pravidla pravidla pravidla pravidla pravidla pravidla pravidla pravidla pravidla pravidla pravidla pravidla pravidla pravidla pravidla pravidla pravidla pravidla pravidla pravidla pravidla pravidla pravidla pravidla pravidla pravidla pravidla pravidla pravidla pravidla pravidla pravidla pravidla pravidla pravidla pravidla pravidla pravidla pravidla pravidla pravidla pravidla pravidla pravidla pravidla pravidla pravidla pravidla pravidla pravidla pravidla pravidla pravidla pravidla pravidla pravidla pravidla pravidla pravidla pravidla pravidla pravidla pravidla pravidla pravidla pravidla pravidla pravidla pravidla pravidla pravidla pravidla pravidla pravidla pravidla pravidla pravidla
MTX201501307_anon,7,1,3 UAN - území s archeologickými nálezy Prostorové vymezení UAN odráží stav současného poznání území z hlediska archeologie,pravidla pravidla pravidla pravidla pravidla pravidla pravidla pravidla pravidla pravidla pravidla
MTX201501307_anon,7,2,a jsou rozdělena do čtyř kategorií: UAN I - území s pozitivně prokázaným a dále bezpečně předpokládaným výskytem archeologických,pravidla pravidla pravidla pravidla pravidla pravidla pravidla pravidla pravidla pravidla
MTX201501307_anon,7,3,"nálezů; UAN II - území, na němž nebyl doposud pozitivně prokázán výskyt archeologických nálezů ale určité indicie mu nasvědčují:",pravidla pravidla pravidla pravidla pravidla pravidla pravidla pravidla pravidla pravidla
MTX201501307_anon,7,4,"pravděpodobnost výskytu archeologických nálezů je 51-100%; UAN III - území, na kterém ještě nebyl rozpoznán a pozitivně doložen výskyt",pravidla pravidla pravidla pravidla pravidla pravidla pravidla pravidla pravidla pravidla pravidla pravidla
MTX201501307_anon,7,5,"archeologických nálezů a prozatím tomu nenasvědčují žádné indicie, ale předmětné území mohlo být osídleno nebo jinak využito člověkem,",pravidla pravidla pravidla pravidla pravidla pravidla pravidla pravidla pravidla pravidla
MTX201501307_anon,7,6,"a proto existuje 50% pravděpodobnost výskytu archeologických nálezů. Jde tedy o území celé ČR vyjma UAN I, II a IV; UAN IV - území, kde",pravidla pravidla pravidla pravidla pravidla pravidla pravidla pravidla pravidla pravidla pravidla pravidla pravidla pravidla pravidla
MTX201501307_anon,7,7,"je nereálná pravděpodobnost výskytu archeologických nálezů - veškerá vytěžená území - lomy, cihelny, pískovny apod.",pravidla pravidla pravidla pravidla pravidla pravidla pravidla
MTX201501307_anon,7,8,§ 21 - 24 zákona č. 20/1987Sb. - Na celém zájmovém území v kategoriích UAN I - III je nutno dodržovat ustanovení vyplývající ze,pravidla pravidla pravidla pravidla pravidla pravidla pravidla pravidla pravidla pravidla pravidla
MTX201501307_anon,7,9,"zákona. To znamená, že je nutné v prostoru UAN I, II i III respektovat § 22 zákona č. 20/1987Sb., o státní památkové péči v platné znění,",pravidla pravidla pravidla pravidla pravidla pravidla pravidla pravidla pravidla pravidla pravidla pravidla pravidla pravidla
MTX201501307_anon,7,10,"tj. stavebníci jsou již od přípravy stavby , tj. záměru provádět jakékoli zemní práce, při nichž může být objeven archeologický nález ve",pravidla pravidla pravidla pravidla pravidla pravidla pravidla pravidla pravidla pravidla pravidla pravidla
MTX201501307_anon,7,11,"smyslu § 23, povinni tento záměr oznámit Archeologickému ústavu AV ČR a umožnit jemu nebo organizaci oprávněné k archeologickým",pravidla pravidla pravidla pravidla pravidla pravidla pravidla pravidla pravidla pravidla pravidla pravidla pravidla pravidla
MTX201501307_anon,7,12,výzkumům provést na dotčeném území záchranný archeologický výzkum.,pravidla pravidla pravidla pravidla pravidla pravidla pravidla pravidla pravidla pravidla pravidla pravidla pravidla pravidla pravidla pravidla pravidla pravidla pravidla pravidla pravidla pravidla pravidla pravidla pravidla pravidla pravidla pravidla pravidla pravidla pravidla pravidla pravidla pravidla pravidla pravidla pravidla pravidla pravidla pravidla pravidla pravidla pravidla pravidla pravidla pravidla pravidla pravidla pravidla pravidla pravidla pravidla pravidla pravidla pravidla pravidla pravidla pravidla pravidla pravidla pravidla pravidla pravidla pravidla pravidla pravidla pravidla pravidla pravidla pravidla pravidla pravidla pravidla pravidla pravidla pravidla pravidla pravidla pravidla pravidla pravidla pravidla pravidla pravidla pravidla pravidla pravidla pravidla pravidla pravidla pravidla pravidla pravidla pravidla pravidla pravidla pravidla pravidla pravidla pravidla pravidla pravidla pravidla pravidla pravidla pravidla pravidla pravidla pravidla pravidla pravidla pravidla pravidla pravidla pravidla pravidla pravidla pravidla pravidla pravidla pravidla pravidla pravidla pravidla pravidla pravidla pravidla pravidla pravidla pravidla pravidla pravidla pravidla pravidla pravidla pravidla pravidla pravidla pravidla pravidla pravidla pravidla pravidla pravidla pravidla pravidla pravidla pravidla pravidla pravidla pravidla pravidla pravidla pravidla pravidla pravidla pravidla pravidla pravidla pravidla pravidla pravidla pravidla pravidla pravidla pravidla pravidla pravidla pravidla pravidla pravidla pravidla pravidla pravidla pravidla pravidla pravidla pravidla pravidla pravidla pravidla pravidla pravidla pravidla pravidla pravidla pravidla pravidla pravidla pravidla pravidla pravidla pravidla pravidla pravidla pravidla pravidla pravidla pravidla pravidla pravidla pravidla pravidla pravidla pravidla pravidla pravidla pravidla pravidla pravidla pravidla pravidla pravidla pravidla pravidla pravidla pravidla pravidla pravidla pravidla pravidla pravidla pravidla pravidla pravidla pravidla pravidla pravidla pravidla pravidla pravidla pravidla pravidla pravidla pravidla pravidla pravidla pravidla pravidla pravidla pravidla pravidla pravidla pravidla pravidla pravidla pravidla pravidla pravidla pravidla pravidla pravidla pravidla pravidla pravidla pravidla pravidla pravidla pravidla pravidla pravidla pravidla pravidla pravidla pravidla pravidla pravidla pravidla pravidla pravidla pravidla pravidla pravidla pravidla pravidla pravidla pravidla pravidla pravidla pravidla pravidla pravidla pravidla pravidla pravidla pravidla pravidla pravidla pravidla pravidla pravidla pravidla pravidla pravidla pravidla pravidla pravidla pravidla pravidla pravidla pravidla pravidla pravidla pravidla pravidla pravidla pravidla pravidla pravidla pravidla pravidla pravidla pravidla pravidla pravidla pravidla pravidla pravidla pravidla pravidla pravidla pravidla pravidla pravidla pravidla pravidla pravidla pravidla pravidla pravidla pravidla pravidla pravidla pravidla pravidla pravidla pravidla pravidla pravidla pravidla pravidla pravidla pravidla pravidla pravidla pravidla pravidla pravidla pravidla pravidla pravidla pravidla pravidla pravidla pravidla pravidla pravidla pravidla pravidla pravidla pravidla pravidla pravidla pravidla pravidla pravidla pravidla pravidla pravidla pravidla pravidla pravidla pravidla pravidla pravidla pravidla pravidla pravidla pravidla pravidla pravidla pravidla pravidla pravidla pravidla pravidla pravidla pravidla pravidla pravidla pravidla pravidla pravidla pravidla pravidla pravidla pravidla pravidla pravidla pravidla pravidla pravidla pravidla pravidla pravidla pravidla pravidla pravidla pravidla pravidla pravidla pravidla pravidla pravidla pravidla pravidla pravidla pravidla pravidla pravidla pravidla pravidla pravidla pravidla pravidla pravidla pravidla pravidla pravidla pravidla pravidla pravidla pravidla pravidla pravidla pravidla pravidla pravidla pravidla pravidla pravidla pravidla pravidla pravidla pravidla pravidla pravidla pravidla pravidla pravidla pravidla pravidla pravidla pravidla pravidla pravidla pravidla pravidla pravidla pravidla pravidla pravidla pravidla pravidla pravidla pravidla pravidla pravidla pravidla pravidla pravidla pravidla pravidla pravidla pravidla pravidla pravidla pravidla pravidla pravidla pravidla pravidla pravidla pravidla pravidla pravidla pravidla pravidla pravidla pravidla pravidla pravidla pravidla pravidla pravidla pravidla pravidla pravidla pravidla pravidla pravidla pravidla pravidla pravidla pravidla pravidla pravidla pravidla pravidla pravidla pravidla pravidla pravidla pravidla pravidla pravidla pravidla pravidla pravidla pravidla pravidla pravidla pravidla pravidla pravidla pravidla pravidla pravidla pravidla pravidla pravidla pravidla pravidla pravidla pravidla pravidla pravidla pravidla pravidla pravidla pravidla pravidla pravidla pravidla pravidla pravidla pravidla pravidla pravidla pravidla pravidla pravidla pravidla pravidla pravidla pravidla pravidla pravidla pravidla pravidla pravidla pravidla pravidla pravidla pravidla pravidla pravidla pravidla pravidla pravidla pravidla pravidla pravidla pravidla pravidla pravidla pravidla pravidla pravidla pravidla pravidla pravidla pravidla pravidla pravidla pravidla pravidla pravidla pravidla pravidla pravidla pravidla pravidla pravidla pravidla pravidla pravidla pravidla pravidla pravidla pravidla pravidla pravidla pravidla pravidla pravidla pravidla pravidla pravidla pravidla pravidla pravidla pravidla pravidla pravidla pravidla pravidla pravidla pravidla pravidla pravidla pravidla pravidla pravidla pravidla pravidla pravidla pravidla pravidla pravidla pravidla pravidla pravidla pravidla pravidla pravidla pravidla pravidla pravidla pravidla pravidla pravidla pravidla pravidla pravidla pravidla pravidla pravidla pravidla pravidla pravidla pravidla pravidla pravidla pravidla pravidla pravidla pravidla pravidla pravidla pravidla pravidla pravidla pravidla pravidla pravidla pravidla pravidla pravidla pravidla pravidla pravidla pravidla pravidla pravidla pravidla pravidla pravidla pravidla pravidla pravidla pravidla pravidla pravidla pravidla pravidla pravidla pravidla pravidla pravidla pravidla pravidla pravidla pravidla pravidla pravidla pravidla pravidla pravidla pravidla pravidla pravidla pravidla pravidla pravidla pravidla pravidla pravidla pravidla pravidla pravidla pravidla pravidla pravidla pravidla pravidla pravidla pravidla pravidla pravidla pravidla pravidla pravidla pravidla pravidla pravidla pravidla pravidla pravidla pravidla pravidla pravidla pravidla pravidla pravidla pravidla pravidla pravidla pravidla pravidla pravidla pravidla pravidla pravidla pravidla pravidla pravidla pravidla pravidla pravidla pravidla pravidla pravidla pravidla pravidla pravidla pravidla pravidla pravidla pravidla pravidla pravidla pravidla pravidla pravidla pravidla pravidla pravidla pravidla pravidla pravidla pravidla pravidla pravidla pravidla pravidla pravidla pravidla pravidla pravidla pravidla pravidla pravidla pravidla pravidla pravidla pravidla pravidla pravidla pravidla pravidla pravidla pravidla pravidla pravidla pravidla pravidla pravidla
MTX201501307_anon,8,1,8,pravidla pravidla pravidla pravidla pravidla pravidla pravidla pravidla pravidla pravidla pravidla pravidla pravidla pravidla pravidla pravidla pravidla pravidla pravidla pravidla pravidla pravidla pravidla pravidla pravidla pravidla pravidla pravidla pravidla pravidla pravidla pravidla pravidla pravidla pravidla pravidla pravidla pravidla pravidla pravidla pravidla pravidla pravidla pravidla pravidla pravidla pravidla pravidla pravidla pravidla pravidla pravidla pravidla pravidla pravidla pravidla pravidla pravidla pravidla pravidla pravidla pravidla pravidla pravidla pravidla pravidla pravidla pravidla pravidla pravidla pravidla pravidla pravidla pravidla pravidla pravidla pravidla pravidla pravidla pravidla pravidla pravidla pravidla pravidla pravidla pravidla pravidla pravidla pravidla pravidla pravidla pravidla pravidla pravidla pravidla pravidla pravidla pravidla pravidla pravidla pravidla pravidla
MTX201501307_anon,8,1,5. Stručná historie obce Vraní,pravidla pravidla pravidla pravidla pravidla pravidla pravidla pravidla pravidla pravidla pravidla pravidla pravidla pravidla pravidla pravidla pravidla pravidla pravidla pravidla pravidla pravidla pravidla pravidla pravidla pravidla pravidla pravidla pravidla pravidla pravidla pravidla pravidla pravidla pravidla pravidla pravidla pravidla pravidla pravidla pravidla pravidla pravidla pravidla pravidla pravidla pravidla pravidla pravidla pravidla pravidla pravidla pravidla pravidla pravidla pravidla pravidla pravidla pravidla pravidla pravidla pravidla pravidla pravidla pravidla pravidla pravidla pravidla pravidla pravidla pravidla pravidla pravidla pravidla pravidla pravidla pravidla pravidla pravidla pravidla pravidla pravidla pravidla pravidla pravidla pravidla pravidla pravidla pravidla pravidla pravidla pravidla pravidla pravidla pravidla pravidla pravidla pravidla pravidla pravidla pravidla pravidla pravidla pravidla pravidla pravidla pravidla pravidla pravidla pravidla pravidla pravidla pravidla pravidla pravidla pravidla pravidla pravidla pravidla pravidla pravidla pravidla pravidla pravidla pravidla pravidla pravidla pravidla pravidla pravidla pravidla pravidla pravidla pravidla pravidla pravidla pravidla pravidla pravidla pravidla pravidla pravidla pravidla pravidla pravidla pravidla pravidla pravidla pravidla pravidla pravidla pravidla pravidla pravidla pravidla pravidla pravidla pravidla pravidla pravidla pravidla pravidla pravidla pravidla pravidla pravidla pravidla pravidla pravidla pravidla pravidla pravidla pravidla pravidla pravidla pravidla pravidla pravidla pravidla pravidla pravidla pravidla pravidla pravidla pravidla pravidla pravidla pravidla pravidla pravidla pravidla pravidla pravidla pravidla pravidla pravidla pravidla pravidla pravidla pravidla pravidla pravidla pravidla pravidla pravidla pravidla pravidla pravidla pravidla pravidla pravidla pravidla pravidla pravidla pravidla pravidla pravidla pravidla pravidla pravidla pravidla pravidla pravidla pravidla pravidla pravidla pravidla pravidla pravidla pravidla pravidla pravidla pravidla pravidla pravidla pravidla pravidla pravidla pravidla pravidla pravidla pravidla pravidla pravidla pravidla pravidla pravidla pravidla pravidla pravidla pravidla pravidla pravidla pravidla pravidla pravidla pravidla pravidla pravidla pravidla pravidla pravidla pravidla pravidla pravidla pravidla pravidla pravidla pravidla pravidla pravidla pravidla pravidla pravidla pravidla pravidla pravidla pravidla pravidla pravidla pravidla pravidla pravidla pravidla pravidla pravidla pravidla pravidla pravidla pravidla pravidla pravidla pravidla pravidla pravidla pravidla pravidla pravidla pravidla pravidla pravidla pravidla pravidla pravidla pravidla pravidla pravidla pravidla pravidla pravidla pravidla pravidla pravidla pravidla pravidla pravidla pravidla pravidla pravidla pravidla pravidla pravidla pravidla pravidla pravidla pravidla pravidla pravidla pravidla pravidla pravidla pravidla pravidla pravidla pravidla pravidla pravidla pravidla pravidla pravidla pravidla pravidla pravidla pravidla pravidla pravidla pravidla pravidla pravidla pravidla pravidla pravidla pravidla pravidla
MTX201501307_anon,8,1,Místní jméno Vraní je vykládáno jako „místo kde jsou vrány“. Správnost interpretace,pravidla pravidla pravidla pravidla pravidla pravidla
MTX201501307_anon,8,2,"je odůvodňována výklady podobných místních jmen, jako jsou Jelení, Pstruží apod. (Brázda -",pravidla pravidla pravidla pravidla pravidla pravidla
MTX201501307_anon,8,3,"Vacek 1980, 800).",pravidla pravidla pravidla
MTX201501307_anon,8,4,"Nejstarší písemný záznam dokládající existenci obce pochází z r. 1348, kdy Načerat",pravidla pravidla pravidla pravidla pravidla pravidla pravidla
MTX201501307_anon,8,5,z Skály se svými syny převádí mezi jiným zbožím i ves Vraní do vlastnictví bratrů Olbrama,pravidla pravidla pravidla pravidla pravidla pravidla pravidla pravidla pravidla
MTX201501307_anon,8,6,"a Slavibora z Pernova (Mareš a kol. 1856, 1). V r. 1358 získává od Olbrama část Bukovice a další",pravidla pravidla pravidla pravidla pravidla pravidla pravidla pravidla pravidla
MTX201501307_anon,8,7,příslušející majetky moravský markrabě Jan Vladislav Korutanský. Vraní sice není jmenovitě,pravidla pravidla pravidla pravidla pravidla
MTX201501307_anon,8,8,"zmiňováno, ale lze předpokládat, že rovněž bylo mezi těmito statky, protože už o dva roky",pravidla pravidla pravidla pravidla pravidla pravidla pravidla pravidla
MTX201501307_anon,8,9,později (1360) převádí moravský markrabě Jan svůj díl Bukovice spolu s dalšími vesnicemi,pravidla pravidla pravidla pravidla pravidla pravidla
MTX201501307_anon,8,10,"Janu z Pernova a při této události je Vraní zmíněno (Brázda 2004, 71). V následujících letech",pravidla pravidla pravidla pravidla pravidla pravidla pravidla pravidla
MTX201501307_anon,8,11,Vraní opět přešlo do držení Korutanů. V r. 1384 dává markrabě Smil Moravský,pravidla pravidla pravidla pravidla pravidla pravidla pravidla
MTX201501307_anon,8,12,(Korutanský) v léno hrad Ostrovec s dílem Bukovice a několika vesnicemi (mezi nimi i Vraní),pravidla pravidla pravidla pravidla pravidla pravidla pravidla
MTX201501307_anon,8,13,Načeratovi z Lomnice. Načerat dává toto zboží někdy před r. 1417 v zástavu Stiboru z Vlčova. Po,pravidla pravidla pravidla pravidla pravidla pravidla pravidla pravidla pravidla
MTX201501307_anon,8,14,"Načeratově smrti vyplácí majetky zpět Hroznata Sezema z Lomnice a Lichnova (tamtéž, 335). Pak",pravidla pravidla pravidla pravidla pravidla pravidla pravidla
MTX201501307_anon,8,15,"ostrovecké a bystřické panství přebírají pánové z Sokolova (tamtéž, 71). V r. 1585 prodávají",pravidla pravidla pravidla pravidla pravidla pravidla pravidla pravidla
MTX201501307_anon,8,16,"Jan a Bavor z Sokolova starosídelní panství, ke kterému tehdy náleželo i Vraní, Diviši",pravidla pravidla pravidla pravidla pravidla pravidla pravidla
MTX201501307_anon,8,17,Lipovskému z Olešnic. Od té doby je osud Vraní úzce spojen s Starým Sídlem. Po r. 1620,pravidla pravidla pravidla pravidla pravidla pravidla pravidla pravidla
MTX201501307_anon,8,18,bylo panství pánů z Olešnic zkonfiskováno a následně r. 1624 prodáno knížeti Albrechtu,pravidla pravidla pravidla pravidla pravidla pravidla pravidla
MTX201501307_anon,8,19,kardinálu z Rožmberka. Jeho dědic Bavor z Rožmberka jej prodává r. 1638 Bedřichu,pravidla pravidla pravidla pravidla pravidla pravidla
MTX201501307_anon,8,20,Wartemberkovi z Falknova. Po Bedřichově smrti spravuje statky jeho syn Albrecht Bavor.,pravidla pravidla pravidla pravidla pravidla
MTX201501307_anon,8,21,"S nabytým majetkem ovšem hospodařil natolik špatně, že panství zcela zadlužil a následně",pravidla pravidla pravidla pravidla pravidla pravidla
MTX201501307_anon,8,22,mu bylo i výrokem soudu odejmuto. Tak se r. 1691 dostává opět do rukou Rožmberků. Ti,pravidla pravidla pravidla pravidla pravidla pravidla pravidla pravidla
MTX201501307_anon,8,23,"poté panství postupují tzv. Mariánské škole v Hradci (Nadační ústav šlechtičen) (tamtéž, 74).",pravidla pravidla pravidla pravidla pravidla pravidla pravidla pravidla
MTX201501307_anon,8,24,Podle obecního zákona z r. 1849 se od r. 1850 stává nejnižší jednotkou politické správy obec.,pravidla pravidla pravidla pravidla pravidla pravidla pravidla pravidla
MTX201501307_anon,8,25,Na základě tohoto zákona je r. 1854 schválena nová politická a soudní organizace korunních,pravidla pravidla pravidla pravidla pravidla
MTX201501307_anon,8,26,"zemí, podle které je vyhlášeno okresní hejtmanství a soudní okres Staré Sídlo (Bláhová",pravidla pravidla pravidla pravidla
MTX201501307_anon,8,27,"2010, 1). V rámci rozsáhlého slučování obcí v 2. pol. 20. stol. bylo Vraní r. 1980 připojeno",pravidla pravidla pravidla pravidla pravidla pravidla pravidla pravidla pravidla
MTX201501307_anon,8,28,k Starému Sídlu na Vysočině. Svou samostatnost získalo zpět po změně politických poměrů,pravidla pravidla pravidla pravidla pravidla pravidla pravidla pravidla
MTX201501307_anon,8,29,"v r. 1992 (Vavřinec 2001, 208).",pravidla pravidla pravidla pravidla pravidla pravidla pravidla pravidla pravidla pravidla pravidla pravidla pravidla pravidla pravidla pravidla pravidla pravidla pravidla pravidla pravidla pravidla pravidla pravidla pravidla pravidla pravidla pravidla pravidla pravidla pravidla pravidla pravidla pravidla pravidla pravidla pravidla pravidla pravidla pravidla pravidla pravidla pravidla pravidla pravidla pravidla pravidla pravidla pravidla pravidla pravidla pravidla pravidla pravidla pravidla pravidla pravidla pravidla pravidla pravidla pravidla pravidla pravidla pravidla pravidla pravidla pravidla pravidla pravidla pravidla pravidla pravidla pravidla pravidla pravidla pravidla pravidla pravidla pravidla pravidla pravidla pravidla pravidla pravidla pravidla pravidla pravidla pravidla pravidla pravidla pravidla pravidla pravidla pravidla pravidla pravidla pravidla pravidla pravidla pravidla pravidla pravidla pravidla pravidla pravidla pravidla pravidla pravidla pravidla pravidla pravidla pravidla pravidla pravidla pravidla pravidla pravidla pravidla pravidla pravidla pravidla pravidla pravidla pravidla pravidla pravidla pravidla pravidla pravidla pravidla pravidla pravidla pravidla pravidla pravidla pravidla pravidla pravidla pravidla pravidla pravidla pravidla pravidla pravidla pravidla pravidla pravidla pravidla pravidla pravidla pravidla pravidla pravidla pravidla pravidla pravidla pravidla pravidla pravidla pravidla pravidla pravidla pravidla pravidla pravidla pravidla pravidla pravidla pravidla pravidla pravidla pravidla pravidla pravidla pravidla pravidla pravidla pravidla pravidla pravidla pravidla pravidla pravidla pravidla pravidla pravidla pravidla pravidla pravidla pravidla pravidla pravidla pravidla pravidla pravidla pravidla pravidla pravidla pravidla pravidla pravidla pravidla pravidla pravidla pravidla pravidla pravidla pravidla pravidla pravidla pravidla pravidla pravidla pravidla pravidla pravidla pravidla pravidla pravidla pravidla pravidla pravidla pravidla pravidla pravidla pravidla pravidla pravidla pravidla pravidla pravidla pravidla pravidla pravidla pravidla pravidla pravidla pravidla pravidla pravidla pravidla pravidla pravidla pravidla pravidla pravidla pravidla pravidla pravidla pravidla pravidla pravidla pravidla pravidla pravidla pravidla pravidla pravidla pravidla pravidla pravidla pravidla pravidla pravidla pravidla pravidla pravidla pravidla pravidla pravidla pravidla pravidla pravidla pravidla pravidla pravidla pravidla pravidla pravidla pravidla pravidla pravidla pravidla pravidla pravidla pravidla pravidla pravidla pravidla pravidla pravidla pravidla pravidla pravidla pravidla pravidla pravidla pravidla pravidla pravidla pravidla pravidla pravidla pravidla pravidla pravidla pravidla pravidla pravidla pravidla pravidla pravidla pravidla pravidla pravidla pravidla pravidla pravidla pravidla pravidla pravidla pravidla pravidla pravidla pravidla pravidla pravidla pravidla pravidla pravidla pravidla pravidla pravidla pravidla pravidla pravidla pravidla pravidla pravidla pravidla pravidla pravidla pravidla pravidla pravidla pravidla pravidla pravidla pravidla pravidla pravidla pravidla pravidla pravidla pravidla pravidla pravidla pravidla pravidla pravidla pravidla pravidla pravidla pravidla pravidla pravidla pravidla pravidla pravidla pravidla pravidla pravidla pravidla pravidla pravidla pravidla pravidla pravidla pravidla pravidla pravidla pravidla pravidla pravidla pravidla pravidla pravidla pravidla pravidla pravidla pravidla pravidla pravidla pravidla pravidla pravidla pravidla pravidla pravidla pravidla pravidla pravidla pravidla pravidla pravidla pravidla pravidla pravidla pravidla pravidla pravidla pravidla pravidla pravidla pravidla pravidla pravidla pravidla pravidla pravidla pravidla pravidla pravidla pravidla pravidla pravidla pravidla pravidla pravidla pravidla pravidla pravidla pravidla pravidla pravidla pravidla pravidla pravidla pravidla pravidla pravidla pravidla pravidla pravidla pravidla pravidla pravidla pravidla pravidla pravidla pravidla pravidla pravidla pravidla pravidla pravidla pravidla pravidla pravidla pravidla pravidla pravidla pravidla pravidla pravidla pravidla pravidla pravidla pravidla pravidla pravidla pravidla pravidla pravidla pravidla pravidla pravidla pravidla pravidla pravidla pravidla pravidla pravidla pravidla pravidla pravidla pravidla pravidla pravidla pravidla pravidla pravidla pravidla pravidla pravidla pravidla pravidla pravidla pravidla pravidla pravidla pravidla pravidla pravidla pravidla pravidla pravidla pravidla pravidla pravidla pravidla pravidla pravidla pravidla pravidla pravidla pravidla pravidla pravidla pravidla pravidla pravidla pravidla pravidla pravidla pravidla pravidla pravidla pravidla pravidla pravidla pravidla pravidla pravidla pravidla pravidla pravidla pravidla pravidla pravidla pravidla pravidla pravidla pravidla pravidla pravidla pravidla pravidla pravidla pravidla pravidla pravidla pravidla pravidla pravidla pravidla pravidla pravidla pravidla pravidla pravidla pravidla pravidla pravidla pravidla pravidla pravidla pravidla pravidla pravidla pravidla pravidla pravidla pravidla pravidla pravidla pravidla pravidla pravidla pravidla pravidla pravidla pravidla pravidla pravidla pravidla pravidla pravidla pravidla pravidla pravidla pravidla pravidla pravidla pravidla pravidla pravidla pravidla pravidla pravidla pravidla pravidla pravidla pravidla pravidla pravidla pravidla pravidla pravidla pravidla pravidla pravidla pravidla pravidla pravidla pravidla pravidla pravidla pravidla pravidla pravidla pravidla pravidla pravidla pravidla pravidla pravidla pravidla pravidla pravidla pravidla pravidla pravidla pravidla pravidla pravidla pravidla pravidla pravidla pravidla pravidla pravidla pravidla pravidla pravidla pravidla pravidla pravidla pravidla pravidla pravidla pravidla pravidla pravidla pravidla pravidla pravidla pravidla pravidla pravidla pravidla pravidla pravidla pravidla pravidla pravidla pravidla pravidla pravidla pravidla pravidla pravidla pravidla pravidla pravidla pravidla pravidla pravidla pravidla pravidla pravidla pravidla pravidla pravidla pravidla pravidla pravidla pravidla pravidla pravidla pravidla pravidla pravidla pravidla pravidla pravidla pravidla pravidla pravidla pravidla pravidla pravidla pravidla pravidla pravidla pravidla pravidla pravidla pravidla pravidla pravidla pravidla pravidla pravidla pravidla pravidla pravidla pravidla pravidla pravidla pravidla pravidla pravidla pravidla pravidla pravidla pravidla pravidla pravidla pravidla pravidla pravidla pravidla pravidla pravidla pravidla pravidla pravidla pravidla pravidla pravidla pravidla pravidla pravidla pravidla pravidla pravidla pravidla pravidla pravidla pravidla pravidla pravidla pravidla pravidla pravidla pravidla pravidla pravidla pravidla pravidla pravidla pravidla pravidla pravidla pravidla pravidla pravidla pravidla pravidla pravidla pravidla pravidla pravidla pravidla pravidla pravidla pravidla pravidla pravidla pravidla pravidla pravidla pravidla pravidla pravidla pravidla pravidla pravidla pravidla pravidla pravidla pravidla pravidla pravidla pravidla pravidla pravidla pravidla pravidla pravidla pravidla pravidla pravidla pravidla pravidla pravidla pravidla pravidla pravidla pravidla pravidla pravidla pravidla pravidla pravidla pravidla pravidla pravidla pravidla pravidla pravidla pravidla pravidla pravidla pravidla pravidla pravidla pravidla pravidla pravidla pravidla pravidla pravidla pravidla pravidla pravidla pravidla pravidla pravidla pravidla pravidla pravidla pravidla pravidla pravidla pravidla pravidla pravidla pravidla pravidla pravidla pravidla pravidla pravidla pravidla pravidla pravidla pravidla pravidla pravidla pravidla pravidla pravidla pravidla pravidla pravidla pravidla pravidla pravidla pravidla pravidla pravidla pravidla pravidla pravidla pravidla pravidla pravidla pravidla pravidla pravidla pravidla pravidla pravidla pravidla pravidla pravidla pravidla pravidla pravidla pravidla pravidla pravidla pravidla pravidla pravidla pravidla pravidla pravidla pravidla pravidla pravidla pravidla pravidla pravidla pravidla pravidla pravidla pravidla pravidla pravidla pravidla pravidla pravidla pravidla pravidla pravidla pravidla pravidla pravidla pravidla pravidla pravidla pravidla pravidla pravidla pravidla pravidla pravidla pravidla pravidla pravidla pravidla pravidla pravidla pravidla pravidla pravidla pravidla pravidla pravidla pravidla pravidla pravidla pravidla pravidla pravidla pravidla pravidla pravidla pravidla pravidla pravidla pravidla pravidla pravidla pravidla pravidla pravidla pravidla pravidla pravidla pravidla pravidla pravidla pravidla pravidla pravidla pravidla pravidla pravidla pravidla pravidla pravidla pravidla pravidla pravidla pravidla pravidla pravidla pravidla pravidla pravidla pravidla pravidla pravidla pravidla pravidla pravidla pravidla pravidla pravidla pravidla pravidla pravidla pravidla pravidla pravidla pravidla pravidla pravidla pravidla pravidla pravidla pravidla pravidla pravidla pravidla pravidla pravidla pravidla pravidla pravidla pravidla pravidla pravidla pravidla pravidla pravidla pravidla pravidla pravidla pravidla pravidla pravidla pravidla pravidla pravidla pravidla pravidla pravidla pravidla pravidla pravidla pravidla pravidla pravidla pravidla pravidla pravidla pravidla pravidla pravidla pravidla pravidla pravidla pravidla pravidla pravidla pravidla pravidla pravidla pravidla pravidla pravidla pravidla pravidla pravidla pravidla pravidla pravidla pravidla pravidla pravidla pravidla pravidla pravidla pravidla pravidla pravidla pravidla pravidla pravidla pravidla pravidla pravidla pravidla pravidla pravidla pravidla pravidla pravidla pravidla pravidla pravidla pravidla pravidla pravidla pravidla pravidla pravidla pravidla pravidla pravidla pravidla pravidla pravidla pravidla pravidla pravidla pravidla pravidla pravidla pravidla pravidla pravidla pravidla pravidla pravidla pravidla pravidla pravidla pravidla pravidla pravidla pravidla pravidla pravidla pravidla pravidla pravidla pravidla pravidla pravidla pravidla pravidla pravidla pravidla pravidla pravidla pravidla pravidla pravidla pravidla pravidla pravidla pravidla pravidla pravidla pravidla pravidla pravidla pravidla pravidla pravidla pravidla pravidla pravidla pravidla pravidla pravidla pravidla pravidla pravidla pravidla pravidla pravidla pravidla pravidla pravidla pravidla pravidla pravidla pravidla pravidla pravidla pravidla pravidla pravidla pravidla pravidla pravidla pravidla pravidla pravidla pravidla pravidla pravidla pravidla pravidla pravidla pravidla pravidla pravidla pravidla pravidla pravidla pravidla pravidla pravidla pravidla pravidla pravidla pravidla pravidla pravidla pravidla pravidla pravidla pravidla pravidla pravidla pravidla pravidla pravidla pravidla pravidla pravidla pravidla pravidla pravidla pravidla pravidla pravidla pravidla pravidla pravidla pravidla pravidla pravidla pravidla pravidla pravidla pravidla pravidla pravidla pravidla pravidla pravidla pravidla pravidla pravidla pravidla pravidla pravidla pravidla pravidla pravidla pravidla pravidla pravidla pravidla pravidla pravidla pravidla pravidla pravidla pravidla pravidla pravidla pravidla pravidla pravidla pravidla pravidla pravidla pravidla pravidla pravidla pravidla pravidla pravidla pravidla pravidla pravidla pravidla pravidla pravidla pravidla pravidla pravidla pravidla pravidla pravidla pravidla pravidla pravidla pravidla pravidla pravidla pravidla pravidla pravidla pravidla pravidla pravidla pravidla pravidla pravidla pravidla pravidla pravidla pravidla pravidla pravidla pravidla pravidla pravidla pravidla pravidla pravidla pravidla pravidla pravidla pravidla pravidla pravidla pravidla pravidla pravidla pravidla pravidla pravidla pravidla pravidla pravidla pravidla pravidla pravidla pravidla pravidla pravidla pravidla pravidla pravidla pravidla pravidla pravidla pravidla pravidla pravidla pravidla pravidla pravidla pravidla pravidla pravidla pravidla pravidla pravidla pravidla pravidla pravidla pravidla pravidla pravidla pravidla pravidla pravidla pravidla pravidla pravidla pravidla pravidla pravidla pravidla pravidla pravidla pravidla pravidla pravidla pravidla pravidla pravidla pravidla pravidla pravidla pravidla pravidla pravidla pravidla pravidla pravidla pravidla pravidla pravidla pravidla pravidla pravidla pravidla pravidla pravidla pravidla pravidla pravidla pravidla pravidla pravidla pravidla pravidla pravidla pravidla pravidla pravidla pravidla pravidla pravidla pravidla pravidla pravidla pravidla pravidla pravidla pravidla pravidla pravidla pravidla pravidla pravidla pravidla pravidla pravidla pravidla pravidla pravidla pravidla pravidla pravidla pravidla pravidla pravidla pravidla pravidla pravidla pravidla pravidla pravidla pravidla pravidla pravidla pravidla pravidla pravidla pravidla pravidla pravidla pravidla pravidla pravidla pravidla pravidla pravidla pravidla pravidla pravidla pravidla pravidla pravidla pravidla pravidla pravidla pravidla pravidla pravidla pravidla pravidla pravidla pravidla pravidla pravidla pravidla pravidla pravidla pravidla pravidla pravidla pravidla pravidla pravidla pravidla pravidla pravidla pravidla pravidla pravidla pravidla pravidla pravidla pravidla pravidla pravidla pravidla pravidla pravidla pravidla pravidla pravidla pravidla pravidla pravidla pravidla pravidla pravidla pravidla pravidla pravidla pravidla pravidla pravidla pravidla pravidla pravidla pravidla pravidla pravidla pravidla pravidla pravidla pravidla pravidla pravidla pravidla pravidla pravidla pravidla pravidla pravidla pravidla pravidla pravidla pravidla pravidla pravidla pravidla pravidla pravidla pravidla pravidla pravidla pravidla pravidla pravidla pravidla pravidla pravidla pravidla pravidla pravidla pravidla pravidla pravidla pravidla pravidla pravidla pravidla pravidla pravidla pravidla pravidla pravidla pravidla pravidla pravidla pravidla pravidla pravidla pravidla pravidla pravidla pravidla pravidla pravidla pravidla pravidla pravidla pravidla pravidla pravidla pravidla pravidla pravidla pravidla pravidla pravidla pravidla pravidla pravidla pravidla pravidla pravidla pravidla pravidla pravidla pravidla pravidla pravidla pravidla pravidla pravidla pravidla pravidla pravidla pravidla pravidla pravidla pravidla pravidla pravidla pravidla pravidla pravidla pravidla pravidla pravidla pravidla pravidla pravidla pravidla pravidla pravidla pravidla pravidla pravidla pravidla pravidla pravidla pravidla pravidla pravidla pravidla pravidla pravidla pravidla pravidla pravidla pravidla pravidla pravidla pravidla pravidla pravidla pravidla pravidla pravidla pravidla pravidla pravidla pravidla pravidla pravidla pravidla pravidla pravidla pravidla pravidla pravidla pravidla pravidla pravidla pravidla pravidla pravidla pravidla pravidla pravidla pravidla pravidla pravidla pravidla pravidla pravidla pravidla pravidla pravidla pravidla pravidla pravidla pravidla pravidla pravidla pravidla pravidla pravidla pravidla pravidla pravidla pravidla pravidla pravidla pravidla pravidla pravidla pravidla pravidla pravidla pravidla pravidla pravidla pravidla pravidla pravidla pravidla pravidla pravidla pravidla pravidla pravidla pravidla pravidla pravidla pravidla pravidla pravidla pravidla pravidla pravidla pravidla pravidla pravidla pravidla pravidla pravidla pravidla pravidla pravidla pravidla pravidla pravidla pravidla pravidla pravidla pravidla pravidla pravidla pravidla pravidla pravidla pravidla pravidla pravidla pravidla pravidla pravidla pravidla pravidla pravidla pravidla pravidla pravidla pravidla pravidla pravidla pravidla pravidla pravidla pravidla pravidla pravidla pravidla pravidla pravidla pravidla pravidla pravidla pravidla pravidla pravidla pravidla pravidla pravidla pravidla pravidla pravidla pravidla pravidla pravidla pravidla pravidla pravidla pravidla pravidla pravidla pravidla pravidla pravidla pravidla pravidla pravidla pravidla pravidla pravidla pravidla pravidla pravidla pravidla pravidla pravidla pravidla pravidla pravidla pravidla pravidla pravidla pravidla pravidla pravidla pravidla pravidla pravidla pravidla pravidla pravidla pravidla pravidla pravidla pravidla pravidla pravidla pravidla pravidla pravidla pravidla pravidla pravidla pravidla pravidla pravidla pravidla pravidla pravidla pravidla pravidla pravidla pravidla pravidla pravidla pravidla pravidla pravidla pravidla pravidla pravidla pravidla pravidla pravidla pravidla pravidla pravidla pravidla pravidla pravidla pravidla pravidla pravidla pravidla pravidla pravidla pravidla pravidla pravidla pravidla pravidla pravidla pravidla pravidla pravidla pravidla pravidla pravidla pravidla pravidla pravidla pravidla pravidla pravidla pravidla pravidla pravidla pravidla pravidla pravidla pravidla pravidla pravidla pravidla pravidla pravidla pravidla pravidla pravidla pravidla pravidla pravidla pravidla pravidla pravidla pravidla pravidla pravidla pravidla pravidla pravidla pravidla pravidla pravidla pravidla pravidla pravidla pravidla pravidla pravidla pravidla pravidla pravidla pravidla pravidla pravidla pravidla pravidla pravidla pravidla pravidla pravidla pravidla pravidla pravidla pravidla pravidla pravidla pravidla pravidla pravidla pravidla pravidla pravidla pravidla pravidla pravidla pravidla pravidla pravidla pravidla pravidla pravidla pravidla pravidla pravidla pravidla pravidla pravidla pravidla pravidla pravidla pravidla pravidla pravidla pravidla pravidla pravidla pravidla pravidla pravidla pravidla pravidla pravidla pravidla pravidla pravidla pravidla pravidla pravidla pravidla pravidla pravidla pravidla pravidla pravidla pravidla pravidla pravidla pravidla pravidla pravidla pravidla pravidla pravidla pravidla pravidla pravidla pravidla pravidla pravidla pravidla pravidla pravidla pravidla pravidla pravidla pravidla pravidla pravidla pravidla pravidla pravidla pravidla pravidla pravidla pravidla pravidla pravidla pravidla pravidla pravidla pravidla pravidla pravidla pravidla pravidla pravidla pravidla pravidla pravidla pravidla pravidla pravidla pravidla pravidla pravidla pravidla pravidla pravidla pravidla pravidla pravidla pravidla pravidla pravidla pravidla pravidla pravidla pravidla pravidla pravidla pravidla pravidla pravidla pravidla pravidla pravidla pravidla pravidla pravidla pravidla pravidla pravidla pravidla pravidla pravidla pravidla pravidla pravidla pravidla pravidla pravidla pravidla pravidla pravidla pravidla pravidla pravidla pravidla pravidla pravidla pravidla pravidla pravidla pravidla pravidla pravidla pravidla pravidla pravidla pravidla pravidla pravidla pravidla pravidla pravidla pravidla pravidla pravidla pravidla pravidla pravidla pravidla pravidla pravidla pravidla pravidla pravidla pravidla pravidla pravidla pravidla pravidla pravidla pravidla pravidla pravidla pravidla pravidla pravidla pravidla pravidla pravidla pravidla pravidla pravidla pravidla pravidla pravidla pravidla pravidla pravidla pravidla pravidla pravidla pravidla pravidla pravidla pravidla pravidla pravidla pravidla pravidla pravidla pravidla pravidla pravidla pravidla pravidla pravidla pravidla pravidla pravidla pravidla pravidla pravidla pravidla pravidla pravidla pravidla pravidla pravidla pravidla pravidla pravidla pravidla pravidla pravidla pravidla pravidla pravidla pravidla pravidla pravidla pravidla pravidla pravidla pravidla pravidla pravidla pravidla pravidla pravidla pravidla pravidla pravidla pravidla pravidla pravidla pravidla pravidla pravidla pravidla pravidla pravidla pravidla pravidla pravidla pravidla pravidla pravidla pravidla pravidla pravidla pravidla pravidla pravidla pravidla pravidla pravidla pravidla pravidla pravidla pravidla pravidla pravidla pravidla pravidla pravidla pravidla pravidla pravidla pravidla pravidla pravidla pravidla pravidla pravidla pravidla pravidla pravidla pravidla pravidla pravidla pravidla pravidla pravidla pravidla pravidla pravidla pravidla pravidla pravidla pravidla pravidla pravidla pravidla pravidla pravidla pravidla pravidla pravidla pravidla pravidla pravidla pravidla pravidla pravidla pravidla pravidla pravidla pravidla pravidla pravidla pravidla pravidla pravidla pravidla pravidla pravidla pravidla pravidla pravidla pravidla pravidla pravidla pravidla pravidla pravidla pravidla pravidla pravidla pravidla pravidla pravidla pravidla pravidla pravidla pravidla pravidla pravidla pravidla pravidla pravidla pravidla pravidla pravidla pravidla pravidla pravidla pravidla pravidla pravidla pravidla pravidla pravidla pravidla pravidla pravidla pravidla pravidla pravidla pravidla pravidla pravidla pravidla pravidla pravidla pravidla pravidla pravidla pravidla pravidla pravidla pravidla pravidla pravidla pravidla pravidla pravidla pravidla pravidla pravidla pravidla pravidla pravidla pravidla pravidla pravidla pravidla pravidla pravidla pravidla pravidla pravidla pravidla pravidla pravidla pravidla pravidla pravidla pravidla pravidla pravidla pravidla pravidla pravidla pravidla pravidla pravidla pravidla pravidla pravidla pravidla pravidla pravidla pravidla pravidla pravidla pravidla pravidla pravidla pravidla pravidla pravidla pravidla pravidla pravidla pravidla pravidla pravidla pravidla pravidla pravidla pravidla pravidla pravidla pravidla pravidla pravidla pravidla pravidla pravidla pravidla pravidla pravidla pravidla pravidla pravidla pravidla pravidla pravidla pravidla pravidla pravidla pravidla pravidla pravidla pravidla pravidla pravidla pravidla pravidla pravidla pravidla pravidla pravidla pravidla pravidla pravidla pravidla pravidla pravidla pravidla pravidla pravidla pravidla pravidla pravidla pravidla pravidla pravidla pravidla pravidla pravidla pravidla pravidla pravidla pravidla pravidla pravidla pravidla pravidla pravidla pravidla pravidla pravidla pravidla pravidla pravidla pravidla pravidla pravidla pravidla pravidla pravidla pravidla pravidla pravidla pravidla pravidla pravidla pravidla pravidla pravidla pravidla pravidla pravidla pravidla pravidla pravidla pravidla pravidla pravidla pravidla pravidla pravidla pravidla pravidla pravidla pravidla pravidla pravidla pravidla pravidla pravidla pravidla pravidla pravidla pravidla pravidla pravidla pravidla pravidla pravidla pravidla pravidla pravidla pravidla pravidla pravidla pravidla pravidla pravidla pravidla pravidla pravidla pravidla pravidla pravidla pravidla pravidla pravidla pravidla pravidla pravidla pravidla pravidla pravidla pravidla pravidla pravidla pravidla pravidla pravidla pravidla pravidla pravidla pravidla pravidla pravidla pravidla pravidla pravidla pravidla pravidla pravidla pravidla pravidla pravidla pravidla pravidla pravidla pravidla pravidla pravidla pravidla pravidla pravidla pravidla pravidla pravidla pravidla pravidla pravidla pravidla pravidla pravidla pravidla pravidla pravidla pravidla pravidla pravidla pravidla pravidla pravidla pravidla pravidla pravidla pravidla pravidla pravidla pravidla pravidla pravidla pravidla pravidla pravidla pravidla pravidla pravidla pravidla pravidla pravidla pravidla pravidla pravidla pravidla pravidla pravidla pravidla pravidla pravidla pravidla pravidla pravidla pravidla pravidla pravidla pravidla pravidla pravidla pravidla pravidla pravidla pravidla pravidla pravidla pravidla pravidla pravidla pravidla pravidla pravidla pravidla pravidla pravidla pravidla pravidla pravidla pravidla pravidla pravidla pravidla pravidla pravidla pravidla pravidla pravidla pravidla pravidla pravidla pravidla pravidla pravidla pravidla pravidla pravidla pravidla pravidla pravidla pravidla pravidla pravidla pravidla pravidla pravidla pravidla pravidla pravidla pravidla pravidla pravidla pravidla pravidla pravidla pravidla pravidla pravidla pravidla pravidla pravidla pravidla pravidla pravidla pravidla pravidla pravidla pravidla pravidla pravidla pravidla pravidla pravidla pravidla pravidla pravidla pravidla pravidla pravidla pravidla pravidla pravidla pravidla pravidla pravidla pravidla pravidla pravidla pravidla pravidla pravidla pravidla pravidla pravidla pravidla pravidla pravidla pravidla pravidla pravidla pravidla pravidla pravidla pravidla pravidla pravidla pravidla pravidla pravidla pravidla pravidla pravidla pravidla pravidla pravidla pravidla pravidla pravidla pravidla pravidla pravidla pravidla pravidla pravidla pravidla pravidla pravidla pravidla pravidla pravidla pravidla pravidla pravidla pravidla pravidla pravidla pravidla pravidla pravidla pravidla pravidla pravidla pravidla pravidla pravidla pravidla pravidla pravidla pravidla pravidla pravidla pravidla pravidla pravidla pravidla pravidla pravidla pravidla pravidla pravidla pravidla pravidla pravidla pravidla pravidla pravidla pravidla pravidla pravidla pravidla pravidla pravidla pravidla pravidla pravidla pravidla pravidla pravidla pravidla pravidla pravidla pravidla pravidla pravidla pravidla pravidla pravidla pravidla pravidla pravidla pravidla pravidla pravidla pravidla pravidla pravidla pravidla pravidla pravidla pravidla pravidla pravidla pravidla pravidla pravidla pravidla pravidla pravidla pravidla pravidla pravidla pravidla pravidla pravidla pravidla pravidla pravidla pravidla pravidla pravidla pravidla pravidla pravidla pravidla pravidla pravidla pravidla pravidla pravidla pravidla pravidla pravidla pravidla pravidla pravidla pravidla pravidla pravidla pravidla pravidla pravidla pravidla pravidla pravidla pravidla pravidla pravidla pravidla pravidla pravidla pravidla pravidla pravidla pravidla pravidla pravidla pravidla pravidla pravidla pravidla pravidla pravidla pravidla pravidla pravidla pravidla pravidla pravidla pravidla pravidla pravidla pravidla pravidla pravidla pravidla pravidla pravidla pravidla pravidla pravidla pravidla pravidla pravidla pravidla pravidla pravidla pravidla pravidla pravidla pravidla pravidla pravidla pravidla pravidla pravidla pravidla pravidla pravidla pravidla pravidla pravidla pravidla pravidla pravidla pravidla pravidla pravidla pravidla pravidla pravidla pravidla pravidla pravidla pravidla pravidla pravidla pravidla pravidla pravidla pravidla pravidla pravidla pravidla pravidla pravidla pravidla pravidla pravidla pravidla pravidla pravidla pravidla pravidla pravidla pravidla pravidla pravidla pravidla pravidla pravidla pravidla pravidla pravidla pravidla pravidla pravidla pravidla pravidla pravidla pravidla pravidla pravidla pravidla pravidla pravidla pravidla pravidla pravidla pravidla pravidla pravidla pravidla pravidla pravidla pravidla pravidla pravidla pravidla pravidla pravidla pravidla pravidla pravidla pravidla pravidla pravidla pravidla pravidla pravidla pravidla pravidla pravidla pravidla pravidla pravidla pravidla pravidla pravidla pravidla pravidla pravidla pravidla pravidla pravidla pravidla pravidla pravidla pravidla pravidla pravidla pravidla pravidla pravidla pravidla pravidla pravidla pravidla pravidla pravidla pravidla pravidla pravidla pravidla pravidla pravidla pravidla pravidla pravidla pravidla pravidla pravidla pravidla pravidla pravidla pravidla pravidla pravidla pravidla pravidla pravidla pravidla pravidla pravidla pravidla pravidla pravidla pravidla pravidla pravidla pravidla pravidla pravidla pravidla pravidla pravidla pravidla pravidla pravidla pravidla pravidla pravidla pravidla pravidla pravidla pravidla pravidla pravidla pravidla pravidla pravidla pravidla pravidla pravidla pravidla pravidla pravidla pravidla pravidla pravidla pravidla pravidla pravidla pravidla pravidla pravidla pravidla pravidla pravidla pravidla pravidla pravidla pravidla pravidla pravidla pravidla pravidla pravidla pravidla pravidla pravidla pravidla pravidla pravidla pravidla pravidla pravidla pravidla pravidla pravidla pravidla pravidla pravidla pravidla pravidla pravidla pravidla pravidla pravidla pravidla pravidla pravidla pravidla pravidla pravidla pravidla pravidla pravidla pravidla pravidla pravidla pravidla pravidla pravidla pravidla pravidla pravidla pravidla pravidla pravidla pravidla pravidla pravidla pravidla pravidla pravidla pravidla pravidla pravidla pravidla pravidla pravidla pravidla pravidla pravidla pravidla pravidla pravidla pravidla pravidla pravidla pravidla pravidla pravidla pravidla pravidla pravidla pravidla pravidla pravidla pravidla pravidla pravidla pravidla pravidla pravidla pravidla pravidla pravidla pravidla pravidla pravidla pravidla pravidla pravidla pravidla pravidla pravidla pravidla pravidla pravidla pravidla pravidla pravidla pravidla pravidla pravidla pravidla pravidla pravidla pravidla pravidla pravidla pravidla pravidla pravidla pravidla pravidla pravidla pravidla pravidla pravidla pravidla pravidla pravidla pravidla pravidla pravidla pravidla pravidla pravidla pravidla pravidla pravidla pravidla pravidla pravidla pravidla pravidla pravidla pravidla pravidla pravidla pravidla pravidla pravidla pravidla pravidla pravidla pravidla pravidla pravidla pravidla pravidla pravidla pravidla pravidla pravidla pravidla pravidla pravidla pravidla pravidla pravidla pravidla pravidla pravidla pravidla pravidla pravidla pravidla pravidla pravidla pravidla pravidla pravidla pravidla pravidla pravidla pravidla pravidla pravidla pravidla pravidla pravidla pravidla pravidla pravidla pravidla pravidla pravidla pravidla pravidla pravidla pravidla pravidla pravidla pravidla pravidla pravidla pravidla pravidla pravidla pravidla pravidla pravidla pravidla pravidla pravidla pravidla pravidla pravidla pravidla pravidla pravidla pravidla pravidla pravidla pravidla pravidla pravidla pravidla pravidla pravidla pravidla pravidla pravidla pravidla pravidla pravidla pravidla pravidla pravidla pravidla pravidla pravidla pravidla pravidla pravidla pravidla pravidla pravidla pravidla pravidla pravidla pravidla pravidla pravidla pravidla pravidla pravidla pravidla pravidla pravidla pravidla pravidla pravidla pravidla pravidla pravidla pravidla pravidla pravidla pravidla pravidla pravidla pravidla pravidla pravidla pravidla pravidla pravidla pravidla pravidla pravidla pravidla pravidla pravidla pravidla pravidla pravidla pravidla pravidla pravidla pravidla pravidla pravidla pravidla pravidla pravidla pravidla pravidla pravidla pravidla pravidla pravidla pravidla pravidla pravidla pravidla pravidla pravidla pravidla pravidla pravidla pravidla pravidla pravidla pravidla pravidla pravidla pravidla pravidla pravidla pravidla pravidla pravidla pravidla pravidla pravidla pravidla pravidla pravidla pravidla pravidla pravidla pravidla pravidla pravidla pravidla pravidla pravidla pravidla pravidla pravidla pravidla pravidla pravidla pravidla pravidla pravidla pravidla pravidla pravidla pravidla pravidla pravidla pravidla pravidla pravidla pravidla pravidla pravidla pravidla pravidla pravidla pravidla pravidla pravidla pravidla pravidla pravidla pravidla pravidla pravidla pravidla pravidla pravidla pravidla pravidla pravidla pravidla pravidla pravidla pravidla pravidla pravidla pravidla pravidla pravidla pravidla pravidla pravidla pravidla pravidla pravidla pravidla pravidla pravidla pravidla pravidla pravidla pravidla pravidla pravidla pravidla
MTX201501307_anon,9,1,9,9
MTX201501307_anon,9,1,6. Cíle a metoda výzkumu,pravidla pravidla pravidla pravidla pravidla pravidla pravidla pravidla pravidla pravidla pravidla pravidla pravidla pravidla pravidla pravidla pravidla pravidla pravidla pravidla pravidla pravidla pravidla pravidla pravidla pravidla pravidla pravidla pravidla pravidla pravidla pravidla pravidla pravidla pravidla pravidla pravidla pravidla pravidla pravidla pravidla pravidla pravidla pravidla pravidla pravidla pravidla pravidla pravidla pravidla pravidla pravidla pravidla pravidla pravidla pravidla pravidla pravidla pravidla pravidla pravidla pravidla pravidla pravidla pravidla pravidla pravidla pravidla pravidla pravidla pravidla pravidla pravidla pravidla pravidla pravidla pravidla pravidla pravidla pravidla pravidla pravidla pravidla pravidla pravidla pravidla pravidla pravidla pravidla pravidla pravidla pravidla pravidla pravidla pravidla pravidla pravidla pravidla pravidla pravidla pravidla pravidla pravidla pravidla pravidla pravidla pravidla pravidla pravidla pravidla pravidla pravidla pravidla pravidla pravidla pravidla pravidla pravidla pravidla pravidla pravidla pravidla pravidla pravidla pravidla pravidla pravidla pravidla pravidla pravidla pravidla pravidla pravidla pravidla pravidla pravidla pravidla pravidla pravidla pravidla pravidla pravidla pravidla pravidla pravidla pravidla pravidla pravidla pravidla pravidla pravidla pravidla pravidla pravidla pravidla pravidla pravidla pravidla pravidla pravidla pravidla pravidla pravidla pravidla pravidla pravidla pravidla pravidla pravidla pravidla pravidla pravidla pravidla pravidla pravidla pravidla pravidla pravidla pravidla pravidla pravidla pravidla pravidla pravidla pravidla pravidla pravidla pravidla pravidla pravidla pravidla pravidla pravidla pravidla pravidla pravidla pravidla pravidla pravidla pravidla pravidla pravidla pravidla pravidla pravidla pravidla pravidla pravidla pravidla pravidla pravidla pravidla pravidla pravidla pravidla pravidla pravidla pravidla pravidla pravidla pravidla pravidla pravidla pravidla pravidla pravidla pravidla pravidla pravidla pravidla pravidla pravidla pravidla pravidla pravidla pravidla pravidla pravidla pravidla pravidla pravidla pravidla pravidla pravidla pravidla pravidla pravidla pravidla pravidla pravidla pravidla pravidla pravidla pravidla pravidla pravidla pravidla pravidla pravidla pravidla pravidla pravidla pravidla pravidla pravidla pravidla pravidla pravidla pravidla pravidla pravidla pravidla pravidla pravidla pravidla pravidla pravidla pravidla pravidla pravidla pravidla pravidla pravidla pravidla pravidla pravidla pravidla pravidla pravidla pravidla pravidla pravidla pravidla pravidla pravidla pravidla pravidla pravidla pravidla pravidla pravidla pravidla pravidla pravidla pravidla pravidla pravidla pravidla pravidla pravidla pravidla pravidla pravidla pravidla pravidla pravidla pravidla pravidla pravidla pravidla pravidla pravidla pravidla pravidla pravidla pravidla pravidla pravidla pravidla pravidla pravidla pravidla pravidla pravidla pravidla pravidla pravidla pravidla pravidla pravidla pravidla pravidla pravidla pravidla pravidla pravidla pravidla pravidla pravidla pravidla pravidla pravidla pravidla pravidla pravidla pravidla pravidla pravidla pravidla pravidla pravidla pravidla pravidla pravidla pravidla pravidla pravidla pravidla pravidla pravidla pravidla pravidla
MTX201501307_anon,9,1,Z odborného hlediska byly z počátku stanoveny následující cíle:,pravidla pravidla pravidla pravidla pravidla
MTX201501307_anon,9,2,1. Prokázání nebo vyloučení přítomnosti archeologických nálezů v zájmovém území.,pravidla pravidla pravidla pravidla pravidla pravidla
MTX201501307_anon,9,3,"2. Rekonstrukce obousměrné geneze historického nadloží, intenzity a charakteru",pravidla pravidla pravidla pravidla
MTX201501307_anon,9,4,osídlení.,pravidla
MTX201501307_anon,9,5,"3. Otázka pohybu luxusních a výjimečných předmětů v prostoru a čase, problém",pravidla pravidla pravidla pravidla pravidla pravidla
MTX201501307_anon,9,6,importů.,pravidla
MTX201501307_anon,9,7,Metodika výzkumu,pravidla
MTX201501307_anon,9,8,Přesný postup a způsob záchranného archeologického výzkumu byl volen podle,pravidla pravidla pravidla pravidla pravidla
MTX201501307_anon,9,9,situace a časového harmonogramu stavby. Zásahy do archeologických terénů představovaly,pravidla pravidla pravidla pravidla
MTX201501307_anon,9,10,liniové výkopy pro kanalizaci.,pravidla pravidla
MTX201501307_anon,9,11,Ve vybraných místech proběhl předstihový výzkum v pravidelných sondách,pravidla pravidla pravidla pravidla
MTX201501307_anon,9,12,"o rozměrech 1,5 m x 1,5 m. V odůvodněných případech byla sonda rozšířena do přibližných",pravidla pravidla pravidla pravidla pravidla pravidla
MTX201501307_anon,9,13,"rozměrů 1,5 x 2 2,2 m. Exkavační práce byly prováděny ručně od současného povrchu terénu",pravidla pravidla pravidla pravidla pravidla pravidla
MTX201501307_anon,9,14,"po přirozených kontextech. Objekty, které se projevily v jednotlivých úrovních",pravidla pravidla pravidla pravidla
MTX201501307_anon,9,15,"stratifikovaného souvrství, byly kresebně a fotograficky dokumentovány. Po vybrání výplně",pravidla pravidla pravidla pravidla
MTX201501307_anon,9,16,byl objekt geodeticky zaměřen totální stanicí či znivelován ke geodeticky zaměřenému,pravidla pravidla pravidla pravidla pravidla
MTX201501307_anon,9,17,orientačnímu bodu. Spodní niveleta sond vycházela z projektové dokumentace stavby. Po,pravidla pravidla pravidla pravidla pravidla pravidla
MTX201501307_anon,9,18,dosažení nivelety ohrožující archeologické situace byla provedena kresebná dokumentace,pravidla pravidla pravidla pravidla pravidla
MTX201501307_anon,9,19,vzniklých řezů sond a jejich geodetické zaměření totální stanicí.,pravidla pravidla pravidla pravidla
MTX201501307_anon,9,20,Pro písemný zápis informací byl užit tzv. „formulářový popis“ stratigrafických,pravidla pravidla
MTX201501307_anon,9,21,"jednotek, a to dle dokumentačních standardů platných ve společnosti Pueblo - archeologická",pravidla pravidla pravidla pravidla pravidla
MTX201501307_anon,9,22,"společnost, o. p. s. Konkrétně byl v terénu pro každou stratigrafickou jednotku vypsán",pravidla pravidla pravidla pravidla pravidla pravidla
MTX201501307_anon,9,23,patřičný formulář. Kresebná dokumentace byla provedena v měřítku 1:20. Fotografická,pravidla pravidla pravidla pravidla pravidla
MTX201501307_anon,9,24,dokumentace byla provedena aparátem Canon PowerShot SX120 IS.,pravidla pravidla pravidla pravidla
MTX201501307_anon,9,25,Movité nálezy byly tříděny v terénu a převáženy k laboratornímu zpracování.,pravidla pravidla pravidla pravidla pravidla
MTX201501307_anon,9,26,V souběhu s průběhem terénních prací byla provedena digitalizace dokumentace a tvořeny,pravidla pravidla pravidla pravidla pravidla pravidla pravidla pravidla pravidla pravidla pravidla pravidla pravidla pravidla pravidla pravidla pravidla pravidla pravidla pravidla pravidla pravidla pravidla pravidla pravidla pravidla pravidla pravidla pravidla pravidla pravidla pravidla pravidla pravidla pravidla pravidla pravidla pravidla pravidla pravidla pravidla pravidla pravidla pravidla pravidla pravidla pravidla pravidla pravidla pravidla pravidla pravidla pravidla pravidla pravidla pravidla pravidla pravidla pravidla pravidla pravidla pravidla pravidla pravidla pravidla pravidla pravidla pravidla pravidla pravidla pravidla pravidla pravidla pravidla pravidla pravidla pravidla pravidla pravidla pravidla pravidla pravidla pravidla pravidla pravidla pravidla pravidla pravidla pravidla pravidla pravidla pravidla pravidla pravidla pravidla pravidla pravidla pravidla pravidla pravidla pravidla pravidla pravidla pravidla pravidla pravidla pravidla pravidla pravidla pravidla pravidla pravidla pravidla pravidla pravidla pravidla pravidla pravidla pravidla pravidla pravidla pravidla pravidla pravidla pravidla pravidla pravidla pravidla pravidla pravidla pravidla pravidla pravidla pravidla pravidla pravidla pravidla pravidla pravidla pravidla pravidla pravidla pravidla pravidla pravidla pravidla pravidla pravidla pravidla pravidla pravidla pravidla pravidla pravidla pravidla pravidla pravidla pravidla pravidla pravidla pravidla pravidla pravidla pravidla pravidla pravidla pravidla pravidla pravidla pravidla pravidla pravidla pravidla pravidla pravidla pravidla pravidla pravidla pravidla pravidla pravidla pravidla pravidla pravidla pravidla pravidla pravidla pravidla pravidla pravidla pravidla pravidla pravidla pravidla pravidla pravidla pravidla pravidla pravidla pravidla pravidla pravidla pravidla pravidla pravidla pravidla pravidla pravidla pravidla pravidla pravidla pravidla pravidla pravidla pravidla pravidla pravidla pravidla pravidla pravidla pravidla pravidla pravidla pravidla pravidla pravidla pravidla pravidla pravidla pravidla pravidla pravidla pravidla pravidla pravidla pravidla pravidla pravidla pravidla pravidla pravidla pravidla pravidla pravidla pravidla pravidla pravidla pravidla pravidla pravidla pravidla pravidla pravidla pravidla pravidla pravidla pravidla pravidla pravidla pravidla pravidla pravidla pravidla pravidla pravidla pravidla pravidla pravidla pravidla pravidla pravidla pravidla pravidla pravidla pravidla pravidla pravidla pravidla pravidla pravidla pravidla pravidla pravidla pravidla pravidla pravidla pravidla pravidla pravidla pravidla pravidla pravidla pravidla pravidla pravidla pravidla pravidla pravidla pravidla pravidla pravidla pravidla pravidla pravidla pravidla pravidla pravidla pravidla pravidla pravidla pravidla pravidla pravidla pravidla pravidla pravidla pravidla pravidla pravidla pravidla pravidla pravidla pravidla pravidla pravidla pravidla pravidla pravidla pravidla pravidla pravidla pravidla pravidla pravidla pravidla pravidla pravidla pravidla pravidla pravidla pravidla pravidla pravidla pravidla pravidla pravidla pravidla pravidla pravidla pravidla pravidla pravidla pravidla pravidla pravidla pravidla pravidla pravidla pravidla pravidla pravidla pravidla pravidla pravidla pravidla pravidla pravidla pravidla pravidla pravidla pravidla pravidla pravidla pravidla pravidla pravidla pravidla pravidla pravidla pravidla pravidla pravidla pravidla pravidla pravidla pravidla pravidla pravidla pravidla pravidla pravidla pravidla pravidla pravidla pravidla pravidla pravidla pravidla pravidla pravidla pravidla pravidla pravidla pravidla pravidla pravidla pravidla pravidla pravidla pravidla pravidla pravidla pravidla pravidla pravidla pravidla pravidla pravidla pravidla pravidla pravidla pravidla pravidla pravidla pravidla pravidla pravidla pravidla pravidla pravidla pravidla pravidla pravidla pravidla pravidla pravidla pravidla pravidla pravidla pravidla pravidla pravidla pravidla pravidla pravidla pravidla pravidla pravidla pravidla pravidla pravidla pravidla pravidla pravidla pravidla pravidla pravidla pravidla pravidla pravidla pravidla pravidla pravidla pravidla pravidla pravidla pravidla pravidla pravidla pravidla pravidla pravidla pravidla pravidla pravidla pravidla pravidla pravidla pravidla pravidla pravidla pravidla pravidla pravidla pravidla pravidla pravidla pravidla pravidla pravidla pravidla pravidla pravidla pravidla pravidla pravidla pravidla pravidla pravidla pravidla pravidla pravidla pravidla pravidla pravidla pravidla pravidla pravidla pravidla pravidla pravidla pravidla pravidla pravidla pravidla pravidla pravidla pravidla pravidla pravidla pravidla pravidla pravidla pravidla pravidla pravidla pravidla pravidla pravidla pravidla pravidla pravidla pravidla pravidla pravidla pravidla pravidla pravidla pravidla pravidla pravidla pravidla pravidla pravidla pravidla pravidla pravidla pravidla pravidla pravidla pravidla pravidla pravidla pravidla pravidla pravidla pravidla pravidla pravidla pravidla pravidla pravidla pravidla pravidla pravidla pravidla pravidla pravidla pravidla pravidla pravidla pravidla pravidla pravidla pravidla pravidla pravidla pravidla pravidla pravidla pravidla pravidla pravidla pravidla pravidla pravidla pravidla pravidla pravidla pravidla pravidla pravidla pravidla pravidla pravidla pravidla pravidla pravidla pravidla pravidla pravidla pravidla pravidla pravidla pravidla pravidla pravidla pravidla pravidla pravidla pravidla pravidla pravidla pravidla pravidla pravidla pravidla pravidla pravidla pravidla pravidla pravidla pravidla pravidla pravidla pravidla pravidla pravidla pravidla pravidla pravidla pravidla pravidla pravidla pravidla pravidla pravidla pravidla pravidla pravidla pravidla pravidla pravidla pravidla pravidla pravidla pravidla pravidla pravidla pravidla pravidla pravidla pravidla pravidla pravidla pravidla pravidla pravidla pravidla pravidla pravidla pravidla pravidla pravidla pravidla pravidla pravidla pravidla pravidla pravidla pravidla pravidla pravidla pravidla pravidla pravidla pravidla pravidla pravidla pravidla pravidla pravidla pravidla pravidla pravidla pravidla pravidla pravidla pravidla pravidla pravidla pravidla pravidla pravidla pravidla pravidla pravidla pravidla pravidla pravidla pravidla pravidla pravidla pravidla pravidla pravidla pravidla pravidla pravidla pravidla pravidla pravidla pravidla pravidla pravidla pravidla pravidla pravidla pravidla pravidla pravidla pravidla pravidla pravidla pravidla pravidla pravidla pravidla pravidla pravidla pravidla pravidla pravidla pravidla pravidla pravidla pravidla pravidla pravidla pravidla pravidla pravidla pravidla pravidla pravidla pravidla pravidla pravidla pravidla pravidla pravidla pravidla pravidla pravidla pravidla pravidla pravidla pravidla pravidla pravidla pravidla pravidla pravidla pravidla pravidla pravidla pravidla pravidla pravidla pravidla pravidla pravidla pravidla pravidla pravidla pravidla pravidla pravidla pravidla pravidla pravidla pravidla pravidla pravidla pravidla pravidla pravidla pravidla pravidla pravidla pravidla pravidla pravidla pravidla pravidla pravidla pravidla pravidla pravidla pravidla pravidla pravidla pravidla pravidla pravidla pravidla pravidla pravidla pravidla pravidla pravidla pravidla pravidla pravidla pravidla pravidla pravidla pravidla pravidla pravidla pravidla pravidla pravidla pravidla pravidla pravidla pravidla pravidla pravidla pravidla pravidla pravidla pravidla pravidla pravidla pravidla pravidla pravidla pravidla pravidla pravidla pravidla pravidla pravidla pravidla pravidla pravidla pravidla pravidla pravidla pravidla pravidla pravidla pravidla pravidla pravidla pravidla pravidla pravidla pravidla pravidla pravidla pravidla pravidla pravidla pravidla pravidla pravidla pravidla pravidla pravidla pravidla pravidla pravidla pravidla pravidla pravidla pravidla pravidla pravidla pravidla pravidla pravidla pravidla pravidla pravidla pravidla pravidla pravidla pravidla pravidla pravidla pravidla pravidla pravidla pravidla pravidla pravidla pravidla pravidla pravidla pravidla pravidla pravidla pravidla pravidla pravidla pravidla pravidla pravidla pravidla pravidla pravidla pravidla pravidla pravidla pravidla pravidla pravidla pravidla pravidla pravidla pravidla pravidla pravidla pravidla pravidla pravidla pravidla pravidla pravidla pravidla pravidla pravidla pravidla pravidla pravidla pravidla pravidla pravidla pravidla pravidla pravidla pravidla pravidla pravidla pravidla pravidla pravidla pravidla pravidla pravidla pravidla pravidla pravidla pravidla pravidla pravidla pravidla pravidla pravidla pravidla pravidla pravidla pravidla pravidla pravidla pravidla pravidla pravidla pravidla pravidla pravidla pravidla pravidla pravidla pravidla pravidla pravidla pravidla pravidla pravidla pravidla pravidla pravidla pravidla pravidla pravidla pravidla pravidla pravidla pravidla pravidla pravidla pravidla pravidla pravidla pravidla pravidla pravidla pravidla pravidla pravidla pravidla pravidla pravidla pravidla pravidla pravidla pravidla pravidla pravidla pravidla pravidla pravidla pravidla pravidla pravidla pravidla pravidla pravidla pravidla pravidla pravidla pravidla pravidla pravidla pravidla pravidla pravidla pravidla pravidla pravidla pravidla pravidla pravidla pravidla pravidla pravidla pravidla pravidla pravidla pravidla pravidla pravidla pravidla pravidla pravidla pravidla pravidla pravidla pravidla pravidla pravidla pravidla pravidla pravidla pravidla pravidla pravidla pravidla pravidla pravidla pravidla pravidla pravidla pravidla pravidla pravidla pravidla pravidla pravidla pravidla pravidla pravidla pravidla pravidla pravidla pravidla pravidla pravidla pravidla pravidla pravidla pravidla pravidla pravidla pravidla pravidla pravidla pravidla pravidla pravidla pravidla pravidla pravidla pravidla pravidla pravidla pravidla pravidla pravidla pravidla pravidla pravidla pravidla pravidla pravidla pravidla pravidla pravidla pravidla pravidla pravidla pravidla pravidla pravidla pravidla pravidla pravidla pravidla pravidla pravidla pravidla pravidla pravidla pravidla pravidla pravidla pravidla pravidla pravidla pravidla pravidla pravidla pravidla pravidla pravidla pravidla pravidla pravidla pravidla pravidla pravidla pravidla pravidla pravidla pravidla pravidla pravidla pravidla pravidla pravidla pravidla pravidla pravidla pravidla pravidla pravidla pravidla pravidla pravidla pravidla pravidla pravidla pravidla pravidla pravidla pravidla pravidla pravidla pravidla pravidla pravidla pravidla pravidla pravidla pravidla pravidla pravidla pravidla pravidla pravidla pravidla pravidla pravidla pravidla pravidla pravidla pravidla pravidla pravidla pravidla pravidla pravidla pravidla pravidla pravidla pravidla pravidla pravidla pravidla pravidla pravidla pravidla pravidla pravidla pravidla pravidla pravidla pravidla pravidla pravidla pravidla pravidla pravidla pravidla pravidla pravidla pravidla pravidla pravidla pravidla pravidla pravidla pravidla pravidla pravidla pravidla pravidla pravidla pravidla pravidla pravidla pravidla pravidla pravidla pravidla pravidla pravidla pravidla pravidla pravidla pravidla pravidla pravidla pravidla pravidla pravidla pravidla pravidla pravidla pravidla pravidla pravidla pravidla pravidla pravidla pravidla pravidla pravidla pravidla pravidla pravidla pravidla pravidla pravidla pravidla pravidla pravidla pravidla pravidla pravidla pravidla pravidla pravidla pravidla pravidla pravidla pravidla pravidla pravidla pravidla pravidla pravidla pravidla pravidla pravidla pravidla pravidla pravidla pravidla pravidla pravidla pravidla pravidla pravidla pravidla pravidla pravidla pravidla pravidla pravidla pravidla pravidla pravidla pravidla pravidla pravidla pravidla pravidla pravidla pravidla pravidla pravidla pravidla pravidla pravidla pravidla pravidla pravidla pravidla pravidla pravidla pravidla pravidla pravidla pravidla pravidla pravidla pravidla pravidla pravidla pravidla pravidla pravidla pravidla pravidla pravidla pravidla pravidla pravidla pravidla pravidla pravidla pravidla pravidla pravidla pravidla pravidla pravidla pravidla pravidla pravidla pravidla pravidla pravidla pravidla pravidla pravidla pravidla pravidla pravidla pravidla pravidla pravidla pravidla pravidla pravidla pravidla pravidla pravidla pravidla pravidla pravidla pravidla pravidla pravidla pravidla pravidla pravidla pravidla pravidla pravidla pravidla pravidla pravidla pravidla pravidla pravidla pravidla pravidla pravidla pravidla pravidla pravidla pravidla pravidla pravidla pravidla pravidla pravidla pravidla pravidla pravidla pravidla pravidla pravidla pravidla pravidla pravidla pravidla pravidla pravidla pravidla pravidla pravidla pravidla pravidla pravidla pravidla pravidla pravidla pravidla pravidla pravidla pravidla pravidla pravidla pravidla pravidla pravidla pravidla pravidla pravidla pravidla pravidla pravidla pravidla pravidla pravidla pravidla pravidla pravidla pravidla pravidla pravidla pravidla pravidla pravidla pravidla pravidla pravidla pravidla pravidla pravidla pravidla pravidla pravidla pravidla pravidla pravidla pravidla pravidla pravidla pravidla pravidla pravidla pravidla pravidla pravidla pravidla pravidla pravidla pravidla pravidla pravidla pravidla pravidla pravidla pravidla pravidla pravidla pravidla pravidla pravidla pravidla pravidla pravidla pravidla pravidla pravidla pravidla pravidla pravidla pravidla pravidla pravidla pravidla pravidla pravidla pravidla pravidla pravidla pravidla pravidla pravidla pravidla pravidla pravidla pravidla pravidla pravidla pravidla pravidla pravidla pravidla pravidla pravidla pravidla pravidla pravidla pravidla pravidla pravidla pravidla pravidla pravidla pravidla pravidla pravidla pravidla pravidla pravidla pravidla pravidla pravidla pravidla pravidla pravidla pravidla pravidla pravidla pravidla pravidla pravidla pravidla pravidla pravidla pravidla pravidla pravidla pravidla pravidla pravidla pravidla pravidla pravidla pravidla pravidla pravidla pravidla pravidla pravidla pravidla pravidla pravidla pravidla pravidla pravidla pravidla pravidla pravidla pravidla pravidla pravidla pravidla pravidla pravidla pravidla pravidla pravidla pravidla pravidla pravidla pravidla pravidla pravidla pravidla pravidla pravidla pravidla pravidla pravidla pravidla pravidla pravidla pravidla pravidla pravidla pravidla pravidla pravidla pravidla pravidla pravidla pravidla pravidla pravidla pravidla pravidla pravidla pravidla pravidla pravidla pravidla pravidla pravidla pravidla pravidla pravidla pravidla pravidla pravidla pravidla pravidla pravidla pravidla pravidla pravidla pravidla pravidla pravidla pravidla pravidla pravidla pravidla pravidla pravidla pravidla pravidla pravidla pravidla pravidla pravidla pravidla pravidla pravidla pravidla pravidla pravidla pravidla pravidla pravidla pravidla pravidla pravidla pravidla pravidla pravidla pravidla pravidla pravidla pravidla pravidla pravidla pravidla pravidla pravidla pravidla pravidla pravidla pravidla pravidla pravidla pravidla pravidla pravidla pravidla pravidla pravidla pravidla pravidla pravidla pravidla pravidla pravidla pravidla pravidla pravidla pravidla pravidla pravidla pravidla pravidla pravidla pravidla pravidla pravidla pravidla pravidla pravidla pravidla pravidla pravidla pravidla pravidla pravidla pravidla pravidla pravidla pravidla pravidla pravidla pravidla pravidla pravidla pravidla pravidla pravidla pravidla pravidla pravidla pravidla pravidla pravidla pravidla pravidla pravidla pravidla pravidla pravidla pravidla pravidla pravidla pravidla pravidla pravidla pravidla pravidla pravidla pravidla pravidla pravidla pravidla pravidla pravidla pravidla pravidla pravidla pravidla pravidla pravidla pravidla pravidla pravidla pravidla pravidla pravidla pravidla pravidla pravidla pravidla pravidla pravidla pravidla pravidla pravidla pravidla pravidla pravidla pravidla pravidla pravidla pravidla pravidla pravidla pravidla pravidla pravidla pravidla pravidla pravidla pravidla pravidla pravidla pravidla pravidla pravidla pravidla pravidla pravidla pravidla pravidla pravidla pravidla pravidla pravidla pravidla pravidla pravidla pravidla pravidla pravidla pravidla pravidla pravidla pravidla pravidla pravidla pravidla pravidla pravidla pravidla pravidla pravidla pravidla pravidla pravidla pravidla pravidla pravidla pravidla pravidla pravidla pravidla pravidla pravidla pravidla pravidla pravidla pravidla pravidla pravidla pravidla pravidla pravidla pravidla pravidla pravidla pravidla pravidla pravidla pravidla pravidla pravidla pravidla pravidla pravidla pravidla pravidla pravidla pravidla pravidla pravidla pravidla pravidla pravidla pravidla pravidla pravidla pravidla pravidla pravidla pravidla pravidla pravidla pravidla pravidla pravidla pravidla pravidla pravidla pravidla pravidla pravidla pravidla pravidla pravidla pravidla pravidla pravidla pravidla pravidla pravidla pravidla pravidla pravidla pravidla pravidla pravidla pravidla pravidla pravidla pravidla pravidla pravidla pravidla pravidla pravidla pravidla pravidla pravidla pravidla pravidla pravidla pravidla pravidla pravidla pravidla pravidla pravidla pravidla pravidla pravidla pravidla pravidla pravidla pravidla pravidla pravidla pravidla pravidla pravidla pravidla pravidla pravidla pravidla pravidla pravidla pravidla pravidla pravidla pravidla pravidla pravidla pravidla pravidla pravidla pravidla pravidla pravidla pravidla pravidla pravidla pravidla pravidla pravidla pravidla pravidla pravidla pravidla pravidla pravidla pravidla pravidla pravidla pravidla pravidla pravidla pravidla pravidla pravidla pravidla pravidla pravidla pravidla pravidla pravidla pravidla pravidla pravidla pravidla pravidla pravidla pravidla pravidla pravidla pravidla pravidla pravidla pravidla pravidla pravidla pravidla pravidla pravidla pravidla pravidla pravidla pravidla pravidla pravidla pravidla pravidla pravidla pravidla pravidla pravidla pravidla pravidla pravidla pravidla pravidla pravidla pravidla pravidla pravidla pravidla pravidla pravidla pravidla pravidla pravidla pravidla pravidla pravidla pravidla pravidla pravidla pravidla pravidla pravidla pravidla pravidla pravidla pravidla pravidla pravidla pravidla pravidla pravidla pravidla pravidla pravidla pravidla pravidla pravidla pravidla pravidla pravidla pravidla pravidla pravidla pravidla pravidla pravidla pravidla pravidla pravidla pravidla pravidla pravidla pravidla pravidla pravidla pravidla pravidla pravidla pravidla pravidla pravidla pravidla pravidla pravidla pravidla pravidla pravidla pravidla pravidla pravidla pravidla pravidla pravidla pravidla pravidla pravidla pravidla pravidla pravidla pravidla pravidla pravidla pravidla pravidla pravidla pravidla pravidla pravidla pravidla pravidla pravidla pravidla pravidla pravidla pravidla pravidla pravidla pravidla pravidla pravidla pravidla pravidla pravidla pravidla pravidla pravidla pravidla pravidla pravidla pravidla pravidla pravidla pravidla pravidla pravidla pravidla pravidla pravidla pravidla pravidla pravidla pravidla pravidla pravidla pravidla pravidla pravidla pravidla pravidla pravidla pravidla pravidla pravidla pravidla pravidla pravidla pravidla pravidla pravidla pravidla pravidla pravidla pravidla pravidla pravidla pravidla pravidla pravidla pravidla pravidla pravidla pravidla pravidla pravidla pravidla pravidla pravidla pravidla pravidla pravidla pravidla pravidla pravidla pravidla pravidla pravidla pravidla pravidla pravidla pravidla pravidla pravidla pravidla pravidla pravidla pravidla pravidla pravidla pravidla pravidla pravidla pravidla pravidla pravidla pravidla pravidla pravidla pravidla pravidla pravidla pravidla pravidla pravidla pravidla pravidla pravidla pravidla pravidla pravidla pravidla pravidla pravidla pravidla pravidla pravidla pravidla pravidla pravidla pravidla pravidla pravidla pravidla pravidla pravidla pravidla pravidla pravidla pravidla pravidla pravidla pravidla pravidla pravidla pravidla pravidla pravidla pravidla pravidla pravidla pravidla pravidla pravidla pravidla pravidla pravidla pravidla pravidla pravidla pravidla pravidla pravidla pravidla pravidla pravidla pravidla pravidla pravidla pravidla pravidla pravidla pravidla pravidla pravidla pravidla pravidla pravidla pravidla pravidla pravidla pravidla pravidla pravidla pravidla pravidla pravidla pravidla pravidla pravidla pravidla pravidla pravidla pravidla pravidla pravidla pravidla pravidla pravidla pravidla pravidla pravidla pravidla pravidla pravidla pravidla pravidla pravidla pravidla pravidla pravidla pravidla pravidla pravidla pravidla pravidla pravidla pravidla pravidla pravidla pravidla pravidla pravidla pravidla pravidla pravidla pravidla pravidla pravidla pravidla pravidla pravidla pravidla pravidla pravidla pravidla pravidla pravidla pravidla pravidla pravidla pravidla pravidla pravidla pravidla pravidla pravidla pravidla pravidla pravidla pravidla pravidla pravidla pravidla pravidla pravidla pravidla pravidla pravidla pravidla pravidla pravidla pravidla pravidla pravidla pravidla pravidla pravidla pravidla pravidla pravidla pravidla pravidla pravidla pravidla pravidla pravidla pravidla pravidla pravidla pravidla pravidla pravidla pravidla pravidla pravidla pravidla pravidla pravidla pravidla pravidla pravidla pravidla pravidla pravidla pravidla pravidla pravidla pravidla pravidla pravidla pravidla pravidla pravidla pravidla pravidla pravidla pravidla pravidla pravidla pravidla pravidla pravidla pravidla pravidla pravidla pravidla pravidla pravidla pravidla pravidla pravidla pravidla pravidla pravidla pravidla pravidla pravidla pravidla pravidla pravidla pravidla pravidla pravidla pravidla pravidla pravidla pravidla pravidla pravidla pravidla pravidla pravidla pravidla pravidla pravidla pravidla pravidla pravidla pravidla pravidla pravidla pravidla pravidla pravidla pravidla pravidla pravidla pravidla pravidla pravidla pravidla pravidla pravidla pravidla pravidla pravidla pravidla pravidla pravidla pravidla pravidla pravidla pravidla pravidla pravidla pravidla pravidla pravidla pravidla pravidla pravidla pravidla pravidla pravidla pravidla pravidla pravidla pravidla pravidla pravidla pravidla pravidla pravidla pravidla pravidla pravidla pravidla pravidla pravidla pravidla pravidla pravidla pravidla pravidla pravidla pravidla pravidla pravidla pravidla pravidla pravidla pravidla pravidla pravidla pravidla pravidla pravidla pravidla pravidla pravidla pravidla pravidla pravidla pravidla pravidla pravidla pravidla pravidla pravidla pravidla pravidla pravidla pravidla pravidla pravidla pravidla pravidla pravidla pravidla pravidla pravidla pravidla pravidla pravidla pravidla pravidla pravidla pravidla pravidla pravidla pravidla pravidla pravidla pravidla pravidla pravidla pravidla pravidla pravidla pravidla pravidla pravidla pravidla pravidla pravidla pravidla pravidla pravidla pravidla pravidla pravidla pravidla pravidla pravidla pravidla pravidla pravidla pravidla pravidla pravidla pravidla pravidla pravidla pravidla pravidla pravidla pravidla pravidla pravidla pravidla pravidla pravidla pravidla pravidla pravidla pravidla pravidla pravidla pravidla pravidla pravidla pravidla pravidla pravidla pravidla pravidla pravidla pravidla pravidla pravidla pravidla pravidla pravidla pravidla pravidla pravidla pravidla pravidla pravidla pravidla pravidla pravidla pravidla pravidla pravidla pravidla pravidla pravidla pravidla pravidla pravidla pravidla pravidla pravidla pravidla pravidla pravidla pravidla pravidla pravidla pravidla pravidla pravidla pravidla pravidla pravidla pravidla pravidla pravidla pravidla pravidla pravidla pravidla pravidla pravidla pravidla pravidla pravidla pravidla pravidla pravidla pravidla pravidla pravidla pravidla pravidla pravidla pravidla pravidla pravidla pravidla pravidla pravidla pravidla pravidla pravidla pravidla pravidla pravidla pravidla pravidla pravidla pravidla pravidla pravidla pravidla pravidla pravidla pravidla pravidla pravidla pravidla pravidla pravidla pravidla pravidla pravidla pravidla pravidla pravidla pravidla pravidla pravidla pravidla pravidla pravidla pravidla pravidla pravidla pravidla pravidla pravidla pravidla pravidla pravidla pravidla pravidla pravidla pravidla pravidla pravidla pravidla pravidla pravidla pravidla pravidla pravidla pravidla pravidla pravidla pravidla pravidla pravidla pravidla pravidla pravidla pravidla pravidla pravidla pravidla pravidla pravidla pravidla pravidla pravidla pravidla pravidla pravidla pravidla pravidla pravidla pravidla pravidla pravidla pravidla pravidla pravidla pravidla pravidla pravidla pravidla pravidla pravidla pravidla pravidla pravidla pravidla pravidla pravidla pravidla pravidla pravidla pravidla pravidla pravidla pravidla pravidla pravidla pravidla pravidla pravidla pravidla pravidla pravidla pravidla pravidla pravidla pravidla pravidla pravidla pravidla pravidla pravidla pravidla pravidla pravidla pravidla pravidla pravidla pravidla pravidla pravidla pravidla pravidla pravidla pravidla pravidla pravidla pravidla pravidla pravidla pravidla pravidla pravidla pravidla pravidla pravidla pravidla pravidla pravidla pravidla pravidla pravidla pravidla pravidla pravidla pravidla pravidla pravidla pravidla pravidla pravidla pravidla pravidla pravidla pravidla pravidla pravidla pravidla pravidla pravidla pravidla pravidla pravidla pravidla pravidla pravidla pravidla pravidla pravidla pravidla pravidla pravidla pravidla pravidla pravidla pravidla pravidla pravidla pravidla pravidla pravidla pravidla pravidla pravidla pravidla pravidla pravidla pravidla pravidla pravidla pravidla pravidla pravidla pravidla pravidla pravidla pravidla pravidla pravidla pravidla pravidla pravidla pravidla pravidla pravidla pravidla pravidla pravidla pravidla pravidla pravidla pravidla pravidla pravidla pravidla pravidla pravidla pravidla pravidla pravidla pravidla pravidla pravidla pravidla pravidla pravidla pravidla pravidla pravidla pravidla pravidla pravidla pravidla pravidla pravidla pravidla pravidla pravidla pravidla pravidla pravidla pravidla pravidla pravidla pravidla pravidla pravidla pravidla pravidla pravidla pravidla pravidla pravidla pravidla pravidla pravidla pravidla pravidla pravidla pravidla pravidla pravidla pravidla pravidla pravidla pravidla pravidla pravidla pravidla pravidla pravidla pravidla pravidla pravidla pravidla pravidla pravidla pravidla pravidla pravidla pravidla pravidla pravidla pravidla pravidla pravidla pravidla pravidla pravidla pravidla pravidla pravidla pravidla pravidla pravidla pravidla pravidla pravidla pravidla pravidla pravidla pravidla pravidla pravidla pravidla pravidla pravidla pravidla pravidla pravidla pravidla pravidla pravidla pravidla pravidla pravidla pravidla pravidla pravidla pravidla pravidla pravidla pravidla pravidla pravidla pravidla pravidla pravidla pravidla pravidla pravidla pravidla pravidla pravidla pravidla pravidla pravidla pravidla pravidla pravidla pravidla pravidla pravidla pravidla pravidla pravidla pravidla pravidla pravidla pravidla pravidla pravidla pravidla pravidla pravidla pravidla pravidla pravidla pravidla pravidla pravidla pravidla pravidla pravidla pravidla pravidla pravidla pravidla pravidla pravidla pravidla pravidla pravidla pravidla pravidla pravidla pravidla pravidla pravidla pravidla pravidla pravidla pravidla pravidla pravidla pravidla pravidla pravidla pravidla pravidla pravidla pravidla pravidla pravidla pravidla pravidla pravidla pravidla pravidla pravidla pravidla pravidla pravidla pravidla pravidla pravidla pravidla pravidla pravidla pravidla pravidla pravidla pravidla pravidla pravidla pravidla pravidla pravidla pravidla pravidla pravidla pravidla pravidla pravidla pravidla pravidla pravidla pravidla pravidla pravidla pravidla pravidla pravidla pravidla pravidla pravidla pravidla pravidla pravidla pravidla pravidla pravidla pravidla pravidla pravidla pravidla pravidla pravidla pravidla pravidla pravidla pravidla pravidla pravidla pravidla pravidla pravidla pravidla pravidla pravidla pravidla pravidla pravidla pravidla pravidla pravidla pravidla pravidla pravidla pravidla pravidla pravidla pravidla pravidla pravidla pravidla pravidla pravidla pravidla pravidla pravidla pravidla pravidla pravidla pravidla pravidla pravidla pravidla pravidla pravidla pravidla pravidla pravidla pravidla pravidla pravidla pravidla pravidla pravidla pravidla pravidla pravidla pravidla pravidla pravidla pravidla pravidla pravidla pravidla pravidla pravidla pravidla pravidla pravidla pravidla pravidla pravidla pravidla pravidla pravidla pravidla pravidla pravidla pravidla pravidla pravidla pravidla
MTX201501307_anon,10,1,10,10
MTX201501307_anon,10,1,"dílčí plány objektů. Po ukončení terénního výzkumu byla zpracovávána evidence nálezů,",pravidla pravidla pravidla pravidla pravidla pravidla
MTX201501307_anon,10,2,"celkový plán výzkumu a také terénní dokumentace, jež je propojen souhrnnou databází",pravidla pravidla pravidla pravidla pravidla pravidla pravidla
MTX201501307_anon,10,3,"(příloha: Databáze Access DVD). Terénní výzkum je ukončen nálezovou zprávou, která",pravidla pravidla pravidla pravidla pravidla
MTX201501307_anon,10,4,zahrnuje též poznatky jednotlivých oborů pro další vědecké zpracování.,pravidla pravidla pravidla pravidla pravidla
MTX201501307_anon,10,5,Měřičská dokumentace,pravidla
MTX201501307_anon,10,6,"Výzkum byl zaměřen geodetem Alešem Beranem, totální stanicí značky Topcon 3007N",pravidla pravidla pravidla pravidla pravidla pravidla
MTX201501307_anon,10,7,(příloha: Seznam geodetických bodů). Za zaměření výzkumu zodpovídal Mgr. Jan Doležal.,pravidla pravidla pravidla pravidla pravidla pravidla
MTX201501307_anon,10,8,7. Popis terénní situace,pravidla pravidla
MTX201501307_anon,10,9,S1,
MTX201501307_anon,10,10,"Popis: Sonda č. 1 o celkovém rozměru 1,5 x 1,5 m se nacházela na pozemku",pravidla pravidla pravidla pravidla pravidla pravidla pravidla pravidla
MTX201501307_anon,10,11,s p. č. 41/5 ve vzdálenosti 11 m S směrem od SV rohu domu č. p. 21 a 10m J směrem od JZ,pravidla pravidla pravidla pravidla pravidla pravidla pravidla pravidla pravidla pravidla pravidla
MTX201501307_anon,10,12,rohu domu č. p. 54 (Přííloha: plán č. 1). Sonda byla dokumentována na úroveň,pravidla pravidla pravidla pravidla pravidla
MTX201501307_anon,10,13,archeologického podloží (stratigrafická jednotka 100) (Přííloha: výkres č. 1). Po ruční skrývce,pravidla pravidla pravidla pravidla
MTX201501307_anon,10,14,"prachovité hnědé hlíny, porostlé travním drnem (SJ 101), bylo patrné, že značná část terénu",pravidla pravidla pravidla pravidla pravidla pravidla pravidla
MTX201501307_anon,10,15,byla poškozena recentními výkopy inženýrských sítí (Přííloha: obr. č. 2 - 3). Konkrétně se,pravidla pravidla pravidla pravidla pravidla pravidla
MTX201501307_anon,10,16,jednalo o výkopy pro plynové potrubí (SJ 500 a 501) a výkop pro telefonní kabel (SJ 502).,pravidla pravidla pravidla pravidla pravidla pravidla pravidla pravidla
MTX201501307_anon,10,17,Zachovalé souvrství (Příloha: obr. č. 4) je dále popisováno od stratigraficky nejstarších po,pravidla pravidla pravidla pravidla pravidla pravidla
MTX201501307_anon,10,18,nejmladší vrstvy terénu. Na archeologické podloží tvořené šedobéžovou jílovitou hlínou,pravidla pravidla pravidla pravidla pravidla pravidla
MTX201501307_anon,10,19,"(SJ 100) nasedala hnědošedá, mírně plastická hlína (SJ 115=119) obsahující homogenní",pravidla pravidla pravidla pravidla pravidla
MTX201501307_anon,10,20,"soubor keramického materiálu 15. - 16. stol. Tato vrstva, tvořící původní povrch terénu, byla",pravidla pravidla pravidla pravidla pravidla pravidla pravidla
MTX201501307_anon,10,21,"následně překryta 0,3 m mocnou vrstvou lomového kamene a hlíny (SJ 103) obsahující",pravidla pravidla pravidla pravidla pravidla pravidla
MTX201501307_anon,10,22,keramiku 15. a 17. stol. Popsanou situaci lze interpretovat jako účelovou úpravu komunikační,pravidla pravidla pravidla pravidla pravidla pravidla pravidla
MTX201501307_anon,10,23,"plochy, za účelem zvýšení její schůdnosti. Následující vrstvy tvoří navážky hnědých hlín (SJ",pravidla pravidla pravidla pravidla pravidla pravidla pravidla
MTX201501307_anon,10,24,"116, 112, 102), ve kterých byla zaznamenána keramika 15. - 17. stol. v přemístěné poloze (SJ",pravidla pravidla pravidla pravidla pravidla pravidla pravidla
MTX201501307_anon,10,25,112).,pravidla pravidla pravidla pravidla pravidla pravidla pravidla pravidla pravidla pravidla pravidla pravidla pravidla pravidla pravidla pravidla pravidla pravidla pravidla pravidla pravidla pravidla pravidla pravidla pravidla pravidla pravidla pravidla pravidla pravidla pravidla pravidla pravidla pravidla pravidla pravidla pravidla pravidla pravidla pravidla pravidla pravidla pravidla pravidla pravidla pravidla pravidla pravidla pravidla pravidla pravidla pravidla pravidla pravidla pravidla pravidla pravidla pravidla pravidla pravidla pravidla pravidla pravidla pravidla pravidla pravidla pravidla pravidla pravidla pravidla pravidla pravidla pravidla pravidla pravidla pravidla pravidla pravidla pravidla pravidla pravidla pravidla pravidla pravidla pravidla pravidla pravidla pravidla pravidla pravidla pravidla pravidla pravidla pravidla pravidla pravidla pravidla pravidla pravidla pravidla pravidla pravidla pravidla pravidla pravidla pravidla pravidla pravidla pravidla pravidla pravidla pravidla pravidla pravidla pravidla pravidla pravidla pravidla pravidla pravidla pravidla pravidla pravidla pravidla pravidla pravidla pravidla pravidla pravidla pravidla pravidla pravidla pravidla pravidla pravidla pravidla pravidla pravidla pravidla pravidla pravidla pravidla pravidla pravidla pravidla pravidla pravidla pravidla pravidla pravidla pravidla pravidla pravidla pravidla pravidla pravidla pravidla pravidla pravidla pravidla pravidla pravidla pravidla pravidla pravidla pravidla pravidla pravidla pravidla pravidla pravidla pravidla pravidla pravidla pravidla pravidla pravidla pravidla pravidla pravidla pravidla pravidla pravidla pravidla pravidla pravidla pravidla pravidla pravidla pravidla pravidla pravidla pravidla pravidla pravidla pravidla pravidla pravidla pravidla pravidla pravidla pravidla pravidla pravidla pravidla pravidla pravidla pravidla pravidla pravidla pravidla pravidla pravidla pravidla pravidla pravidla pravidla pravidla pravidla pravidla pravidla pravidla pravidla pravidla pravidla pravidla pravidla pravidla pravidla pravidla pravidla pravidla pravidla pravidla pravidla pravidla pravidla pravidla pravidla pravidla pravidla pravidla pravidla pravidla pravidla pravidla pravidla pravidla pravidla pravidla pravidla pravidla pravidla pravidla pravidla pravidla pravidla pravidla pravidla pravidla pravidla pravidla pravidla pravidla pravidla pravidla pravidla pravidla pravidla pravidla pravidla pravidla pravidla pravidla pravidla pravidla pravidla pravidla pravidla pravidla pravidla pravidla pravidla pravidla pravidla pravidla pravidla pravidla pravidla pravidla pravidla pravidla pravidla pravidla pravidla pravidla pravidla pravidla pravidla pravidla pravidla pravidla pravidla pravidla pravidla pravidla pravidla pravidla pravidla pravidla pravidla pravidla pravidla pravidla pravidla pravidla pravidla pravidla pravidla pravidla pravidla pravidla pravidla pravidla pravidla pravidla pravidla pravidla pravidla pravidla pravidla pravidla pravidla pravidla pravidla pravidla pravidla pravidla pravidla pravidla pravidla pravidla pravidla pravidla pravidla pravidla pravidla pravidla pravidla pravidla pravidla pravidla pravidla pravidla pravidla pravidla pravidla pravidla pravidla pravidla pravidla pravidla pravidla pravidla pravidla pravidla pravidla pravidla pravidla pravidla pravidla pravidla pravidla pravidla pravidla pravidla pravidla pravidla pravidla pravidla pravidla pravidla pravidla pravidla pravidla pravidla pravidla pravidla pravidla pravidla pravidla pravidla pravidla pravidla pravidla pravidla pravidla pravidla pravidla pravidla pravidla pravidla pravidla pravidla pravidla pravidla pravidla pravidla pravidla pravidla pravidla pravidla pravidla pravidla pravidla pravidla pravidla pravidla pravidla pravidla pravidla pravidla pravidla pravidla pravidla pravidla pravidla pravidla pravidla pravidla pravidla pravidla pravidla pravidla pravidla pravidla pravidla pravidla pravidla pravidla pravidla pravidla pravidla pravidla pravidla pravidla pravidla pravidla pravidla pravidla pravidla pravidla pravidla pravidla pravidla pravidla pravidla pravidla pravidla pravidla pravidla pravidla pravidla pravidla pravidla pravidla pravidla pravidla pravidla pravidla pravidla pravidla pravidla pravidla pravidla pravidla pravidla pravidla pravidla pravidla pravidla pravidla pravidla pravidla pravidla pravidla pravidla pravidla pravidla pravidla pravidla pravidla pravidla pravidla pravidla pravidla pravidla pravidla pravidla pravidla pravidla pravidla pravidla pravidla pravidla pravidla pravidla pravidla pravidla pravidla pravidla pravidla pravidla pravidla pravidla pravidla pravidla pravidla pravidla pravidla pravidla pravidla pravidla pravidla pravidla pravidla pravidla pravidla pravidla pravidla pravidla pravidla pravidla pravidla pravidla pravidla pravidla pravidla pravidla pravidla pravidla pravidla pravidla pravidla pravidla pravidla pravidla pravidla pravidla pravidla pravidla pravidla pravidla pravidla pravidla pravidla pravidla pravidla pravidla pravidla pravidla pravidla pravidla pravidla pravidla pravidla pravidla pravidla pravidla pravidla pravidla pravidla pravidla pravidla pravidla pravidla pravidla pravidla pravidla pravidla pravidla pravidla pravidla pravidla pravidla pravidla pravidla pravidla pravidla pravidla pravidla pravidla pravidla pravidla pravidla pravidla pravidla pravidla pravidla pravidla pravidla pravidla pravidla pravidla pravidla pravidla pravidla pravidla pravidla pravidla pravidla pravidla pravidla pravidla pravidla pravidla pravidla pravidla pravidla pravidla pravidla pravidla pravidla pravidla pravidla pravidla pravidla pravidla pravidla pravidla pravidla pravidla pravidla pravidla pravidla pravidla pravidla pravidla pravidla pravidla pravidla pravidla pravidla pravidla pravidla pravidla pravidla pravidla pravidla pravidla pravidla pravidla pravidla pravidla pravidla pravidla pravidla pravidla pravidla pravidla pravidla pravidla pravidla pravidla pravidla pravidla pravidla pravidla pravidla pravidla pravidla pravidla pravidla pravidla pravidla pravidla pravidla pravidla pravidla pravidla pravidla pravidla pravidla pravidla pravidla pravidla pravidla pravidla pravidla pravidla pravidla pravidla pravidla pravidla pravidla pravidla pravidla pravidla pravidla pravidla pravidla pravidla pravidla pravidla pravidla pravidla pravidla pravidla pravidla pravidla pravidla pravidla pravidla pravidla pravidla pravidla pravidla pravidla pravidla pravidla pravidla pravidla pravidla pravidla pravidla pravidla pravidla pravidla pravidla pravidla pravidla pravidla pravidla pravidla pravidla pravidla pravidla pravidla pravidla pravidla pravidla pravidla pravidla pravidla pravidla pravidla pravidla pravidla pravidla pravidla pravidla pravidla pravidla pravidla pravidla pravidla pravidla pravidla pravidla pravidla pravidla pravidla pravidla pravidla pravidla pravidla pravidla pravidla pravidla pravidla pravidla pravidla pravidla pravidla pravidla pravidla pravidla pravidla pravidla pravidla pravidla pravidla pravidla pravidla pravidla pravidla pravidla pravidla pravidla pravidla pravidla pravidla pravidla pravidla pravidla pravidla pravidla pravidla pravidla pravidla pravidla pravidla pravidla pravidla pravidla pravidla pravidla pravidla pravidla pravidla pravidla pravidla pravidla pravidla pravidla pravidla pravidla pravidla pravidla pravidla pravidla pravidla pravidla pravidla pravidla pravidla pravidla pravidla pravidla pravidla pravidla pravidla pravidla pravidla pravidla pravidla pravidla pravidla pravidla pravidla pravidla pravidla pravidla pravidla pravidla pravidla pravidla pravidla pravidla pravidla pravidla pravidla pravidla pravidla pravidla pravidla pravidla pravidla pravidla pravidla pravidla pravidla pravidla pravidla pravidla pravidla pravidla pravidla pravidla pravidla pravidla pravidla pravidla pravidla pravidla pravidla pravidla pravidla pravidla pravidla pravidla pravidla pravidla pravidla pravidla pravidla pravidla pravidla pravidla pravidla pravidla pravidla pravidla pravidla pravidla pravidla pravidla pravidla pravidla pravidla pravidla pravidla pravidla pravidla pravidla pravidla pravidla pravidla pravidla pravidla pravidla pravidla pravidla pravidla pravidla pravidla pravidla pravidla pravidla pravidla pravidla pravidla pravidla pravidla pravidla pravidla pravidla pravidla pravidla pravidla pravidla pravidla pravidla pravidla pravidla pravidla pravidla pravidla pravidla pravidla pravidla pravidla pravidla pravidla pravidla pravidla pravidla pravidla pravidla pravidla pravidla pravidla pravidla pravidla pravidla pravidla pravidla pravidla pravidla pravidla pravidla pravidla pravidla pravidla pravidla pravidla pravidla pravidla pravidla pravidla pravidla pravidla pravidla pravidla pravidla pravidla pravidla pravidla pravidla pravidla pravidla pravidla pravidla pravidla pravidla pravidla pravidla pravidla pravidla pravidla pravidla pravidla pravidla pravidla pravidla pravidla pravidla pravidla pravidla pravidla pravidla pravidla pravidla pravidla pravidla pravidla pravidla pravidla pravidla pravidla pravidla pravidla pravidla pravidla pravidla pravidla pravidla pravidla pravidla pravidla pravidla pravidla pravidla pravidla pravidla pravidla pravidla pravidla pravidla pravidla pravidla pravidla pravidla pravidla pravidla pravidla pravidla pravidla pravidla pravidla pravidla pravidla pravidla pravidla pravidla pravidla pravidla pravidla pravidla pravidla pravidla pravidla pravidla pravidla pravidla pravidla pravidla pravidla pravidla pravidla pravidla pravidla pravidla pravidla pravidla pravidla pravidla pravidla pravidla pravidla pravidla pravidla pravidla pravidla pravidla pravidla pravidla pravidla pravidla pravidla pravidla pravidla pravidla pravidla pravidla pravidla pravidla pravidla pravidla pravidla pravidla pravidla pravidla pravidla pravidla pravidla pravidla pravidla pravidla pravidla pravidla pravidla pravidla pravidla pravidla pravidla pravidla pravidla pravidla pravidla pravidla pravidla pravidla pravidla pravidla pravidla pravidla pravidla pravidla pravidla pravidla pravidla pravidla pravidla pravidla pravidla pravidla pravidla pravidla pravidla pravidla pravidla pravidla pravidla pravidla pravidla pravidla pravidla pravidla pravidla pravidla pravidla pravidla pravidla pravidla pravidla pravidla pravidla pravidla pravidla pravidla pravidla pravidla pravidla pravidla pravidla pravidla pravidla pravidla pravidla pravidla pravidla pravidla pravidla pravidla pravidla pravidla pravidla pravidla pravidla pravidla pravidla pravidla pravidla pravidla pravidla pravidla pravidla pravidla pravidla pravidla pravidla pravidla pravidla pravidla pravidla pravidla pravidla pravidla pravidla pravidla pravidla pravidla pravidla pravidla pravidla pravidla pravidla pravidla pravidla pravidla pravidla pravidla pravidla pravidla pravidla pravidla pravidla pravidla pravidla pravidla pravidla pravidla pravidla pravidla pravidla pravidla pravidla pravidla pravidla pravidla pravidla pravidla pravidla pravidla pravidla pravidla pravidla pravidla pravidla pravidla pravidla pravidla pravidla pravidla pravidla pravidla pravidla pravidla pravidla pravidla pravidla pravidla pravidla pravidla pravidla pravidla pravidla pravidla pravidla pravidla pravidla pravidla pravidla pravidla pravidla pravidla pravidla pravidla pravidla pravidla pravidla pravidla pravidla pravidla pravidla pravidla pravidla pravidla pravidla pravidla pravidla pravidla pravidla pravidla pravidla pravidla pravidla pravidla pravidla pravidla pravidla pravidla pravidla pravidla pravidla pravidla pravidla pravidla pravidla pravidla pravidla pravidla pravidla pravidla pravidla pravidla pravidla pravidla pravidla pravidla pravidla pravidla pravidla pravidla pravidla pravidla pravidla pravidla pravidla pravidla pravidla pravidla pravidla pravidla pravidla pravidla pravidla pravidla pravidla pravidla pravidla pravidla pravidla pravidla pravidla pravidla pravidla pravidla pravidla pravidla pravidla pravidla pravidla pravidla pravidla pravidla pravidla pravidla pravidla pravidla pravidla pravidla pravidla pravidla pravidla pravidla pravidla pravidla pravidla pravidla pravidla pravidla pravidla pravidla pravidla pravidla pravidla pravidla pravidla pravidla pravidla pravidla pravidla pravidla pravidla pravidla pravidla pravidla pravidla pravidla pravidla pravidla pravidla pravidla pravidla pravidla pravidla pravidla pravidla pravidla pravidla pravidla pravidla pravidla pravidla pravidla pravidla pravidla pravidla pravidla pravidla pravidla pravidla pravidla pravidla pravidla pravidla pravidla pravidla pravidla pravidla pravidla pravidla pravidla pravidla pravidla pravidla pravidla pravidla pravidla pravidla pravidla pravidla pravidla pravidla pravidla pravidla pravidla pravidla pravidla pravidla pravidla pravidla pravidla pravidla pravidla pravidla pravidla pravidla pravidla pravidla pravidla pravidla pravidla pravidla pravidla pravidla pravidla pravidla pravidla pravidla pravidla pravidla pravidla pravidla pravidla pravidla pravidla pravidla pravidla pravidla pravidla pravidla pravidla pravidla pravidla pravidla pravidla pravidla pravidla pravidla pravidla pravidla pravidla pravidla pravidla pravidla pravidla pravidla pravidla pravidla pravidla pravidla pravidla pravidla pravidla pravidla pravidla pravidla pravidla pravidla pravidla pravidla pravidla pravidla pravidla pravidla pravidla pravidla pravidla pravidla pravidla pravidla pravidla pravidla pravidla pravidla pravidla pravidla pravidla pravidla pravidla pravidla pravidla pravidla pravidla pravidla pravidla pravidla pravidla pravidla pravidla pravidla pravidla pravidla pravidla pravidla pravidla pravidla pravidla pravidla pravidla pravidla pravidla pravidla pravidla pravidla pravidla pravidla pravidla pravidla pravidla pravidla pravidla pravidla pravidla pravidla pravidla pravidla pravidla pravidla pravidla pravidla pravidla pravidla pravidla pravidla pravidla pravidla pravidla pravidla pravidla pravidla pravidla pravidla pravidla pravidla pravidla pravidla pravidla pravidla pravidla pravidla pravidla pravidla pravidla pravidla pravidla pravidla pravidla pravidla pravidla pravidla pravidla pravidla pravidla pravidla pravidla pravidla pravidla pravidla pravidla pravidla pravidla pravidla pravidla pravidla pravidla pravidla pravidla pravidla pravidla pravidla pravidla pravidla pravidla pravidla pravidla pravidla pravidla pravidla pravidla pravidla pravidla pravidla pravidla pravidla pravidla pravidla pravidla pravidla pravidla pravidla pravidla pravidla pravidla pravidla pravidla pravidla pravidla pravidla pravidla pravidla pravidla pravidla pravidla pravidla pravidla pravidla pravidla pravidla pravidla pravidla pravidla pravidla pravidla pravidla pravidla pravidla pravidla pravidla pravidla pravidla pravidla pravidla pravidla pravidla pravidla pravidla pravidla pravidla pravidla pravidla pravidla pravidla pravidla pravidla pravidla pravidla pravidla pravidla pravidla pravidla pravidla pravidla pravidla pravidla pravidla pravidla pravidla pravidla pravidla pravidla pravidla pravidla pravidla pravidla pravidla pravidla pravidla pravidla pravidla pravidla pravidla pravidla pravidla pravidla pravidla pravidla pravidla pravidla pravidla pravidla pravidla pravidla pravidla pravidla pravidla pravidla pravidla pravidla pravidla pravidla pravidla pravidla pravidla pravidla pravidla pravidla pravidla pravidla pravidla pravidla pravidla pravidla pravidla pravidla pravidla pravidla pravidla pravidla pravidla pravidla pravidla pravidla pravidla pravidla pravidla pravidla pravidla pravidla pravidla pravidla pravidla pravidla pravidla pravidla pravidla pravidla pravidla pravidla pravidla pravidla pravidla pravidla pravidla pravidla pravidla pravidla pravidla pravidla pravidla pravidla pravidla pravidla pravidla pravidla pravidla pravidla pravidla pravidla pravidla pravidla pravidla pravidla pravidla pravidla pravidla pravidla pravidla pravidla pravidla pravidla pravidla pravidla pravidla pravidla pravidla pravidla pravidla pravidla pravidla pravidla pravidla pravidla pravidla pravidla pravidla pravidla pravidla pravidla pravidla pravidla pravidla pravidla pravidla pravidla pravidla pravidla pravidla pravidla pravidla pravidla pravidla pravidla pravidla pravidla pravidla pravidla pravidla pravidla pravidla pravidla pravidla pravidla pravidla pravidla pravidla pravidla pravidla pravidla pravidla pravidla pravidla pravidla pravidla pravidla pravidla pravidla pravidla pravidla pravidla pravidla pravidla pravidla pravidla pravidla pravidla pravidla pravidla pravidla pravidla pravidla pravidla pravidla pravidla pravidla pravidla pravidla pravidla pravidla pravidla pravidla pravidla pravidla pravidla pravidla pravidla pravidla pravidla pravidla pravidla pravidla pravidla pravidla pravidla pravidla pravidla pravidla pravidla pravidla pravidla pravidla pravidla pravidla pravidla pravidla pravidla pravidla pravidla pravidla pravidla pravidla pravidla pravidla pravidla pravidla pravidla pravidla pravidla pravidla pravidla pravidla pravidla pravidla pravidla pravidla pravidla pravidla pravidla pravidla pravidla pravidla pravidla pravidla pravidla pravidla pravidla pravidla pravidla pravidla pravidla pravidla pravidla pravidla pravidla pravidla pravidla pravidla pravidla pravidla pravidla pravidla pravidla pravidla pravidla pravidla pravidla pravidla pravidla pravidla pravidla pravidla pravidla pravidla pravidla pravidla pravidla pravidla pravidla pravidla pravidla pravidla pravidla pravidla pravidla pravidla pravidla pravidla pravidla pravidla pravidla pravidla pravidla pravidla pravidla pravidla pravidla pravidla pravidla pravidla pravidla pravidla pravidla pravidla pravidla pravidla pravidla pravidla pravidla pravidla pravidla pravidla pravidla pravidla pravidla pravidla pravidla pravidla pravidla pravidla pravidla pravidla pravidla pravidla pravidla pravidla pravidla pravidla pravidla pravidla pravidla pravidla pravidla pravidla pravidla pravidla pravidla pravidla pravidla pravidla pravidla pravidla pravidla pravidla pravidla pravidla pravidla pravidla pravidla pravidla pravidla pravidla pravidla pravidla pravidla pravidla pravidla pravidla pravidla pravidla pravidla pravidla pravidla pravidla pravidla pravidla pravidla pravidla pravidla pravidla pravidla pravidla pravidla pravidla pravidla pravidla pravidla pravidla pravidla pravidla pravidla pravidla pravidla pravidla pravidla pravidla pravidla pravidla pravidla pravidla pravidla pravidla pravidla pravidla pravidla pravidla pravidla pravidla pravidla pravidla pravidla pravidla pravidla pravidla pravidla pravidla pravidla pravidla pravidla pravidla pravidla pravidla pravidla pravidla pravidla pravidla pravidla pravidla pravidla pravidla pravidla pravidla pravidla pravidla pravidla pravidla pravidla pravidla pravidla pravidla pravidla pravidla pravidla pravidla pravidla pravidla pravidla pravidla pravidla pravidla pravidla pravidla pravidla pravidla pravidla pravidla pravidla pravidla pravidla pravidla pravidla pravidla pravidla pravidla pravidla pravidla pravidla pravidla pravidla pravidla pravidla pravidla pravidla pravidla pravidla pravidla pravidla pravidla pravidla pravidla pravidla pravidla pravidla pravidla pravidla pravidla pravidla pravidla pravidla pravidla pravidla pravidla pravidla pravidla pravidla pravidla pravidla pravidla pravidla pravidla pravidla pravidla pravidla pravidla pravidla pravidla pravidla pravidla pravidla pravidla pravidla pravidla pravidla pravidla pravidla pravidla pravidla pravidla pravidla pravidla pravidla pravidla pravidla pravidla pravidla pravidla pravidla pravidla pravidla pravidla pravidla pravidla pravidla pravidla pravidla pravidla pravidla pravidla pravidla pravidla pravidla pravidla pravidla pravidla pravidla pravidla pravidla pravidla pravidla pravidla pravidla pravidla pravidla pravidla pravidla pravidla pravidla pravidla pravidla pravidla pravidla pravidla pravidla pravidla pravidla pravidla pravidla pravidla pravidla pravidla pravidla pravidla pravidla pravidla pravidla pravidla pravidla pravidla pravidla pravidla pravidla pravidla pravidla pravidla pravidla pravidla pravidla pravidla pravidla pravidla pravidla pravidla pravidla pravidla pravidla pravidla pravidla pravidla pravidla pravidla pravidla pravidla pravidla pravidla pravidla pravidla pravidla pravidla pravidla pravidla pravidla pravidla pravidla pravidla pravidla pravidla pravidla pravidla pravidla pravidla pravidla pravidla pravidla pravidla pravidla pravidla pravidla pravidla pravidla pravidla pravidla pravidla pravidla pravidla pravidla pravidla pravidla pravidla pravidla pravidla pravidla pravidla pravidla pravidla pravidla pravidla pravidla pravidla pravidla pravidla pravidla pravidla pravidla pravidla pravidla pravidla pravidla pravidla pravidla pravidla pravidla pravidla pravidla pravidla pravidla pravidla pravidla pravidla pravidla pravidla pravidla pravidla pravidla pravidla pravidla pravidla pravidla pravidla pravidla pravidla pravidla pravidla pravidla pravidla pravidla pravidla pravidla pravidla pravidla pravidla pravidla pravidla pravidla pravidla pravidla pravidla pravidla pravidla pravidla pravidla pravidla pravidla pravidla pravidla pravidla pravidla pravidla pravidla pravidla pravidla pravidla pravidla pravidla pravidla pravidla pravidla pravidla pravidla pravidla pravidla pravidla pravidla pravidla pravidla pravidla pravidla pravidla pravidla pravidla pravidla pravidla pravidla pravidla pravidla pravidla pravidla pravidla pravidla pravidla pravidla pravidla pravidla pravidla pravidla pravidla pravidla pravidla pravidla pravidla pravidla pravidla pravidla pravidla pravidla pravidla pravidla pravidla pravidla pravidla pravidla pravidla pravidla pravidla pravidla pravidla pravidla pravidla pravidla pravidla pravidla pravidla pravidla pravidla pravidla pravidla pravidla pravidla pravidla pravidla pravidla pravidla pravidla pravidla pravidla pravidla pravidla pravidla pravidla pravidla pravidla pravidla pravidla pravidla pravidla pravidla pravidla pravidla pravidla pravidla pravidla pravidla pravidla pravidla pravidla pravidla pravidla pravidla pravidla pravidla pravidla pravidla pravidla pravidla pravidla pravidla pravidla pravidla pravidla pravidla pravidla pravidla pravidla pravidla pravidla pravidla pravidla pravidla pravidla pravidla pravidla pravidla pravidla pravidla pravidla pravidla pravidla pravidla pravidla pravidla pravidla pravidla pravidla pravidla pravidla pravidla pravidla pravidla pravidla pravidla pravidla pravidla pravidla pravidla pravidla pravidla pravidla pravidla pravidla pravidla pravidla pravidla pravidla pravidla pravidla pravidla pravidla pravidla pravidla pravidla pravidla pravidla pravidla pravidla pravidla pravidla pravidla pravidla pravidla pravidla pravidla pravidla pravidla pravidla pravidla pravidla pravidla pravidla pravidla pravidla pravidla pravidla pravidla pravidla pravidla pravidla pravidla pravidla pravidla pravidla pravidla pravidla pravidla pravidla pravidla pravidla pravidla pravidla pravidla pravidla pravidla pravidla pravidla pravidla pravidla pravidla pravidla pravidla pravidla pravidla pravidla pravidla pravidla pravidla pravidla pravidla pravidla pravidla pravidla pravidla pravidla pravidla pravidla pravidla pravidla pravidla pravidla pravidla pravidla pravidla pravidla pravidla pravidla pravidla pravidla pravidla pravidla pravidla pravidla pravidla pravidla pravidla pravidla pravidla pravidla pravidla pravidla pravidla pravidla pravidla pravidla pravidla pravidla pravidla pravidla pravidla pravidla pravidla pravidla pravidla pravidla pravidla pravidla pravidla pravidla pravidla pravidla pravidla pravidla pravidla pravidla pravidla pravidla pravidla pravidla pravidla pravidla pravidla pravidla pravidla pravidla pravidla pravidla pravidla pravidla pravidla pravidla pravidla pravidla pravidla pravidla pravidla pravidla pravidla pravidla pravidla pravidla pravidla pravidla pravidla pravidla pravidla pravidla pravidla pravidla pravidla pravidla pravidla pravidla pravidla pravidla pravidla pravidla pravidla pravidla pravidla pravidla pravidla pravidla pravidla pravidla pravidla pravidla pravidla pravidla pravidla pravidla pravidla pravidla pravidla pravidla pravidla pravidla pravidla pravidla pravidla pravidla pravidla pravidla pravidla pravidla pravidla pravidla pravidla pravidla pravidla pravidla pravidla pravidla pravidla pravidla pravidla pravidla pravidla pravidla pravidla pravidla pravidla pravidla pravidla pravidla pravidla pravidla pravidla pravidla pravidla pravidla pravidla pravidla pravidla pravidla pravidla pravidla pravidla pravidla pravidla pravidla pravidla pravidla pravidla pravidla pravidla pravidla pravidla pravidla pravidla pravidla pravidla pravidla pravidla pravidla pravidla pravidla pravidla pravidla pravidla pravidla pravidla pravidla pravidla pravidla pravidla pravidla pravidla pravidla pravidla pravidla pravidla pravidla pravidla pravidla pravidla pravidla pravidla pravidla pravidla pravidla pravidla pravidla pravidla pravidla pravidla pravidla pravidla pravidla pravidla pravidla pravidla pravidla pravidla pravidla pravidla pravidla pravidla pravidla pravidla pravidla pravidla pravidla pravidla pravidla pravidla pravidla pravidla pravidla pravidla pravidla pravidla pravidla pravidla pravidla pravidla pravidla pravidla pravidla pravidla pravidla pravidla pravidla pravidla pravidla pravidla pravidla pravidla pravidla pravidla pravidla pravidla pravidla pravidla pravidla pravidla pravidla pravidla pravidla pravidla pravidla pravidla pravidla pravidla pravidla pravidla pravidla pravidla pravidla pravidla pravidla pravidla pravidla pravidla pravidla pravidla pravidla pravidla pravidla pravidla pravidla pravidla pravidla pravidla pravidla pravidla pravidla pravidla pravidla pravidla pravidla pravidla pravidla pravidla pravidla pravidla pravidla pravidla pravidla pravidla pravidla pravidla pravidla pravidla pravidla pravidla pravidla pravidla pravidla pravidla pravidla pravidla pravidla pravidla pravidla pravidla pravidla pravidla pravidla pravidla pravidla pravidla pravidla pravidla pravidla pravidla pravidla pravidla pravidla pravidla pravidla pravidla pravidla pravidla pravidla pravidla pravidla pravidla pravidla pravidla pravidla pravidla pravidla pravidla pravidla pravidla pravidla pravidla pravidla pravidla pravidla pravidla pravidla pravidla pravidla pravidla pravidla pravidla pravidla pravidla pravidla pravidla pravidla pravidla pravidla pravidla pravidla pravidla pravidla pravidla pravidla pravidla pravidla pravidla pravidla pravidla pravidla pravidla pravidla pravidla pravidla pravidla pravidla pravidla pravidla pravidla pravidla pravidla pravidla pravidla pravidla pravidla pravidla pravidla pravidla pravidla pravidla pravidla pravidla pravidla pravidla pravidla pravidla pravidla pravidla pravidla pravidla pravidla pravidla pravidla pravidla pravidla pravidla pravidla pravidla pravidla pravidla pravidla pravidla pravidla pravidla pravidla pravidla pravidla pravidla pravidla pravidla pravidla pravidla pravidla pravidla pravidla pravidla pravidla pravidla pravidla pravidla pravidla pravidla pravidla pravidla pravidla pravidla pravidla pravidla pravidla pravidla pravidla pravidla pravidla pravidla pravidla pravidla pravidla pravidla pravidla pravidla pravidla pravidla pravidla pravidla pravidla pravidla pravidla pravidla pravidla pravidla pravidla pravidla pravidla pravidla pravidla pravidla pravidla pravidla pravidla pravidla pravidla pravidla pravidla pravidla pravidla pravidla pravidla pravidla pravidla pravidla pravidla pravidla pravidla pravidla pravidla pravidla pravidla pravidla pravidla pravidla pravidla pravidla pravidla pravidla pravidla pravidla pravidla pravidla pravidla pravidla pravidla pravidla pravidla pravidla pravidla pravidla pravidla pravidla pravidla pravidla pravidla pravidla pravidla pravidla pravidla pravidla pravidla pravidla pravidla pravidla pravidla pravidla pravidla pravidla pravidla pravidla pravidla pravidla pravidla pravidla pravidla pravidla pravidla pravidla pravidla pravidla pravidla pravidla pravidla pravidla pravidla pravidla pravidla pravidla pravidla pravidla pravidla pravidla pravidla pravidla pravidla pravidla pravidla pravidla pravidla pravidla pravidla pravidla pravidla pravidla pravidla pravidla pravidla pravidla pravidla pravidla pravidla pravidla pravidla pravidla pravidla pravidla pravidla pravidla pravidla pravidla pravidla pravidla pravidla pravidla pravidla pravidla pravidla pravidla pravidla pravidla pravidla pravidla pravidla pravidla pravidla pravidla pravidla pravidla pravidla pravidla pravidla pravidla pravidla pravidla pravidla pravidla pravidla pravidla pravidla pravidla pravidla pravidla pravidla pravidla pravidla pravidla pravidla pravidla pravidla pravidla pravidla pravidla pravidla pravidla pravidla pravidla pravidla pravidla pravidla pravidla pravidla pravidla pravidla pravidla pravidla pravidla pravidla pravidla pravidla pravidla pravidla pravidla pravidla pravidla pravidla pravidla pravidla pravidla pravidla pravidla pravidla pravidla pravidla pravidla pravidla pravidla pravidla pravidla pravidla pravidla pravidla pravidla pravidla pravidla pravidla pravidla pravidla pravidla pravidla pravidla pravidla pravidla pravidla pravidla pravidla pravidla pravidla pravidla pravidla pravidla pravidla pravidla pravidla pravidla pravidla pravidla pravidla pravidla pravidla pravidla pravidla pravidla pravidla pravidla pravidla pravidla pravidla pravidla pravidla pravidla pravidla
MTX201501307_anon,11,1,11,11
MTX201501307_anon,11,1,S2,
MTX201501307_anon,11,2,"Popis: Sonda č. 2 o celkovém rozměru 1,5 x 2,2 m se nacházela na travnatém ostrůvku",pravidla pravidla pravidla pravidla pravidla pravidla pravidla
MTX201501307_anon,11,3,se sloupem elektrického vedení J od silnice spojující Vraní s Starým Sídlem na Vysočině.,pravidla pravidla pravidla pravidla pravidla pravidla pravidla
MTX201501307_anon,11,4,Vzdálena byla asi 9 m J směrem od JZ rohu domu č. p. 19 (Příloha: plán č. 1). Sonda byla,pravidla pravidla pravidla pravidla pravidla pravidla pravidla pravidla
MTX201501307_anon,11,5,dokumentována na úroveň archeologického podloží (SJ 100) (Příloha: výkresy č. 6 - 7). Na,pravidla pravidla pravidla pravidla pravidla pravidla pravidla
MTX201501307_anon,11,6,archeologické podloží tvořené šedobéžovou jílovitou hlínou (SJ 100) nasedala vrstva šedého,pravidla pravidla pravidla pravidla pravidla pravidla
MTX201501307_anon,11,7,ulehlého štěrku (SJ 128) s keramickým materiálem 15. - 16. stol. Vrstva má charakter,pravidla pravidla pravidla pravidla pravidla pravidla
MTX201501307_anon,11,8,"typického fluviálního sedimentu a lze předpokládat, že vznikla při náhlé a relativně",pravidla pravidla pravidla pravidla pravidla pravidla pravidla
MTX201501307_anon,11,9,krátkodobé události (např. prudké přívalové deště). Převrstvená je šedohnědou písčitou hlínou,pravidla pravidla pravidla pravidla
MTX201501307_anon,11,10,(SJ 141) a hnědou písčitou hlínou (SJ 127) obsahující keramiku z období 15. - 17. stol. Tato,pravidla pravidla pravidla pravidla pravidla pravidla pravidla
MTX201501307_anon,11,11,vrstva představuje přirozeně utvářený povrch tehdejšího antropogenního terénu. Genezi,pravidla pravidla pravidla pravidla pravidla
MTX201501307_anon,11,12,přerušilo navezení šedohnědé písčité hlíny s poměrně velkým obsahem kamenů (SJ 159). Do,pravidla pravidla pravidla pravidla pravidla pravidla pravidla pravidla
MTX201501307_anon,11,13,"navážky byl později zahlouben výkop (SJ 509) velice nepravidelného tvaru, pro konstrukci",pravidla pravidla pravidla pravidla pravidla pravidla
MTX201501307_anon,11,14,"odvodňovacího kanálu (SJ 700). Jeho zásyp tvoří vrstvy písčitých hlín (SJ 143, 145, 146) a",pravidla pravidla pravidla pravidla pravidla pravidla pravidla
MTX201501307_anon,11,15,šedého písčitého štěrku (SJ 111) s keramikou 16. a 19. stol. Štěrková vrstva je svým,pravidla pravidla pravidla pravidla pravidla pravidla pravidla
MTX201501307_anon,11,16,"charakterem podobná vrstvě č. 128 a lze předpokládat, že se jedná o druhotně přemístěný",pravidla pravidla pravidla pravidla pravidla pravidla
MTX201501307_anon,11,17,sediment z blízkého okolí. Popisovaná situace byla následně převrstvena intencionálními,pravidla pravidla pravidla pravidla pravidla
MTX201501307_anon,11,18,"navážkami písčitých hlín a hlinitého písku (SJ 103, 104, 105, 142, 147). Současný povrch",pravidla pravidla pravidla pravidla pravidla pravidla
MTX201501307_anon,11,19,"terénu tvoří prachovitá hnědá hlína, porostlá travním drnem (SJ 101).",pravidla pravidla pravidla pravidla pravidla pravidla pravidla pravidla pravidla pravidla pravidla pravidla pravidla pravidla pravidla pravidla pravidla pravidla pravidla pravidla pravidla pravidla pravidla pravidla pravidla pravidla pravidla pravidla pravidla pravidla pravidla pravidla pravidla pravidla pravidla pravidla pravidla pravidla pravidla pravidla pravidla pravidla pravidla pravidla pravidla pravidla pravidla pravidla pravidla pravidla pravidla pravidla pravidla pravidla pravidla pravidla pravidla pravidla pravidla pravidla pravidla pravidla pravidla pravidla pravidla pravidla pravidla pravidla pravidla pravidla pravidla pravidla pravidla pravidla pravidla pravidla pravidla pravidla pravidla pravidla pravidla pravidla pravidla pravidla pravidla pravidla pravidla pravidla pravidla pravidla pravidla pravidla pravidla pravidla pravidla pravidla pravidla pravidla pravidla pravidla pravidla pravidla pravidla pravidla pravidla pravidla pravidla pravidla pravidla pravidla pravidla pravidla pravidla pravidla pravidla pravidla pravidla pravidla pravidla pravidla pravidla pravidla pravidla pravidla pravidla pravidla pravidla pravidla pravidla pravidla pravidla pravidla pravidla pravidla pravidla pravidla pravidla pravidla pravidla pravidla pravidla pravidla pravidla pravidla pravidla pravidla pravidla pravidla pravidla pravidla pravidla pravidla pravidla pravidla pravidla pravidla pravidla pravidla pravidla pravidla pravidla pravidla pravidla pravidla pravidla pravidla pravidla pravidla pravidla pravidla pravidla pravidla pravidla pravidla pravidla pravidla pravidla pravidla pravidla pravidla pravidla pravidla pravidla pravidla pravidla pravidla pravidla pravidla pravidla pravidla pravidla pravidla pravidla pravidla pravidla pravidla pravidla pravidla pravidla pravidla pravidla pravidla pravidla pravidla pravidla pravidla pravidla pravidla pravidla pravidla pravidla pravidla pravidla pravidla pravidla pravidla pravidla pravidla pravidla pravidla pravidla pravidla pravidla pravidla pravidla pravidla pravidla pravidla pravidla pravidla pravidla pravidla pravidla pravidla pravidla pravidla pravidla pravidla pravidla pravidla pravidla pravidla pravidla pravidla pravidla pravidla pravidla pravidla pravidla pravidla pravidla pravidla pravidla pravidla pravidla pravidla pravidla pravidla pravidla pravidla pravidla pravidla pravidla pravidla pravidla pravidla pravidla pravidla pravidla pravidla pravidla pravidla pravidla pravidla pravidla pravidla pravidla pravidla pravidla pravidla pravidla pravidla pravidla pravidla pravidla pravidla pravidla pravidla pravidla pravidla pravidla pravidla pravidla pravidla pravidla pravidla pravidla pravidla pravidla pravidla pravidla pravidla pravidla pravidla pravidla pravidla pravidla pravidla pravidla pravidla pravidla pravidla pravidla pravidla pravidla pravidla pravidla pravidla pravidla pravidla pravidla pravidla pravidla pravidla pravidla pravidla pravidla pravidla pravidla pravidla pravidla pravidla pravidla pravidla pravidla pravidla pravidla pravidla pravidla pravidla pravidla pravidla pravidla pravidla pravidla pravidla pravidla pravidla pravidla pravidla pravidla pravidla pravidla pravidla pravidla pravidla pravidla pravidla pravidla pravidla pravidla pravidla pravidla pravidla pravidla pravidla pravidla pravidla pravidla pravidla pravidla pravidla pravidla pravidla pravidla pravidla pravidla pravidla pravidla pravidla pravidla pravidla pravidla pravidla pravidla pravidla pravidla pravidla pravidla pravidla pravidla pravidla pravidla pravidla pravidla pravidla pravidla pravidla pravidla pravidla pravidla pravidla pravidla pravidla pravidla pravidla pravidla pravidla pravidla pravidla pravidla pravidla pravidla pravidla pravidla pravidla pravidla pravidla pravidla pravidla pravidla pravidla pravidla pravidla pravidla pravidla pravidla pravidla pravidla pravidla pravidla pravidla pravidla pravidla pravidla pravidla pravidla pravidla pravidla pravidla pravidla pravidla pravidla pravidla pravidla pravidla pravidla pravidla pravidla pravidla pravidla pravidla pravidla pravidla pravidla pravidla pravidla pravidla pravidla pravidla pravidla pravidla pravidla pravidla pravidla pravidla pravidla pravidla pravidla pravidla pravidla pravidla pravidla pravidla pravidla pravidla pravidla pravidla pravidla pravidla pravidla pravidla pravidla pravidla pravidla pravidla pravidla pravidla pravidla pravidla pravidla pravidla pravidla pravidla pravidla pravidla pravidla pravidla pravidla pravidla pravidla pravidla pravidla pravidla pravidla pravidla pravidla pravidla pravidla pravidla pravidla pravidla pravidla pravidla pravidla pravidla pravidla pravidla pravidla pravidla pravidla pravidla pravidla pravidla pravidla pravidla pravidla pravidla pravidla pravidla pravidla pravidla pravidla pravidla pravidla pravidla pravidla pravidla pravidla pravidla pravidla pravidla pravidla pravidla pravidla pravidla pravidla pravidla pravidla pravidla pravidla pravidla pravidla pravidla pravidla pravidla pravidla pravidla pravidla pravidla pravidla pravidla pravidla pravidla pravidla pravidla pravidla pravidla pravidla pravidla pravidla pravidla pravidla pravidla pravidla pravidla pravidla pravidla pravidla pravidla pravidla pravidla pravidla pravidla pravidla pravidla pravidla pravidla pravidla pravidla pravidla pravidla pravidla pravidla pravidla pravidla pravidla pravidla pravidla pravidla pravidla pravidla pravidla pravidla pravidla pravidla pravidla pravidla pravidla pravidla pravidla pravidla pravidla pravidla pravidla pravidla pravidla pravidla pravidla pravidla pravidla pravidla pravidla pravidla pravidla pravidla pravidla pravidla pravidla pravidla pravidla pravidla pravidla pravidla pravidla pravidla pravidla pravidla pravidla pravidla pravidla pravidla pravidla pravidla pravidla pravidla pravidla pravidla pravidla pravidla pravidla pravidla pravidla pravidla pravidla pravidla pravidla pravidla pravidla pravidla pravidla pravidla pravidla pravidla pravidla pravidla pravidla pravidla pravidla pravidla pravidla pravidla pravidla pravidla pravidla pravidla pravidla pravidla pravidla pravidla pravidla pravidla pravidla pravidla pravidla pravidla pravidla pravidla pravidla pravidla pravidla pravidla pravidla pravidla pravidla pravidla pravidla pravidla pravidla pravidla pravidla pravidla pravidla pravidla pravidla pravidla pravidla pravidla pravidla pravidla pravidla pravidla pravidla pravidla pravidla pravidla pravidla pravidla pravidla pravidla pravidla pravidla pravidla pravidla pravidla pravidla pravidla pravidla pravidla pravidla pravidla pravidla pravidla pravidla pravidla pravidla pravidla pravidla pravidla pravidla pravidla pravidla pravidla pravidla pravidla pravidla pravidla pravidla pravidla pravidla pravidla pravidla pravidla pravidla pravidla pravidla pravidla pravidla pravidla pravidla pravidla pravidla pravidla pravidla pravidla pravidla pravidla pravidla pravidla pravidla pravidla pravidla pravidla pravidla pravidla pravidla pravidla pravidla pravidla pravidla pravidla pravidla pravidla pravidla pravidla pravidla pravidla pravidla pravidla pravidla pravidla pravidla pravidla pravidla pravidla pravidla pravidla pravidla pravidla pravidla pravidla pravidla pravidla pravidla pravidla pravidla pravidla pravidla pravidla pravidla pravidla pravidla pravidla pravidla pravidla pravidla pravidla pravidla pravidla pravidla pravidla pravidla pravidla pravidla pravidla pravidla pravidla pravidla pravidla pravidla pravidla pravidla pravidla pravidla pravidla pravidla pravidla pravidla pravidla pravidla pravidla pravidla pravidla pravidla pravidla pravidla pravidla pravidla pravidla pravidla pravidla pravidla pravidla pravidla pravidla pravidla pravidla pravidla pravidla pravidla pravidla pravidla pravidla pravidla pravidla pravidla pravidla pravidla pravidla pravidla pravidla pravidla pravidla pravidla pravidla pravidla pravidla pravidla pravidla pravidla pravidla pravidla pravidla pravidla pravidla pravidla pravidla pravidla pravidla pravidla pravidla pravidla pravidla pravidla pravidla pravidla pravidla pravidla pravidla pravidla pravidla pravidla pravidla pravidla pravidla pravidla pravidla pravidla pravidla pravidla pravidla pravidla pravidla pravidla pravidla pravidla pravidla pravidla pravidla pravidla pravidla pravidla pravidla pravidla pravidla pravidla pravidla pravidla pravidla pravidla pravidla pravidla pravidla pravidla pravidla pravidla pravidla pravidla pravidla pravidla pravidla pravidla pravidla pravidla pravidla pravidla pravidla pravidla pravidla pravidla pravidla pravidla pravidla pravidla pravidla pravidla pravidla pravidla pravidla pravidla pravidla pravidla pravidla pravidla pravidla pravidla pravidla pravidla pravidla pravidla pravidla pravidla pravidla pravidla pravidla pravidla pravidla pravidla pravidla pravidla pravidla pravidla pravidla pravidla pravidla pravidla pravidla pravidla pravidla pravidla pravidla pravidla pravidla pravidla pravidla pravidla pravidla pravidla pravidla pravidla pravidla pravidla pravidla pravidla pravidla pravidla pravidla pravidla pravidla pravidla pravidla pravidla pravidla pravidla pravidla pravidla pravidla pravidla pravidla pravidla pravidla pravidla pravidla pravidla pravidla pravidla pravidla pravidla pravidla pravidla pravidla pravidla pravidla pravidla pravidla pravidla pravidla pravidla pravidla pravidla pravidla pravidla pravidla pravidla pravidla pravidla pravidla pravidla pravidla pravidla pravidla pravidla pravidla pravidla pravidla pravidla pravidla pravidla pravidla pravidla pravidla pravidla pravidla pravidla pravidla pravidla pravidla pravidla pravidla pravidla pravidla pravidla pravidla pravidla pravidla pravidla pravidla pravidla pravidla pravidla pravidla pravidla pravidla pravidla pravidla pravidla pravidla pravidla pravidla pravidla pravidla pravidla pravidla pravidla pravidla pravidla pravidla pravidla pravidla pravidla pravidla pravidla pravidla pravidla pravidla pravidla pravidla pravidla pravidla pravidla pravidla pravidla pravidla pravidla pravidla pravidla pravidla pravidla pravidla pravidla pravidla pravidla pravidla pravidla pravidla pravidla pravidla pravidla pravidla pravidla pravidla pravidla pravidla pravidla pravidla pravidla pravidla pravidla pravidla pravidla pravidla pravidla pravidla pravidla pravidla pravidla pravidla pravidla pravidla pravidla pravidla pravidla pravidla pravidla pravidla pravidla pravidla pravidla pravidla pravidla pravidla pravidla pravidla pravidla pravidla pravidla pravidla pravidla pravidla pravidla pravidla pravidla pravidla pravidla pravidla pravidla pravidla pravidla pravidla pravidla pravidla pravidla pravidla pravidla pravidla pravidla pravidla pravidla pravidla pravidla pravidla pravidla pravidla pravidla pravidla pravidla pravidla pravidla pravidla pravidla pravidla pravidla pravidla pravidla pravidla pravidla pravidla pravidla pravidla pravidla pravidla pravidla pravidla pravidla pravidla pravidla pravidla pravidla pravidla pravidla pravidla pravidla pravidla pravidla pravidla pravidla pravidla pravidla pravidla pravidla pravidla pravidla pravidla pravidla pravidla pravidla pravidla pravidla pravidla pravidla pravidla pravidla pravidla pravidla pravidla pravidla pravidla pravidla pravidla pravidla pravidla pravidla pravidla pravidla pravidla pravidla pravidla pravidla pravidla pravidla pravidla pravidla pravidla pravidla pravidla pravidla pravidla pravidla pravidla pravidla pravidla pravidla pravidla pravidla pravidla pravidla pravidla pravidla pravidla pravidla pravidla pravidla pravidla pravidla pravidla pravidla pravidla pravidla pravidla pravidla pravidla pravidla pravidla pravidla pravidla pravidla pravidla pravidla pravidla pravidla pravidla pravidla pravidla pravidla pravidla pravidla pravidla pravidla pravidla pravidla pravidla pravidla pravidla pravidla pravidla pravidla pravidla pravidla pravidla pravidla pravidla pravidla pravidla pravidla pravidla pravidla pravidla pravidla pravidla pravidla pravidla pravidla pravidla pravidla pravidla pravidla pravidla pravidla pravidla pravidla pravidla pravidla pravidla pravidla pravidla pravidla pravidla pravidla pravidla pravidla pravidla pravidla pravidla pravidla pravidla pravidla pravidla pravidla pravidla pravidla pravidla pravidla pravidla pravidla pravidla pravidla pravidla pravidla pravidla pravidla pravidla pravidla pravidla pravidla pravidla pravidla pravidla pravidla pravidla pravidla pravidla pravidla pravidla pravidla pravidla pravidla pravidla pravidla pravidla pravidla pravidla pravidla pravidla pravidla pravidla pravidla pravidla pravidla pravidla pravidla pravidla pravidla pravidla pravidla pravidla pravidla pravidla pravidla pravidla pravidla pravidla pravidla pravidla pravidla pravidla pravidla pravidla pravidla pravidla pravidla pravidla pravidla pravidla pravidla pravidla pravidla pravidla pravidla pravidla pravidla pravidla pravidla pravidla pravidla pravidla pravidla pravidla pravidla pravidla pravidla pravidla pravidla pravidla pravidla pravidla pravidla pravidla pravidla pravidla pravidla pravidla pravidla pravidla pravidla pravidla pravidla pravidla pravidla pravidla pravidla pravidla pravidla pravidla pravidla pravidla pravidla pravidla pravidla pravidla pravidla pravidla pravidla pravidla pravidla pravidla pravidla pravidla pravidla pravidla pravidla pravidla pravidla pravidla pravidla pravidla pravidla pravidla pravidla pravidla pravidla pravidla pravidla pravidla pravidla pravidla pravidla pravidla pravidla pravidla pravidla pravidla pravidla pravidla pravidla pravidla pravidla pravidla pravidla pravidla pravidla pravidla pravidla pravidla pravidla pravidla pravidla pravidla pravidla pravidla pravidla pravidla pravidla pravidla pravidla pravidla pravidla pravidla pravidla pravidla pravidla pravidla pravidla pravidla pravidla pravidla pravidla pravidla pravidla pravidla pravidla pravidla pravidla pravidla pravidla pravidla pravidla pravidla pravidla pravidla pravidla pravidla pravidla pravidla pravidla pravidla pravidla pravidla pravidla pravidla pravidla pravidla pravidla pravidla pravidla pravidla pravidla pravidla pravidla pravidla pravidla pravidla pravidla pravidla pravidla pravidla pravidla pravidla pravidla pravidla pravidla pravidla pravidla pravidla pravidla pravidla pravidla pravidla pravidla pravidla pravidla pravidla pravidla pravidla pravidla pravidla pravidla pravidla pravidla pravidla pravidla pravidla pravidla pravidla pravidla pravidla pravidla pravidla pravidla pravidla pravidla pravidla pravidla pravidla pravidla pravidla pravidla pravidla pravidla pravidla pravidla pravidla pravidla pravidla pravidla pravidla pravidla pravidla pravidla pravidla pravidla pravidla pravidla pravidla pravidla pravidla pravidla pravidla pravidla pravidla pravidla pravidla pravidla pravidla pravidla pravidla pravidla pravidla pravidla pravidla pravidla pravidla pravidla pravidla pravidla pravidla pravidla pravidla pravidla pravidla pravidla pravidla pravidla pravidla pravidla pravidla pravidla pravidla pravidla pravidla pravidla pravidla pravidla pravidla pravidla pravidla pravidla pravidla pravidla pravidla pravidla pravidla pravidla pravidla pravidla pravidla pravidla pravidla pravidla pravidla pravidla pravidla pravidla pravidla pravidla pravidla pravidla pravidla pravidla pravidla pravidla pravidla pravidla pravidla pravidla pravidla pravidla pravidla pravidla pravidla pravidla pravidla pravidla pravidla pravidla pravidla pravidla pravidla pravidla pravidla pravidla pravidla pravidla pravidla pravidla pravidla pravidla pravidla pravidla pravidla pravidla pravidla pravidla pravidla pravidla pravidla pravidla pravidla pravidla pravidla pravidla pravidla pravidla pravidla pravidla pravidla pravidla pravidla pravidla pravidla pravidla pravidla pravidla pravidla pravidla pravidla pravidla pravidla pravidla pravidla pravidla pravidla pravidla pravidla pravidla pravidla pravidla pravidla pravidla pravidla pravidla pravidla pravidla pravidla pravidla pravidla pravidla pravidla pravidla pravidla pravidla pravidla pravidla pravidla pravidla pravidla pravidla pravidla pravidla pravidla pravidla pravidla pravidla pravidla pravidla pravidla pravidla pravidla pravidla pravidla pravidla pravidla pravidla pravidla pravidla pravidla pravidla pravidla pravidla pravidla pravidla pravidla pravidla pravidla pravidla pravidla pravidla pravidla pravidla pravidla pravidla pravidla pravidla pravidla pravidla pravidla pravidla pravidla pravidla pravidla pravidla pravidla pravidla pravidla pravidla pravidla pravidla pravidla pravidla pravidla pravidla pravidla pravidla pravidla pravidla pravidla pravidla pravidla pravidla pravidla pravidla pravidla pravidla pravidla pravidla pravidla pravidla pravidla pravidla pravidla pravidla pravidla pravidla pravidla pravidla pravidla pravidla pravidla pravidla pravidla pravidla pravidla pravidla pravidla pravidla pravidla pravidla pravidla pravidla pravidla pravidla pravidla pravidla pravidla pravidla pravidla pravidla pravidla pravidla pravidla pravidla pravidla pravidla pravidla pravidla pravidla pravidla pravidla pravidla pravidla pravidla pravidla pravidla pravidla pravidla pravidla pravidla pravidla pravidla pravidla pravidla pravidla pravidla pravidla pravidla pravidla pravidla pravidla pravidla pravidla pravidla pravidla pravidla pravidla pravidla pravidla pravidla pravidla pravidla pravidla pravidla pravidla pravidla pravidla pravidla pravidla pravidla pravidla pravidla pravidla pravidla pravidla pravidla pravidla pravidla pravidla pravidla pravidla pravidla pravidla pravidla pravidla pravidla pravidla pravidla pravidla pravidla pravidla pravidla pravidla pravidla pravidla
MTX201501307_anon,11,1,S3,
MTX201501307_anon,11,2,"Popis: Sonda č. 3 o celkovém rozměru 1,5 x 2,5 m se nacházela na zatravněné ploše",pravidla pravidla pravidla pravidla pravidla pravidla pravidla pravidla
MTX201501307_anon,11,3,"mezi domy č. p. 9 a 58 ve vzdálenosti 5 m S od SV rohu domu č. p. 58 a 4,5 m od SV rohu",pravidla pravidla pravidla pravidla pravidla pravidla pravidla pravidla pravidla pravidla
MTX201501307_anon,11,4,vchodové části domu č. p. 9 (Příloha: plán č. 1). Sonda byla dokumentována na úroveň,pravidla pravidla pravidla pravidla pravidla pravidla
MTX201501307_anon,11,5,"archeologického podloží (SJ 100) (Přiíloha: výkresy č. 3, 10). Na archeologické podloží",pravidla pravidla pravidla pravidla pravidla
MTX201501307_anon,11,6,"tvořené šedobéžovou jílovitou hlínou (SJ 100) nasedala hnědošedá, mírně plastická hlína",pravidla pravidla pravidla pravidla pravidla pravidla
MTX201501307_anon,11,7,(SJ 119=115) obsahující homogenní soubor keramického materiálu 14. - 15. stol (Příloha:,pravidla pravidla pravidla pravidla pravidla pravidla
MTX201501307_anon,11,8,"obr. č. 23 - 25; tab. č. 2). Tato vrstva, tvořící původní povrch terénu, byla následně překryta",pravidla pravidla pravidla pravidla pravidla pravidla pravidla
MTX201501307_anon,11,9,"přirozeně vznikajícími antropogenními vrstvami hnědých plastických hlín (SJ 114, 118).",pravidla pravidla pravidla pravidla
MTX201501307_anon,11,10,"Přirozená geneze byla přerušena intencionálním navezením vrstev hnědých hlín (SJ 117, 176,",pravidla pravidla pravidla pravidla pravidla pravidla pravidla
MTX201501307_anon,11,11,"120, 106). Vrstva č. 106 obsahovala druhotně přemístěnou keramiku 14. - 20. stol. (Příloha:",pravidla pravidla pravidla pravidla pravidla
MTX201501307_anon,11,12,"obr. č. 22, tab. č. 2). Během 20. stol. toto souvrství porušil výkop blíže neurčených",pravidla pravidla pravidla pravidla pravidla pravidla pravidla pravidla pravidla pravidla pravidla pravidla pravidla pravidla pravidla pravidla pravidla pravidla pravidla pravidla pravidla pravidla pravidla pravidla pravidla pravidla pravidla pravidla pravidla pravidla pravidla pravidla pravidla pravidla pravidla pravidla pravidla pravidla pravidla pravidla pravidla pravidla pravidla pravidla pravidla pravidla pravidla pravidla pravidla pravidla pravidla pravidla pravidla pravidla pravidla pravidla pravidla pravidla pravidla pravidla pravidla pravidla pravidla pravidla pravidla pravidla pravidla pravidla pravidla pravidla pravidla pravidla pravidla pravidla pravidla pravidla pravidla pravidla pravidla pravidla pravidla pravidla pravidla pravidla pravidla pravidla pravidla pravidla pravidla pravidla pravidla pravidla pravidla pravidla pravidla pravidla pravidla pravidla pravidla pravidla pravidla pravidla pravidla pravidla pravidla pravidla pravidla pravidla pravidla pravidla pravidla pravidla pravidla pravidla pravidla pravidla pravidla pravidla pravidla pravidla pravidla pravidla pravidla pravidla pravidla pravidla pravidla pravidla pravidla pravidla pravidla pravidla pravidla pravidla pravidla pravidla pravidla pravidla pravidla pravidla pravidla pravidla pravidla pravidla pravidla pravidla pravidla pravidla pravidla pravidla pravidla pravidla pravidla pravidla pravidla pravidla pravidla pravidla pravidla pravidla pravidla pravidla pravidla pravidla pravidla pravidla pravidla pravidla pravidla pravidla pravidla pravidla pravidla pravidla pravidla pravidla pravidla pravidla pravidla pravidla pravidla pravidla pravidla pravidla pravidla pravidla pravidla pravidla pravidla pravidla pravidla pravidla pravidla pravidla pravidla pravidla pravidla pravidla pravidla pravidla pravidla pravidla pravidla pravidla pravidla pravidla pravidla pravidla pravidla pravidla pravidla pravidla pravidla pravidla pravidla pravidla pravidla pravidla pravidla pravidla pravidla pravidla pravidla pravidla pravidla pravidla pravidla pravidla pravidla pravidla pravidla pravidla pravidla pravidla pravidla pravidla pravidla pravidla pravidla pravidla pravidla pravidla pravidla pravidla pravidla pravidla pravidla pravidla pravidla pravidla pravidla pravidla pravidla pravidla pravidla pravidla pravidla pravidla pravidla pravidla pravidla pravidla pravidla pravidla pravidla pravidla pravidla pravidla pravidla pravidla pravidla pravidla pravidla pravidla pravidla pravidla pravidla pravidla pravidla pravidla pravidla pravidla pravidla pravidla pravidla pravidla pravidla pravidla pravidla pravidla pravidla pravidla pravidla pravidla pravidla pravidla pravidla pravidla pravidla pravidla pravidla pravidla pravidla pravidla pravidla pravidla pravidla pravidla pravidla pravidla pravidla pravidla pravidla pravidla pravidla pravidla pravidla pravidla pravidla pravidla pravidla pravidla pravidla pravidla pravidla pravidla pravidla pravidla pravidla pravidla pravidla pravidla pravidla pravidla pravidla pravidla pravidla pravidla pravidla pravidla pravidla pravidla pravidla pravidla pravidla pravidla pravidla pravidla pravidla pravidla pravidla pravidla pravidla pravidla pravidla pravidla pravidla pravidla pravidla pravidla pravidla pravidla pravidla pravidla pravidla pravidla pravidla pravidla pravidla pravidla pravidla pravidla pravidla pravidla pravidla pravidla pravidla pravidla pravidla pravidla pravidla pravidla pravidla pravidla pravidla pravidla pravidla pravidla pravidla pravidla pravidla pravidla pravidla pravidla pravidla pravidla pravidla pravidla pravidla pravidla pravidla pravidla pravidla pravidla pravidla pravidla pravidla pravidla pravidla pravidla pravidla pravidla pravidla pravidla pravidla pravidla pravidla pravidla pravidla pravidla pravidla pravidla pravidla pravidla pravidla pravidla pravidla pravidla pravidla pravidla pravidla pravidla pravidla pravidla pravidla pravidla pravidla pravidla pravidla pravidla pravidla pravidla pravidla pravidla pravidla pravidla pravidla pravidla pravidla pravidla pravidla pravidla pravidla pravidla pravidla pravidla pravidla pravidla pravidla pravidla pravidla pravidla pravidla pravidla pravidla pravidla pravidla pravidla pravidla pravidla pravidla pravidla pravidla pravidla pravidla pravidla pravidla pravidla pravidla pravidla pravidla pravidla pravidla pravidla pravidla pravidla pravidla pravidla pravidla pravidla pravidla pravidla pravidla pravidla pravidla pravidla pravidla pravidla pravidla pravidla pravidla pravidla pravidla pravidla pravidla pravidla pravidla pravidla pravidla pravidla pravidla pravidla pravidla pravidla pravidla pravidla pravidla pravidla pravidla pravidla pravidla pravidla pravidla pravidla pravidla pravidla pravidla pravidla pravidla pravidla pravidla pravidla pravidla pravidla pravidla pravidla pravidla pravidla pravidla pravidla pravidla pravidla pravidla pravidla pravidla pravidla pravidla pravidla pravidla pravidla pravidla pravidla pravidla pravidla pravidla pravidla pravidla pravidla pravidla pravidla pravidla pravidla pravidla pravidla pravidla pravidla pravidla pravidla pravidla pravidla pravidla pravidla pravidla pravidla pravidla pravidla pravidla pravidla pravidla pravidla pravidla pravidla pravidla pravidla pravidla pravidla pravidla pravidla pravidla pravidla pravidla pravidla pravidla pravidla pravidla pravidla pravidla pravidla pravidla pravidla pravidla pravidla pravidla pravidla pravidla pravidla pravidla pravidla pravidla pravidla pravidla pravidla pravidla pravidla pravidla pravidla pravidla pravidla pravidla pravidla pravidla pravidla pravidla pravidla pravidla pravidla pravidla pravidla pravidla pravidla pravidla pravidla pravidla pravidla pravidla pravidla pravidla pravidla pravidla pravidla pravidla pravidla pravidla pravidla pravidla pravidla pravidla pravidla pravidla pravidla pravidla pravidla pravidla pravidla pravidla pravidla pravidla pravidla pravidla pravidla pravidla pravidla pravidla pravidla pravidla pravidla pravidla pravidla pravidla pravidla pravidla pravidla pravidla pravidla pravidla pravidla pravidla pravidla pravidla pravidla pravidla pravidla pravidla pravidla pravidla pravidla pravidla pravidla pravidla pravidla pravidla pravidla pravidla pravidla pravidla pravidla pravidla pravidla pravidla pravidla pravidla pravidla pravidla pravidla pravidla pravidla pravidla pravidla pravidla pravidla pravidla pravidla pravidla pravidla pravidla pravidla pravidla pravidla pravidla pravidla pravidla pravidla pravidla pravidla pravidla pravidla pravidla pravidla pravidla pravidla pravidla pravidla pravidla pravidla pravidla pravidla pravidla pravidla pravidla pravidla pravidla pravidla pravidla pravidla pravidla pravidla pravidla pravidla pravidla pravidla pravidla pravidla pravidla pravidla pravidla pravidla pravidla pravidla pravidla pravidla pravidla pravidla pravidla pravidla pravidla pravidla pravidla pravidla pravidla pravidla pravidla pravidla pravidla pravidla pravidla pravidla pravidla pravidla pravidla pravidla pravidla pravidla pravidla pravidla pravidla pravidla pravidla pravidla pravidla pravidla pravidla pravidla pravidla pravidla pravidla pravidla pravidla pravidla pravidla pravidla pravidla pravidla pravidla pravidla pravidla pravidla pravidla pravidla pravidla pravidla pravidla pravidla pravidla pravidla pravidla pravidla pravidla pravidla pravidla pravidla pravidla pravidla pravidla pravidla pravidla pravidla pravidla pravidla pravidla pravidla pravidla pravidla pravidla pravidla pravidla pravidla pravidla pravidla pravidla pravidla pravidla pravidla pravidla pravidla pravidla pravidla pravidla pravidla pravidla pravidla pravidla pravidla pravidla pravidla pravidla pravidla pravidla pravidla pravidla pravidla pravidla pravidla pravidla pravidla pravidla pravidla pravidla pravidla pravidla pravidla pravidla pravidla pravidla pravidla pravidla pravidla pravidla pravidla pravidla pravidla pravidla pravidla pravidla pravidla pravidla pravidla pravidla pravidla pravidla pravidla pravidla pravidla pravidla pravidla pravidla pravidla pravidla pravidla pravidla pravidla pravidla pravidla pravidla pravidla pravidla pravidla pravidla pravidla pravidla pravidla pravidla pravidla pravidla pravidla pravidla pravidla pravidla pravidla pravidla pravidla pravidla pravidla pravidla pravidla pravidla pravidla pravidla pravidla pravidla pravidla pravidla pravidla pravidla pravidla pravidla pravidla pravidla pravidla pravidla pravidla pravidla pravidla pravidla pravidla pravidla pravidla pravidla pravidla pravidla pravidla pravidla pravidla pravidla pravidla pravidla pravidla pravidla pravidla pravidla pravidla pravidla pravidla pravidla pravidla pravidla pravidla pravidla pravidla pravidla pravidla pravidla pravidla pravidla pravidla pravidla pravidla pravidla pravidla pravidla pravidla pravidla pravidla pravidla pravidla pravidla pravidla pravidla pravidla pravidla pravidla pravidla pravidla pravidla pravidla pravidla pravidla pravidla pravidla pravidla pravidla pravidla pravidla pravidla pravidla pravidla pravidla pravidla pravidla pravidla pravidla pravidla pravidla pravidla pravidla pravidla pravidla pravidla pravidla pravidla pravidla pravidla pravidla pravidla pravidla pravidla pravidla pravidla pravidla pravidla pravidla pravidla pravidla pravidla pravidla pravidla pravidla pravidla pravidla pravidla pravidla pravidla pravidla pravidla pravidla pravidla pravidla pravidla pravidla pravidla pravidla pravidla pravidla pravidla pravidla pravidla pravidla pravidla pravidla pravidla pravidla pravidla pravidla pravidla pravidla pravidla pravidla pravidla pravidla pravidla pravidla pravidla pravidla pravidla pravidla pravidla pravidla pravidla pravidla pravidla pravidla pravidla pravidla pravidla pravidla pravidla pravidla pravidla pravidla pravidla pravidla pravidla pravidla pravidla pravidla pravidla pravidla pravidla pravidla pravidla pravidla pravidla pravidla pravidla pravidla pravidla pravidla pravidla pravidla pravidla pravidla pravidla pravidla pravidla pravidla pravidla pravidla pravidla pravidla pravidla pravidla pravidla pravidla pravidla pravidla pravidla pravidla pravidla pravidla pravidla pravidla pravidla pravidla pravidla pravidla pravidla pravidla pravidla pravidla pravidla pravidla pravidla pravidla pravidla pravidla pravidla pravidla pravidla pravidla pravidla pravidla pravidla pravidla pravidla pravidla pravidla pravidla pravidla pravidla pravidla pravidla pravidla pravidla pravidla pravidla pravidla pravidla pravidla pravidla pravidla pravidla pravidla pravidla pravidla pravidla pravidla pravidla pravidla pravidla pravidla pravidla pravidla pravidla pravidla pravidla pravidla pravidla pravidla pravidla pravidla pravidla pravidla pravidla pravidla pravidla pravidla pravidla pravidla pravidla pravidla pravidla pravidla pravidla pravidla pravidla pravidla pravidla pravidla pravidla pravidla pravidla pravidla pravidla pravidla pravidla pravidla pravidla pravidla pravidla pravidla pravidla pravidla pravidla pravidla pravidla pravidla pravidla pravidla pravidla pravidla pravidla pravidla pravidla pravidla pravidla pravidla pravidla pravidla pravidla pravidla pravidla pravidla pravidla pravidla pravidla pravidla pravidla pravidla pravidla pravidla pravidla pravidla pravidla pravidla pravidla pravidla pravidla pravidla pravidla pravidla pravidla pravidla pravidla pravidla pravidla pravidla pravidla pravidla pravidla pravidla pravidla pravidla pravidla pravidla pravidla pravidla pravidla pravidla pravidla pravidla pravidla pravidla pravidla pravidla pravidla pravidla pravidla pravidla pravidla pravidla pravidla pravidla pravidla pravidla pravidla pravidla pravidla pravidla pravidla pravidla pravidla pravidla pravidla pravidla pravidla pravidla pravidla pravidla pravidla pravidla pravidla pravidla pravidla pravidla pravidla pravidla pravidla pravidla pravidla pravidla pravidla pravidla pravidla pravidla pravidla pravidla pravidla pravidla pravidla pravidla pravidla pravidla pravidla pravidla pravidla pravidla pravidla pravidla pravidla pravidla pravidla pravidla pravidla pravidla pravidla pravidla pravidla pravidla pravidla pravidla pravidla pravidla pravidla pravidla pravidla pravidla pravidla pravidla pravidla pravidla pravidla pravidla pravidla pravidla pravidla pravidla pravidla pravidla pravidla pravidla pravidla pravidla pravidla pravidla pravidla pravidla pravidla pravidla pravidla pravidla pravidla pravidla pravidla pravidla pravidla pravidla
MTX201501307_anon,12,1,12,12
MTX201501307_anon,12,1,"inženýrských sítí (SJ 511) a výkop jámy na hašení vápna (SJ 504), která byla v superpozici",pravidla pravidla pravidla pravidla pravidla pravidla pravidla
MTX201501307_anon,12,2,s mladším výkop (SJ 503) pro plynové potrubí. Zásyp výkopu (SJ 107) č. 503 obsahoval,pravidla pravidla pravidla pravidla pravidla pravidla pravidla
MTX201501307_anon,12,3,druhotně přemístěnou keramiku (14. - 15. a 19. stol.). Zásyp výkopu (SJ 168) č. 511,pravidla pravidla pravidla pravidla pravidla pravidla
MTX201501307_anon,12,4,obsahoval druhotně přemístěnou keramiku z období (15. - 16. stol.). Současný povrch terénu,pravidla pravidla pravidla pravidla pravidla pravidla
MTX201501307_anon,12,5,"tvoří prachovitá hnědá hlína, porostlá travním drnem (SJ 101).",pravidla pravidla pravidla pravidla pravidla pravidla pravidla pravidla pravidla pravidla pravidla pravidla pravidla pravidla pravidla pravidla pravidla pravidla pravidla pravidla pravidla pravidla pravidla pravidla pravidla pravidla pravidla pravidla pravidla pravidla pravidla pravidla pravidla pravidla pravidla pravidla pravidla pravidla pravidla pravidla pravidla pravidla pravidla pravidla pravidla pravidla pravidla pravidla pravidla pravidla pravidla pravidla pravidla pravidla pravidla pravidla pravidla pravidla pravidla pravidla pravidla pravidla pravidla pravidla pravidla pravidla pravidla pravidla pravidla pravidla pravidla pravidla pravidla pravidla pravidla pravidla pravidla pravidla pravidla pravidla pravidla pravidla pravidla pravidla pravidla pravidla pravidla pravidla pravidla pravidla pravidla pravidla pravidla pravidla pravidla pravidla pravidla pravidla pravidla pravidla pravidla pravidla pravidla pravidla pravidla pravidla pravidla pravidla pravidla pravidla pravidla pravidla pravidla pravidla pravidla pravidla pravidla pravidla pravidla pravidla pravidla pravidla pravidla pravidla pravidla pravidla pravidla pravidla pravidla pravidla pravidla pravidla pravidla pravidla pravidla pravidla pravidla pravidla pravidla pravidla pravidla pravidla pravidla pravidla pravidla pravidla pravidla pravidla pravidla pravidla pravidla pravidla pravidla pravidla pravidla pravidla pravidla pravidla pravidla pravidla pravidla pravidla pravidla pravidla pravidla pravidla pravidla pravidla pravidla pravidla pravidla pravidla pravidla pravidla pravidla pravidla pravidla pravidla pravidla pravidla pravidla pravidla pravidla pravidla pravidla pravidla pravidla pravidla pravidla pravidla pravidla pravidla pravidla pravidla pravidla pravidla pravidla pravidla pravidla pravidla pravidla pravidla pravidla pravidla pravidla pravidla pravidla pravidla pravidla pravidla pravidla pravidla pravidla pravidla pravidla pravidla pravidla pravidla pravidla pravidla pravidla pravidla pravidla pravidla pravidla pravidla pravidla pravidla pravidla pravidla pravidla pravidla pravidla pravidla pravidla pravidla pravidla pravidla pravidla pravidla pravidla pravidla pravidla pravidla pravidla pravidla pravidla pravidla pravidla pravidla pravidla pravidla pravidla pravidla pravidla pravidla pravidla pravidla pravidla pravidla pravidla pravidla pravidla pravidla pravidla pravidla pravidla pravidla pravidla pravidla pravidla pravidla pravidla pravidla pravidla pravidla pravidla pravidla pravidla pravidla pravidla pravidla pravidla pravidla pravidla pravidla pravidla pravidla pravidla pravidla pravidla pravidla pravidla pravidla pravidla pravidla pravidla pravidla pravidla pravidla pravidla pravidla pravidla pravidla pravidla pravidla pravidla pravidla pravidla pravidla pravidla pravidla pravidla pravidla pravidla pravidla pravidla pravidla pravidla pravidla pravidla pravidla pravidla pravidla pravidla pravidla pravidla pravidla pravidla pravidla pravidla pravidla pravidla pravidla pravidla pravidla pravidla pravidla pravidla pravidla pravidla pravidla pravidla pravidla pravidla pravidla pravidla pravidla pravidla pravidla pravidla pravidla pravidla pravidla pravidla pravidla pravidla pravidla pravidla pravidla pravidla pravidla pravidla pravidla pravidla pravidla pravidla pravidla pravidla pravidla pravidla pravidla pravidla pravidla pravidla pravidla pravidla pravidla pravidla pravidla pravidla pravidla pravidla pravidla pravidla pravidla pravidla pravidla pravidla pravidla pravidla pravidla pravidla pravidla pravidla pravidla pravidla pravidla pravidla pravidla pravidla pravidla pravidla pravidla pravidla pravidla pravidla pravidla pravidla pravidla pravidla pravidla pravidla pravidla pravidla pravidla pravidla pravidla pravidla pravidla pravidla pravidla pravidla pravidla pravidla pravidla pravidla pravidla pravidla pravidla pravidla pravidla pravidla pravidla pravidla pravidla pravidla pravidla pravidla pravidla pravidla pravidla pravidla pravidla pravidla pravidla pravidla pravidla pravidla pravidla pravidla pravidla pravidla pravidla pravidla pravidla pravidla pravidla pravidla pravidla pravidla pravidla pravidla pravidla pravidla pravidla pravidla pravidla pravidla pravidla pravidla pravidla pravidla pravidla pravidla pravidla pravidla pravidla pravidla pravidla pravidla pravidla pravidla pravidla pravidla pravidla pravidla pravidla pravidla pravidla pravidla pravidla pravidla pravidla pravidla pravidla pravidla pravidla pravidla pravidla pravidla pravidla pravidla pravidla pravidla pravidla pravidla pravidla pravidla pravidla pravidla pravidla pravidla pravidla pravidla pravidla pravidla pravidla pravidla pravidla pravidla pravidla pravidla pravidla pravidla pravidla pravidla pravidla pravidla pravidla pravidla pravidla pravidla pravidla pravidla pravidla pravidla pravidla pravidla pravidla pravidla pravidla pravidla pravidla pravidla pravidla pravidla pravidla pravidla pravidla pravidla pravidla pravidla pravidla pravidla pravidla pravidla pravidla pravidla pravidla pravidla pravidla pravidla pravidla pravidla pravidla pravidla pravidla pravidla pravidla pravidla pravidla pravidla pravidla pravidla pravidla pravidla pravidla pravidla pravidla pravidla pravidla pravidla pravidla pravidla pravidla pravidla pravidla pravidla pravidla pravidla pravidla pravidla pravidla pravidla pravidla pravidla pravidla pravidla pravidla pravidla pravidla pravidla pravidla pravidla pravidla pravidla pravidla pravidla pravidla pravidla pravidla pravidla pravidla pravidla pravidla pravidla pravidla pravidla pravidla pravidla pravidla pravidla pravidla pravidla pravidla pravidla pravidla pravidla pravidla pravidla pravidla pravidla pravidla pravidla pravidla pravidla pravidla pravidla pravidla pravidla pravidla pravidla pravidla pravidla pravidla pravidla pravidla pravidla pravidla pravidla pravidla pravidla pravidla pravidla pravidla pravidla pravidla pravidla pravidla pravidla pravidla pravidla pravidla pravidla pravidla pravidla pravidla pravidla pravidla pravidla pravidla pravidla pravidla pravidla pravidla pravidla pravidla pravidla pravidla pravidla pravidla pravidla pravidla pravidla pravidla pravidla pravidla pravidla pravidla pravidla pravidla pravidla pravidla pravidla pravidla pravidla pravidla pravidla pravidla pravidla pravidla pravidla pravidla pravidla pravidla pravidla pravidla pravidla pravidla pravidla pravidla pravidla pravidla pravidla pravidla pravidla pravidla pravidla pravidla pravidla pravidla pravidla pravidla pravidla pravidla pravidla pravidla pravidla pravidla pravidla pravidla pravidla pravidla pravidla pravidla pravidla pravidla pravidla pravidla pravidla pravidla pravidla pravidla pravidla pravidla pravidla pravidla pravidla pravidla pravidla pravidla pravidla pravidla pravidla pravidla pravidla pravidla pravidla pravidla pravidla pravidla pravidla pravidla pravidla pravidla pravidla pravidla pravidla pravidla pravidla pravidla pravidla pravidla pravidla pravidla pravidla pravidla
MTX201501307_anon,12,1,S4,
MTX201501307_anon,12,2,"Popis: Sonda č. 4 o celkovém rozměru 1,5 x 1,5 m se nacházela na travnaté ploše před",pravidla pravidla pravidla pravidla pravidla pravidla pravidla pravidla pravidla pravidla
MTX201501307_anon,12,3,"budovou č. p. 25, ve vzdálenosti 13 m S směrem od jejího Z rohu a 10 m východo-",pravidla pravidla pravidla pravidla pravidla pravidla pravidla pravidla
MTX201501307_anon,12,4,jihovýchodním směrem od V rohu budovy č. p. 105 (Příloha: plán č. 1). Sonda byla,pravidla pravidla pravidla pravidla pravidla
MTX201501307_anon,12,5,dokumentována na úroveň archeologického podloží (SJ 100) (Příloha: výkres č. 4). Na,pravidla pravidla pravidla pravidla
MTX201501307_anon,12,6,archeologické podloží tvořené šedobéžovou jílovitou hlínou (SJ 100) nasedala vrstva,pravidla pravidla pravidla pravidla pravidla
MTX201501307_anon,12,7,drobného (do 3 cm) lomového kamení (SJ 134). Jedná se o zpevňující úpravu komunikační,pravidla pravidla pravidla pravidla pravidla pravidla pravidla
MTX201501307_anon,12,8,"plochy. Kamenitou vrstvu překrývá vrstva hnědošedého hlinitého písku (SJ 133), která",pravidla pravidla pravidla pravidla pravidla pravidla
MTX201501307_anon,12,9,s největší pravděpodobností tvoří usazeniny vzniklé využíváním vrstvy č. 134 jako pochozího,pravidla pravidla pravidla pravidla pravidla pravidla
MTX201501307_anon,12,10,"povrchu. Tuto interpretaci podporuje i následný vývoj terénu, kdy se opakuje obdobná",pravidla pravidla pravidla pravidla pravidla pravidla
MTX201501307_anon,12,11,situace. Vrstvu č. 133 v celé ploše sondy překrývá vrstva lomového kamene s příměsí,pravidla pravidla pravidla pravidla pravidla pravidla pravidla pravidla
MTX201501307_anon,12,12,"hlinitého písku (SJ 132, obsahuje keramiku z 15. stol.), na kterou nasedají vrstvy hlinitého",pravidla pravidla pravidla pravidla pravidla pravidla
MTX201501307_anon,12,13,"písku (SJ 131, 130). Lze předpokládat, že se opět jedná o zpevnění komunikační plochy a",pravidla pravidla pravidla pravidla pravidla pravidla pravidla pravidla
MTX201501307_anon,12,14,"doklad jejího užívání. Následné vrstvy jsou tvořeny vrstvou maltoviny (SJ 126), stavební suti",pravidla pravidla pravidla pravidla pravidla pravidla pravidla pravidla
MTX201501307_anon,12,15,s uhlíky (SJ 125) a stavební suti (SJ 124). Tento horizont lze interpretovat jako cílené,pravidla pravidla pravidla pravidla pravidla pravidla pravidla
MTX201501307_anon,12,16,"rozvezení poškozené stavby, která přestala sloužit svému účelu. Pravděpodobně po požáru.",pravidla pravidla pravidla pravidla pravidla pravidla
MTX201501307_anon,12,17,"Jak dokládá mapa Stabilního katastru z r. 1835, tak v těsné blízkosti sondy se v minulosti",pravidla pravidla pravidla pravidla pravidla pravidla
MTX201501307_anon,12,18,skutečně nacházela zástavba (Příloha: plán č. 2). Ve vrstvách č. 124 a 125 byla zjištěna,pravidla pravidla pravidla pravidla pravidla pravidla
MTX201501307_anon,12,19,"keramika datovatelná do období 16. stol. (Příloha: obr. č. 20 - 21, tab. č. 3), vrstva č. 125",pravidla pravidla pravidla pravidla pravidla pravidla pravidla
MTX201501307_anon,12,20,navíc obsahovala renesanční kachle z 2. pol. 16. stol. (Přiíloha: obr. č. 19; tab. č. 1.,pravidla pravidla pravidla pravidla pravidla pravidla
MTX201501307_anon,12,21,"Destrukční horizont překrývají vrstvy recentních navážek (SJ 123, 122, 121). Současný",pravidla pravidla pravidla pravidla pravidla
MTX201501307_anon,12,22,"povrch terénu tvoří prachovitá hnědá hlína, porostlá travním drnem (SJ 101).",pravidla pravidla pravidla pravidla pravidla pravidla pravidla pravidla pravidla pravidla pravidla pravidla pravidla pravidla pravidla pravidla pravidla pravidla pravidla pravidla pravidla pravidla pravidla pravidla pravidla pravidla pravidla pravidla pravidla pravidla pravidla pravidla pravidla pravidla pravidla pravidla pravidla pravidla pravidla pravidla pravidla pravidla pravidla pravidla pravidla pravidla pravidla pravidla pravidla pravidla pravidla pravidla pravidla pravidla pravidla pravidla pravidla pravidla pravidla pravidla pravidla pravidla pravidla pravidla pravidla pravidla pravidla pravidla pravidla pravidla pravidla pravidla pravidla pravidla pravidla pravidla pravidla pravidla pravidla pravidla pravidla pravidla pravidla pravidla pravidla pravidla pravidla pravidla pravidla pravidla pravidla pravidla pravidla pravidla pravidla pravidla pravidla pravidla pravidla pravidla pravidla pravidla pravidla pravidla pravidla pravidla pravidla pravidla pravidla pravidla pravidla pravidla pravidla pravidla pravidla pravidla pravidla pravidla pravidla pravidla pravidla pravidla pravidla pravidla pravidla pravidla pravidla pravidla pravidla pravidla pravidla pravidla pravidla pravidla pravidla pravidla pravidla pravidla pravidla pravidla pravidla pravidla pravidla pravidla pravidla pravidla pravidla pravidla pravidla pravidla pravidla pravidla pravidla pravidla pravidla pravidla pravidla pravidla pravidla pravidla pravidla pravidla pravidla pravidla pravidla pravidla pravidla pravidla pravidla pravidla pravidla pravidla pravidla pravidla pravidla pravidla pravidla pravidla pravidla pravidla pravidla pravidla pravidla pravidla pravidla pravidla pravidla pravidla pravidla pravidla pravidla pravidla pravidla pravidla pravidla pravidla pravidla pravidla pravidla pravidla pravidla pravidla pravidla pravidla pravidla pravidla pravidla pravidla pravidla pravidla pravidla pravidla pravidla pravidla pravidla pravidla pravidla pravidla pravidla pravidla pravidla pravidla pravidla pravidla pravidla pravidla pravidla pravidla pravidla pravidla pravidla pravidla pravidla pravidla pravidla pravidla pravidla pravidla pravidla pravidla pravidla pravidla pravidla pravidla pravidla pravidla pravidla pravidla pravidla pravidla pravidla pravidla pravidla pravidla pravidla pravidla pravidla pravidla pravidla pravidla pravidla pravidla pravidla pravidla pravidla pravidla pravidla pravidla pravidla pravidla pravidla pravidla pravidla pravidla pravidla pravidla pravidla pravidla pravidla pravidla pravidla pravidla pravidla pravidla pravidla pravidla pravidla pravidla pravidla pravidla pravidla pravidla pravidla pravidla pravidla pravidla pravidla pravidla pravidla pravidla pravidla pravidla pravidla pravidla pravidla pravidla pravidla pravidla pravidla pravidla pravidla pravidla pravidla pravidla pravidla pravidla pravidla pravidla pravidla pravidla pravidla pravidla pravidla pravidla pravidla pravidla pravidla pravidla pravidla pravidla pravidla pravidla pravidla pravidla pravidla pravidla pravidla pravidla pravidla pravidla pravidla pravidla pravidla pravidla pravidla pravidla pravidla pravidla pravidla pravidla pravidla pravidla pravidla pravidla pravidla pravidla pravidla pravidla pravidla pravidla pravidla pravidla pravidla pravidla pravidla pravidla pravidla pravidla pravidla pravidla pravidla pravidla pravidla pravidla pravidla pravidla pravidla pravidla pravidla pravidla pravidla pravidla pravidla pravidla pravidla pravidla pravidla pravidla pravidla pravidla pravidla pravidla pravidla pravidla pravidla pravidla pravidla pravidla pravidla pravidla pravidla pravidla pravidla pravidla pravidla pravidla pravidla pravidla pravidla pravidla pravidla pravidla pravidla pravidla pravidla pravidla pravidla pravidla pravidla pravidla pravidla pravidla pravidla pravidla pravidla pravidla pravidla pravidla pravidla pravidla pravidla pravidla pravidla pravidla pravidla pravidla pravidla pravidla pravidla pravidla pravidla pravidla pravidla pravidla pravidla pravidla pravidla pravidla pravidla pravidla pravidla pravidla pravidla pravidla pravidla pravidla pravidla pravidla pravidla pravidla pravidla pravidla pravidla pravidla pravidla pravidla pravidla pravidla pravidla pravidla pravidla pravidla pravidla pravidla pravidla pravidla pravidla pravidla pravidla pravidla pravidla pravidla pravidla pravidla pravidla pravidla pravidla pravidla pravidla pravidla pravidla pravidla pravidla pravidla pravidla pravidla pravidla pravidla pravidla pravidla pravidla pravidla pravidla pravidla pravidla pravidla pravidla pravidla pravidla pravidla pravidla pravidla pravidla pravidla pravidla pravidla pravidla pravidla pravidla pravidla pravidla pravidla pravidla pravidla pravidla pravidla pravidla pravidla pravidla pravidla pravidla pravidla pravidla pravidla pravidla pravidla pravidla pravidla pravidla pravidla pravidla pravidla pravidla pravidla pravidla pravidla pravidla pravidla pravidla pravidla pravidla pravidla pravidla pravidla pravidla pravidla pravidla pravidla pravidla pravidla pravidla pravidla pravidla pravidla pravidla pravidla pravidla pravidla pravidla pravidla pravidla pravidla pravidla pravidla pravidla pravidla pravidla pravidla pravidla pravidla pravidla pravidla pravidla pravidla pravidla pravidla pravidla pravidla pravidla pravidla pravidla pravidla pravidla pravidla pravidla pravidla pravidla pravidla pravidla pravidla pravidla pravidla pravidla pravidla pravidla pravidla pravidla pravidla pravidla pravidla pravidla pravidla pravidla pravidla pravidla pravidla pravidla pravidla pravidla pravidla pravidla pravidla pravidla pravidla pravidla pravidla pravidla pravidla pravidla pravidla pravidla pravidla pravidla pravidla pravidla pravidla pravidla pravidla pravidla pravidla pravidla pravidla pravidla pravidla pravidla pravidla pravidla pravidla pravidla pravidla pravidla pravidla pravidla pravidla pravidla pravidla pravidla pravidla pravidla pravidla pravidla pravidla pravidla pravidla pravidla pravidla pravidla pravidla pravidla pravidla pravidla pravidla pravidla pravidla pravidla pravidla pravidla pravidla pravidla pravidla pravidla pravidla pravidla pravidla pravidla pravidla pravidla pravidla pravidla pravidla pravidla pravidla pravidla pravidla pravidla pravidla pravidla pravidla pravidla pravidla pravidla pravidla pravidla pravidla pravidla pravidla pravidla pravidla pravidla pravidla pravidla pravidla pravidla pravidla pravidla pravidla pravidla pravidla pravidla pravidla pravidla pravidla pravidla pravidla pravidla pravidla pravidla pravidla pravidla pravidla pravidla pravidla pravidla pravidla pravidla pravidla pravidla pravidla pravidla pravidla pravidla pravidla pravidla pravidla pravidla pravidla pravidla pravidla pravidla pravidla pravidla pravidla pravidla pravidla pravidla pravidla pravidla pravidla pravidla pravidla pravidla pravidla pravidla pravidla pravidla pravidla pravidla pravidla pravidla pravidla pravidla pravidla pravidla pravidla pravidla pravidla pravidla pravidla pravidla pravidla pravidla pravidla pravidla pravidla pravidla pravidla pravidla pravidla pravidla pravidla pravidla pravidla pravidla pravidla pravidla pravidla pravidla pravidla pravidla pravidla pravidla pravidla pravidla pravidla pravidla pravidla pravidla pravidla pravidla pravidla pravidla pravidla pravidla pravidla pravidla pravidla pravidla pravidla pravidla pravidla pravidla pravidla pravidla pravidla pravidla pravidla pravidla pravidla pravidla pravidla pravidla pravidla pravidla pravidla pravidla pravidla pravidla pravidla pravidla pravidla pravidla pravidla pravidla pravidla pravidla pravidla pravidla pravidla pravidla pravidla pravidla pravidla pravidla pravidla pravidla pravidla pravidla pravidla pravidla pravidla pravidla pravidla pravidla pravidla pravidla pravidla pravidla pravidla pravidla pravidla pravidla pravidla pravidla pravidla pravidla pravidla pravidla pravidla pravidla pravidla pravidla pravidla pravidla pravidla pravidla pravidla pravidla pravidla pravidla pravidla pravidla pravidla pravidla pravidla pravidla pravidla pravidla pravidla pravidla pravidla pravidla pravidla pravidla pravidla pravidla pravidla pravidla pravidla pravidla pravidla pravidla pravidla pravidla pravidla pravidla pravidla pravidla pravidla pravidla pravidla pravidla pravidla pravidla pravidla pravidla pravidla pravidla pravidla pravidla pravidla pravidla pravidla pravidla pravidla pravidla pravidla pravidla pravidla pravidla pravidla pravidla pravidla pravidla pravidla pravidla pravidla pravidla pravidla pravidla pravidla pravidla pravidla pravidla pravidla pravidla pravidla pravidla pravidla pravidla pravidla pravidla pravidla pravidla pravidla pravidla pravidla pravidla pravidla pravidla pravidla pravidla pravidla pravidla pravidla pravidla pravidla pravidla pravidla pravidla pravidla pravidla pravidla pravidla pravidla pravidla pravidla pravidla pravidla pravidla pravidla pravidla pravidla pravidla pravidla pravidla pravidla pravidla pravidla pravidla pravidla pravidla pravidla pravidla pravidla pravidla pravidla pravidla pravidla pravidla pravidla pravidla pravidla pravidla pravidla pravidla pravidla pravidla pravidla pravidla pravidla pravidla pravidla pravidla pravidla pravidla pravidla pravidla pravidla pravidla pravidla pravidla pravidla pravidla pravidla pravidla pravidla pravidla pravidla pravidla pravidla pravidla pravidla pravidla pravidla pravidla pravidla pravidla pravidla pravidla pravidla pravidla pravidla pravidla pravidla pravidla pravidla pravidla pravidla pravidla pravidla pravidla pravidla pravidla pravidla pravidla pravidla pravidla pravidla pravidla pravidla pravidla pravidla pravidla pravidla pravidla pravidla pravidla pravidla pravidla pravidla pravidla pravidla pravidla pravidla pravidla pravidla pravidla pravidla pravidla pravidla pravidla pravidla pravidla pravidla pravidla pravidla pravidla pravidla pravidla pravidla pravidla pravidla pravidla pravidla pravidla pravidla pravidla pravidla pravidla pravidla pravidla pravidla pravidla pravidla pravidla pravidla pravidla pravidla pravidla pravidla pravidla pravidla pravidla pravidla pravidla pravidla pravidla pravidla pravidla pravidla pravidla pravidla pravidla pravidla pravidla pravidla pravidla pravidla pravidla pravidla pravidla pravidla pravidla pravidla pravidla pravidla pravidla pravidla pravidla pravidla pravidla pravidla pravidla pravidla pravidla pravidla pravidla pravidla pravidla pravidla pravidla pravidla pravidla pravidla pravidla pravidla pravidla pravidla pravidla pravidla pravidla pravidla pravidla pravidla pravidla pravidla pravidla pravidla pravidla pravidla pravidla pravidla pravidla pravidla pravidla pravidla pravidla pravidla pravidla pravidla pravidla pravidla pravidla pravidla pravidla pravidla pravidla pravidla pravidla pravidla pravidla pravidla pravidla pravidla pravidla pravidla pravidla pravidla pravidla pravidla pravidla pravidla pravidla pravidla pravidla pravidla pravidla pravidla pravidla pravidla pravidla pravidla pravidla pravidla pravidla pravidla pravidla pravidla pravidla pravidla pravidla pravidla pravidla pravidla pravidla pravidla pravidla pravidla pravidla pravidla pravidla pravidla pravidla pravidla pravidla pravidla pravidla pravidla pravidla pravidla pravidla pravidla pravidla pravidla pravidla pravidla pravidla pravidla pravidla pravidla pravidla pravidla pravidla pravidla pravidla pravidla pravidla pravidla pravidla pravidla pravidla pravidla pravidla pravidla pravidla pravidla pravidla pravidla pravidla pravidla pravidla pravidla pravidla pravidla pravidla pravidla pravidla pravidla pravidla pravidla pravidla pravidla pravidla pravidla pravidla pravidla pravidla pravidla pravidla pravidla pravidla pravidla pravidla pravidla pravidla pravidla pravidla pravidla pravidla pravidla pravidla pravidla pravidla pravidla pravidla pravidla pravidla pravidla pravidla pravidla pravidla pravidla pravidla pravidla pravidla pravidla pravidla pravidla pravidla pravidla pravidla pravidla pravidla pravidla pravidla pravidla pravidla pravidla pravidla pravidla pravidla pravidla pravidla pravidla pravidla pravidla pravidla pravidla pravidla pravidla pravidla pravidla pravidla pravidla pravidla pravidla pravidla pravidla pravidla pravidla pravidla pravidla pravidla pravidla pravidla pravidla pravidla pravidla pravidla pravidla pravidla pravidla pravidla pravidla pravidla pravidla pravidla pravidla pravidla pravidla pravidla pravidla pravidla pravidla pravidla pravidla pravidla pravidla pravidla pravidla pravidla pravidla pravidla pravidla pravidla pravidla pravidla pravidla pravidla pravidla pravidla pravidla pravidla pravidla pravidla pravidla pravidla pravidla pravidla pravidla pravidla pravidla pravidla pravidla pravidla pravidla pravidla pravidla pravidla pravidla pravidla pravidla pravidla pravidla pravidla pravidla pravidla pravidla pravidla pravidla pravidla pravidla pravidla pravidla pravidla pravidla pravidla pravidla pravidla pravidla pravidla pravidla pravidla pravidla pravidla pravidla pravidla pravidla pravidla pravidla pravidla pravidla pravidla pravidla pravidla pravidla pravidla pravidla pravidla pravidla pravidla pravidla pravidla pravidla pravidla pravidla pravidla pravidla pravidla pravidla pravidla pravidla pravidla pravidla pravidla pravidla pravidla pravidla pravidla pravidla pravidla pravidla pravidla pravidla pravidla pravidla pravidla pravidla pravidla pravidla pravidla pravidla pravidla pravidla pravidla pravidla pravidla pravidla pravidla pravidla pravidla pravidla pravidla pravidla pravidla pravidla pravidla pravidla pravidla pravidla pravidla pravidla pravidla pravidla pravidla pravidla pravidla pravidla pravidla pravidla pravidla pravidla pravidla pravidla pravidla pravidla pravidla pravidla pravidla pravidla pravidla pravidla pravidla pravidla pravidla pravidla pravidla pravidla pravidla pravidla pravidla pravidla pravidla pravidla pravidla pravidla pravidla pravidla pravidla pravidla pravidla pravidla pravidla pravidla pravidla pravidla pravidla pravidla pravidla pravidla pravidla pravidla pravidla pravidla pravidla pravidla pravidla pravidla pravidla pravidla pravidla pravidla pravidla pravidla pravidla pravidla pravidla pravidla pravidla pravidla pravidla pravidla pravidla pravidla pravidla pravidla pravidla pravidla pravidla pravidla pravidla pravidla pravidla pravidla pravidla pravidla pravidla pravidla pravidla pravidla pravidla pravidla pravidla pravidla pravidla pravidla pravidla pravidla pravidla pravidla pravidla pravidla pravidla pravidla pravidla pravidla pravidla pravidla pravidla pravidla pravidla pravidla pravidla pravidla pravidla pravidla pravidla pravidla pravidla pravidla pravidla pravidla pravidla pravidla pravidla pravidla pravidla pravidla pravidla pravidla pravidla pravidla pravidla pravidla pravidla pravidla pravidla pravidla pravidla pravidla pravidla pravidla pravidla pravidla pravidla pravidla pravidla pravidla pravidla pravidla pravidla pravidla pravidla pravidla pravidla pravidla pravidla pravidla pravidla pravidla pravidla pravidla pravidla pravidla pravidla pravidla pravidla pravidla pravidla pravidla pravidla pravidla pravidla pravidla pravidla pravidla pravidla pravidla pravidla pravidla pravidla pravidla pravidla pravidla pravidla pravidla pravidla pravidla pravidla pravidla pravidla pravidla pravidla pravidla pravidla pravidla pravidla pravidla pravidla pravidla pravidla pravidla pravidla pravidla pravidla pravidla pravidla pravidla pravidla pravidla pravidla pravidla pravidla pravidla pravidla pravidla pravidla pravidla pravidla pravidla pravidla pravidla pravidla pravidla pravidla pravidla pravidla pravidla pravidla pravidla pravidla pravidla pravidla pravidla pravidla pravidla pravidla pravidla pravidla pravidla pravidla pravidla pravidla pravidla pravidla pravidla pravidla pravidla pravidla pravidla pravidla pravidla pravidla pravidla pravidla pravidla pravidla pravidla pravidla pravidla pravidla pravidla pravidla pravidla pravidla pravidla pravidla pravidla pravidla pravidla pravidla pravidla pravidla pravidla pravidla pravidla pravidla pravidla pravidla pravidla pravidla pravidla pravidla pravidla pravidla pravidla pravidla pravidla pravidla pravidla pravidla pravidla pravidla pravidla pravidla pravidla pravidla pravidla pravidla pravidla pravidla pravidla pravidla pravidla pravidla pravidla pravidla pravidla pravidla pravidla pravidla pravidla pravidla pravidla pravidla pravidla pravidla pravidla pravidla pravidla pravidla pravidla pravidla pravidla pravidla pravidla pravidla pravidla pravidla pravidla pravidla pravidla pravidla pravidla pravidla pravidla pravidla pravidla pravidla pravidla pravidla pravidla pravidla pravidla pravidla pravidla pravidla pravidla pravidla pravidla pravidla pravidla pravidla pravidla pravidla pravidla pravidla pravidla pravidla pravidla pravidla pravidla pravidla pravidla pravidla pravidla pravidla pravidla pravidla pravidla pravidla pravidla pravidla pravidla pravidla pravidla pravidla pravidla pravidla pravidla pravidla pravidla pravidla pravidla pravidla pravidla pravidla pravidla pravidla pravidla pravidla pravidla pravidla pravidla pravidla pravidla pravidla pravidla pravidla pravidla pravidla pravidla pravidla pravidla pravidla pravidla pravidla pravidla pravidla pravidla pravidla pravidla pravidla pravidla pravidla pravidla pravidla pravidla pravidla pravidla pravidla pravidla pravidla pravidla pravidla pravidla pravidla pravidla pravidla pravidla pravidla pravidla pravidla pravidla pravidla pravidla pravidla pravidla pravidla pravidla pravidla pravidla pravidla pravidla pravidla pravidla pravidla pravidla pravidla pravidla pravidla pravidla pravidla pravidla pravidla pravidla pravidla pravidla pravidla pravidla pravidla pravidla pravidla pravidla pravidla pravidla pravidla pravidla pravidla pravidla pravidla pravidla pravidla pravidla pravidla pravidla pravidla pravidla pravidla pravidla pravidla pravidla pravidla pravidla pravidla pravidla pravidla pravidla pravidla pravidla pravidla pravidla pravidla pravidla pravidla pravidla pravidla pravidla pravidla pravidla pravidla pravidla pravidla pravidla pravidla pravidla pravidla pravidla pravidla pravidla pravidla pravidla pravidla pravidla pravidla pravidla pravidla pravidla pravidla pravidla pravidla pravidla pravidla pravidla pravidla pravidla pravidla pravidla pravidla pravidla pravidla pravidla pravidla pravidla pravidla pravidla pravidla pravidla pravidla pravidla pravidla pravidla pravidla pravidla pravidla pravidla pravidla pravidla pravidla pravidla pravidla pravidla pravidla pravidla pravidla pravidla pravidla pravidla pravidla pravidla pravidla pravidla pravidla pravidla pravidla pravidla pravidla pravidla pravidla pravidla pravidla pravidla pravidla pravidla pravidla pravidla pravidla pravidla pravidla pravidla pravidla pravidla pravidla pravidla pravidla pravidla pravidla pravidla pravidla pravidla pravidla pravidla pravidla pravidla pravidla pravidla pravidla pravidla pravidla pravidla pravidla pravidla pravidla pravidla pravidla pravidla pravidla pravidla pravidla pravidla pravidla pravidla pravidla pravidla pravidla pravidla pravidla pravidla pravidla pravidla pravidla pravidla pravidla pravidla pravidla pravidla pravidla pravidla pravidla pravidla pravidla pravidla pravidla pravidla pravidla pravidla pravidla pravidla pravidla pravidla pravidla pravidla pravidla pravidla pravidla pravidla pravidla pravidla pravidla pravidla pravidla pravidla pravidla pravidla pravidla pravidla pravidla pravidla pravidla pravidla pravidla pravidla pravidla pravidla pravidla pravidla pravidla pravidla pravidla pravidla pravidla pravidla pravidla pravidla pravidla pravidla pravidla pravidla pravidla pravidla pravidla pravidla pravidla pravidla pravidla pravidla pravidla pravidla pravidla pravidla pravidla pravidla pravidla pravidla pravidla pravidla pravidla pravidla pravidla pravidla pravidla pravidla pravidla pravidla pravidla pravidla pravidla pravidla pravidla pravidla pravidla pravidla pravidla pravidla pravidla pravidla pravidla pravidla pravidla pravidla pravidla pravidla pravidla pravidla pravidla pravidla pravidla pravidla pravidla pravidla pravidla pravidla pravidla pravidla pravidla pravidla pravidla pravidla pravidla pravidla pravidla pravidla pravidla pravidla pravidla pravidla pravidla pravidla pravidla pravidla pravidla pravidla pravidla pravidla pravidla pravidla pravidla pravidla pravidla pravidla pravidla pravidla pravidla pravidla pravidla pravidla pravidla pravidla pravidla pravidla pravidla pravidla pravidla pravidla pravidla pravidla pravidla pravidla pravidla pravidla pravidla pravidla pravidla pravidla pravidla pravidla pravidla pravidla pravidla pravidla pravidla pravidla pravidla pravidla pravidla pravidla pravidla pravidla pravidla pravidla pravidla pravidla pravidla pravidla pravidla pravidla pravidla pravidla pravidla pravidla pravidla pravidla pravidla pravidla pravidla pravidla pravidla pravidla pravidla pravidla pravidla pravidla pravidla pravidla pravidla pravidla pravidla pravidla pravidla pravidla pravidla pravidla pravidla pravidla pravidla pravidla pravidla pravidla pravidla pravidla pravidla pravidla pravidla pravidla pravidla pravidla pravidla pravidla pravidla pravidla pravidla pravidla pravidla pravidla pravidla pravidla pravidla pravidla pravidla pravidla pravidla pravidla pravidla pravidla pravidla pravidla pravidla pravidla pravidla pravidla pravidla pravidla pravidla pravidla pravidla pravidla pravidla pravidla pravidla pravidla pravidla pravidla pravidla pravidla pravidla pravidla pravidla pravidla pravidla pravidla pravidla pravidla pravidla pravidla pravidla pravidla pravidla pravidla pravidla pravidla pravidla pravidla pravidla pravidla pravidla pravidla pravidla pravidla pravidla pravidla pravidla pravidla pravidla pravidla pravidla pravidla pravidla pravidla pravidla pravidla pravidla pravidla pravidla pravidla pravidla pravidla pravidla pravidla pravidla pravidla pravidla pravidla pravidla pravidla pravidla pravidla pravidla pravidla pravidla pravidla pravidla pravidla pravidla pravidla pravidla pravidla pravidla pravidla pravidla pravidla pravidla pravidla pravidla pravidla pravidla pravidla pravidla pravidla pravidla pravidla pravidla pravidla pravidla pravidla pravidla pravidla pravidla pravidla pravidla pravidla pravidla pravidla pravidla pravidla pravidla pravidla pravidla pravidla pravidla pravidla pravidla pravidla pravidla pravidla pravidla pravidla pravidla pravidla pravidla pravidla pravidla pravidla pravidla pravidla pravidla pravidla pravidla pravidla pravidla pravidla pravidla pravidla pravidla pravidla pravidla pravidla pravidla pravidla pravidla pravidla pravidla pravidla pravidla pravidla pravidla pravidla pravidla pravidla pravidla pravidla pravidla pravidla pravidla pravidla pravidla pravidla pravidla pravidla pravidla pravidla pravidla pravidla pravidla pravidla pravidla pravidla pravidla pravidla pravidla pravidla pravidla pravidla pravidla pravidla pravidla pravidla pravidla pravidla pravidla pravidla pravidla pravidla pravidla pravidla pravidla pravidla pravidla pravidla pravidla pravidla pravidla pravidla pravidla pravidla pravidla pravidla pravidla pravidla pravidla pravidla pravidla pravidla pravidla pravidla pravidla pravidla pravidla pravidla pravidla pravidla pravidla pravidla pravidla pravidla pravidla pravidla pravidla pravidla pravidla pravidla pravidla pravidla pravidla pravidla pravidla pravidla pravidla pravidla pravidla pravidla pravidla pravidla pravidla pravidla pravidla pravidla pravidla pravidla pravidla pravidla pravidla pravidla pravidla pravidla pravidla pravidla pravidla pravidla pravidla pravidla pravidla pravidla pravidla pravidla pravidla pravidla pravidla pravidla pravidla pravidla pravidla pravidla pravidla pravidla pravidla pravidla pravidla pravidla pravidla pravidla pravidla pravidla pravidla pravidla pravidla pravidla pravidla pravidla pravidla pravidla pravidla pravidla pravidla pravidla pravidla pravidla pravidla pravidla pravidla pravidla pravidla pravidla pravidla pravidla pravidla pravidla pravidla pravidla pravidla pravidla pravidla pravidla pravidla pravidla pravidla pravidla pravidla pravidla pravidla pravidla pravidla pravidla pravidla pravidla pravidla pravidla pravidla pravidla pravidla pravidla pravidla pravidla pravidla pravidla pravidla pravidla pravidla pravidla pravidla pravidla pravidla pravidla pravidla pravidla pravidla pravidla pravidla pravidla pravidla pravidla pravidla pravidla pravidla pravidla pravidla pravidla pravidla pravidla pravidla pravidla pravidla pravidla pravidla pravidla pravidla pravidla pravidla pravidla pravidla pravidla pravidla pravidla pravidla pravidla pravidla pravidla pravidla pravidla pravidla pravidla pravidla pravidla pravidla pravidla pravidla pravidla pravidla pravidla pravidla pravidla pravidla pravidla pravidla pravidla pravidla pravidla pravidla pravidla pravidla pravidla pravidla pravidla pravidla pravidla pravidla pravidla pravidla pravidla pravidla pravidla pravidla pravidla pravidla pravidla pravidla pravidla pravidla pravidla pravidla pravidla pravidla pravidla pravidla pravidla pravidla pravidla pravidla pravidla pravidla pravidla pravidla pravidla pravidla pravidla pravidla pravidla pravidla pravidla pravidla pravidla pravidla pravidla pravidla pravidla pravidla pravidla pravidla pravidla pravidla pravidla pravidla pravidla pravidla pravidla pravidla pravidla pravidla pravidla pravidla pravidla pravidla pravidla pravidla pravidla pravidla pravidla pravidla pravidla pravidla pravidla pravidla pravidla pravidla pravidla pravidla pravidla pravidla pravidla pravidla pravidla pravidla pravidla pravidla pravidla pravidla pravidla pravidla pravidla pravidla pravidla pravidla pravidla pravidla pravidla pravidla pravidla pravidla pravidla pravidla pravidla pravidla pravidla pravidla pravidla pravidla pravidla pravidla pravidla pravidla pravidla pravidla pravidla pravidla pravidla pravidla
MTX201501307_anon,13,1,13,13
MTX201501307_anon,13,1,S5,
MTX201501307_anon,13,2,"Popis: Sonda č. 5 o celkovém rozměru 1,5 x 1,5 m se nacházela v S části pozemku",pravidla pravidla pravidla pravidla pravidla pravidla pravidla pravidla pravidla
MTX201501307_anon,13,3,"s p. č. 42, ve vzdálenosti 14 m J směrem od J rohu domu č. p. 53 a 21 m SZ směrem od",pravidla pravidla pravidla pravidla pravidla pravidla pravidla pravidla pravidla
MTX201501307_anon,13,4,Z rohu budovy č. p. 28 (Příloha: plán č. 1). Sonda byla dokumentována na úroveň,pravidla pravidla pravidla pravidla pravidla pravidla
MTX201501307_anon,13,5,"archeologického podloží (SJ 100) (Přiíloha: výkres č. 5). Do archeologického podloží, které je",pravidla pravidla pravidla pravidla pravidla pravidla
MTX201501307_anon,13,6,tvořeno šedobéžovou jílovitou hlínou (SJ 100) se zahlubovaly celkem čtyři intencionální,pravidla pravidla pravidla pravidla pravidla
MTX201501307_anon,13,7,"výkopy. Ani jeden z nich nebyl odkryt v plném rozsahu, protože zasahovaly mimo",pravidla pravidla pravidla pravidla pravidla
MTX201501307_anon,13,8,zkoumanou plochu (Přiíloha: obr. č. 12). V JZ roku sondy byla odkryta část výkopu,pravidla pravidla pravidla pravidla pravidla pravidla pravidla
MTX201501307_anon,13,9,"nepravidelného tvaru (SJ 505) o hloubce 0,2 m. Jeho výplň tvořila mírně plastická béžově",pravidla pravidla pravidla pravidla pravidla pravidla pravidla
MTX201501307_anon,13,10,"hnědá hlína (SJ 135), obsahující keramický materiál datovatelný do 15. - 16. stol. V SZ roku",pravidla pravidla pravidla pravidla pravidla pravidla
MTX201501307_anon,13,11,"sondy byla odkryta část výkopu neurčitelného tvaru (SJ 506) o zaznamenané hloubce 0,16 m.",pravidla pravidla pravidla pravidla pravidla pravidla pravidla pravidla
MTX201501307_anon,13,12,Jeho výplň tvořila mírně plastická béžově hnědá písčitá hlína (SJ 139). V SV roku sondy byla,pravidla pravidla pravidla pravidla pravidla pravidla pravidla pravidla
MTX201501307_anon,13,13,"odkryta část výkopu neurčitelného tvaru (SJ 507) o zaznamenané hloubce 0,12 m. Jeho výplň",pravidla pravidla pravidla pravidla pravidla pravidla pravidla
MTX201501307_anon,13,14,tvořila mírně plastická béžově hnědá písčitá hlína (SJ 140). V JV roku sondy byla odkryta,pravidla pravidla pravidla pravidla pravidla pravidla pravidla
MTX201501307_anon,13,15,"část výkopu neurčitelného tvaru (SJ 510) o hloubce 0,2 m. Jeho výplň tvořila prachová černo",pravidla pravidla pravidla pravidla pravidla pravidla pravidla
MTX201501307_anon,13,16,"hnědá hlína (SJ 136). Tyto výkopy překryly recentní navážky písčitých hlín (SJ 138, 137)",pravidla pravidla pravidla pravidla pravidla pravidla pravidla
MTX201501307_anon,13,17,s druhotně přemístěnou keramikou 15. - 20. stol. Současný povrch terénu tvoří prachovitá,pravidla pravidla pravidla pravidla pravidla pravidla
MTX201501307_anon,13,18,"hnědá hlína, porostlá travním drnem (SJ 101).",pravidla pravidla pravidla pravidla pravidla pravidla pravidla pravidla pravidla pravidla pravidla pravidla pravidla pravidla pravidla pravidla pravidla pravidla pravidla pravidla pravidla pravidla pravidla pravidla pravidla pravidla pravidla pravidla pravidla pravidla pravidla pravidla pravidla pravidla pravidla pravidla pravidla pravidla pravidla pravidla pravidla pravidla pravidla pravidla pravidla pravidla pravidla pravidla pravidla pravidla pravidla pravidla pravidla pravidla pravidla pravidla pravidla pravidla pravidla pravidla pravidla pravidla pravidla pravidla pravidla pravidla pravidla pravidla pravidla pravidla pravidla pravidla pravidla pravidla pravidla pravidla pravidla pravidla pravidla pravidla pravidla pravidla pravidla pravidla pravidla pravidla pravidla pravidla pravidla pravidla pravidla pravidla pravidla pravidla pravidla pravidla pravidla pravidla pravidla pravidla pravidla pravidla pravidla pravidla pravidla pravidla pravidla pravidla pravidla pravidla pravidla pravidla pravidla pravidla pravidla pravidla pravidla pravidla pravidla pravidla pravidla pravidla pravidla pravidla pravidla pravidla pravidla pravidla pravidla pravidla pravidla pravidla pravidla pravidla pravidla pravidla pravidla pravidla pravidla pravidla pravidla pravidla pravidla pravidla pravidla pravidla pravidla pravidla pravidla pravidla pravidla pravidla pravidla pravidla pravidla pravidla pravidla pravidla pravidla pravidla pravidla pravidla pravidla pravidla pravidla pravidla pravidla pravidla pravidla pravidla pravidla pravidla pravidla pravidla pravidla pravidla pravidla pravidla pravidla pravidla pravidla pravidla pravidla pravidla pravidla pravidla pravidla pravidla pravidla pravidla pravidla pravidla pravidla pravidla pravidla pravidla pravidla pravidla pravidla pravidla pravidla pravidla pravidla pravidla pravidla pravidla pravidla pravidla pravidla pravidla pravidla pravidla pravidla pravidla pravidla pravidla pravidla pravidla pravidla pravidla pravidla pravidla pravidla pravidla pravidla pravidla pravidla pravidla pravidla pravidla pravidla pravidla pravidla pravidla pravidla pravidla pravidla pravidla pravidla pravidla pravidla pravidla pravidla pravidla pravidla pravidla pravidla pravidla pravidla pravidla pravidla pravidla pravidla pravidla pravidla pravidla pravidla pravidla pravidla pravidla pravidla pravidla pravidla pravidla pravidla pravidla pravidla pravidla pravidla pravidla pravidla pravidla pravidla pravidla pravidla pravidla pravidla pravidla pravidla pravidla pravidla pravidla pravidla pravidla pravidla pravidla pravidla pravidla pravidla pravidla pravidla pravidla pravidla pravidla pravidla pravidla pravidla pravidla pravidla pravidla pravidla pravidla pravidla pravidla pravidla pravidla pravidla pravidla pravidla pravidla pravidla pravidla pravidla pravidla pravidla pravidla pravidla pravidla pravidla pravidla pravidla pravidla pravidla pravidla pravidla pravidla pravidla pravidla pravidla pravidla pravidla pravidla pravidla pravidla pravidla pravidla pravidla pravidla pravidla pravidla pravidla pravidla pravidla pravidla pravidla pravidla pravidla pravidla pravidla pravidla pravidla pravidla pravidla pravidla pravidla pravidla pravidla pravidla pravidla pravidla pravidla pravidla pravidla pravidla pravidla pravidla pravidla pravidla pravidla pravidla pravidla pravidla pravidla pravidla pravidla pravidla pravidla pravidla pravidla pravidla pravidla pravidla pravidla pravidla pravidla pravidla pravidla pravidla pravidla pravidla pravidla pravidla pravidla pravidla pravidla pravidla pravidla pravidla pravidla pravidla pravidla pravidla pravidla pravidla pravidla pravidla pravidla pravidla pravidla pravidla pravidla pravidla pravidla pravidla pravidla pravidla pravidla pravidla pravidla pravidla pravidla pravidla pravidla pravidla pravidla pravidla pravidla pravidla pravidla pravidla pravidla pravidla pravidla pravidla pravidla pravidla pravidla pravidla pravidla pravidla pravidla pravidla pravidla pravidla pravidla pravidla pravidla pravidla pravidla pravidla pravidla pravidla pravidla pravidla pravidla pravidla pravidla pravidla pravidla pravidla pravidla pravidla pravidla pravidla pravidla pravidla pravidla pravidla pravidla pravidla pravidla pravidla pravidla pravidla pravidla pravidla pravidla pravidla pravidla pravidla pravidla pravidla pravidla pravidla pravidla pravidla pravidla pravidla pravidla pravidla pravidla pravidla pravidla pravidla pravidla pravidla pravidla pravidla pravidla pravidla pravidla pravidla pravidla pravidla pravidla pravidla pravidla pravidla pravidla pravidla pravidla pravidla pravidla pravidla pravidla pravidla pravidla pravidla pravidla pravidla pravidla pravidla pravidla pravidla pravidla pravidla pravidla pravidla pravidla pravidla pravidla pravidla pravidla pravidla pravidla pravidla pravidla pravidla pravidla pravidla pravidla pravidla pravidla pravidla pravidla pravidla pravidla pravidla pravidla pravidla pravidla pravidla pravidla pravidla pravidla pravidla pravidla pravidla pravidla pravidla pravidla pravidla pravidla pravidla pravidla pravidla pravidla pravidla pravidla pravidla pravidla pravidla pravidla pravidla pravidla pravidla pravidla pravidla pravidla pravidla pravidla pravidla pravidla pravidla pravidla pravidla pravidla pravidla pravidla pravidla pravidla pravidla pravidla pravidla pravidla pravidla pravidla pravidla pravidla pravidla pravidla pravidla pravidla pravidla pravidla pravidla pravidla pravidla pravidla pravidla pravidla pravidla pravidla pravidla pravidla pravidla pravidla pravidla pravidla pravidla pravidla pravidla pravidla pravidla pravidla pravidla pravidla pravidla pravidla pravidla pravidla pravidla pravidla pravidla pravidla pravidla pravidla pravidla pravidla pravidla pravidla pravidla pravidla pravidla pravidla pravidla pravidla pravidla pravidla pravidla pravidla pravidla pravidla pravidla pravidla pravidla pravidla pravidla pravidla pravidla pravidla pravidla pravidla pravidla pravidla pravidla pravidla pravidla pravidla pravidla pravidla pravidla pravidla pravidla pravidla pravidla pravidla pravidla pravidla pravidla pravidla pravidla pravidla pravidla pravidla pravidla pravidla pravidla pravidla pravidla pravidla pravidla pravidla pravidla pravidla pravidla pravidla pravidla pravidla pravidla pravidla pravidla pravidla pravidla pravidla pravidla pravidla pravidla pravidla pravidla pravidla pravidla pravidla pravidla pravidla pravidla pravidla pravidla pravidla pravidla pravidla pravidla pravidla pravidla pravidla pravidla pravidla pravidla pravidla pravidla pravidla pravidla pravidla pravidla pravidla pravidla pravidla pravidla pravidla pravidla pravidla pravidla pravidla pravidla pravidla pravidla pravidla pravidla pravidla pravidla pravidla pravidla pravidla pravidla pravidla pravidla pravidla pravidla pravidla pravidla pravidla pravidla pravidla pravidla pravidla pravidla pravidla pravidla pravidla pravidla pravidla pravidla pravidla pravidla pravidla pravidla pravidla pravidla pravidla pravidla pravidla pravidla pravidla pravidla pravidla pravidla pravidla pravidla pravidla pravidla pravidla pravidla pravidla pravidla pravidla pravidla pravidla pravidla pravidla pravidla pravidla pravidla pravidla pravidla pravidla pravidla pravidla pravidla pravidla pravidla pravidla pravidla pravidla pravidla pravidla pravidla pravidla pravidla pravidla pravidla pravidla pravidla pravidla pravidla pravidla pravidla pravidla pravidla pravidla pravidla pravidla pravidla pravidla pravidla pravidla pravidla pravidla pravidla pravidla pravidla pravidla pravidla pravidla pravidla pravidla pravidla pravidla pravidla pravidla pravidla pravidla pravidla pravidla pravidla pravidla pravidla pravidla pravidla pravidla pravidla pravidla pravidla pravidla pravidla pravidla pravidla pravidla pravidla pravidla pravidla pravidla pravidla pravidla pravidla pravidla pravidla pravidla pravidla pravidla pravidla pravidla pravidla pravidla pravidla pravidla pravidla pravidla pravidla pravidla pravidla pravidla pravidla pravidla pravidla pravidla pravidla pravidla pravidla pravidla pravidla pravidla pravidla pravidla pravidla pravidla pravidla pravidla pravidla pravidla pravidla pravidla pravidla pravidla pravidla pravidla pravidla pravidla pravidla pravidla pravidla pravidla pravidla pravidla pravidla pravidla pravidla pravidla pravidla pravidla pravidla pravidla pravidla pravidla pravidla pravidla pravidla pravidla pravidla pravidla pravidla pravidla pravidla pravidla pravidla pravidla pravidla pravidla pravidla pravidla pravidla pravidla pravidla pravidla pravidla pravidla pravidla pravidla pravidla pravidla pravidla pravidla pravidla pravidla pravidla pravidla pravidla pravidla pravidla pravidla pravidla pravidla pravidla pravidla pravidla pravidla pravidla pravidla pravidla pravidla pravidla pravidla pravidla pravidla pravidla pravidla pravidla pravidla pravidla pravidla pravidla pravidla pravidla pravidla pravidla pravidla pravidla pravidla pravidla pravidla pravidla pravidla pravidla pravidla pravidla pravidla pravidla pravidla pravidla pravidla pravidla pravidla pravidla pravidla pravidla pravidla pravidla pravidla pravidla pravidla pravidla pravidla pravidla pravidla pravidla pravidla pravidla pravidla pravidla pravidla pravidla pravidla pravidla pravidla pravidla pravidla pravidla pravidla pravidla pravidla pravidla pravidla pravidla pravidla pravidla pravidla pravidla pravidla pravidla pravidla pravidla pravidla pravidla pravidla pravidla pravidla pravidla pravidla pravidla pravidla pravidla pravidla pravidla pravidla pravidla pravidla pravidla pravidla pravidla pravidla pravidla pravidla pravidla pravidla pravidla pravidla pravidla pravidla pravidla pravidla pravidla pravidla pravidla pravidla pravidla pravidla pravidla pravidla pravidla pravidla pravidla pravidla pravidla pravidla pravidla pravidla pravidla pravidla pravidla pravidla pravidla pravidla pravidla pravidla pravidla pravidla pravidla pravidla pravidla pravidla pravidla pravidla pravidla pravidla pravidla pravidla pravidla pravidla pravidla pravidla pravidla pravidla pravidla pravidla pravidla pravidla pravidla pravidla pravidla pravidla pravidla pravidla pravidla pravidla pravidla pravidla pravidla pravidla pravidla pravidla pravidla pravidla pravidla pravidla pravidla pravidla pravidla pravidla pravidla pravidla pravidla pravidla pravidla pravidla pravidla pravidla pravidla pravidla pravidla pravidla pravidla pravidla pravidla pravidla pravidla pravidla pravidla pravidla pravidla pravidla pravidla pravidla pravidla pravidla pravidla pravidla pravidla pravidla pravidla pravidla pravidla pravidla pravidla pravidla pravidla pravidla pravidla pravidla pravidla pravidla pravidla pravidla pravidla pravidla pravidla pravidla pravidla pravidla pravidla pravidla pravidla pravidla pravidla pravidla pravidla pravidla pravidla pravidla pravidla pravidla pravidla pravidla pravidla pravidla pravidla pravidla pravidla pravidla pravidla pravidla pravidla pravidla pravidla pravidla pravidla pravidla pravidla pravidla pravidla pravidla pravidla pravidla pravidla pravidla pravidla pravidla pravidla pravidla pravidla pravidla pravidla pravidla pravidla pravidla pravidla pravidla pravidla pravidla pravidla pravidla pravidla pravidla pravidla pravidla pravidla pravidla pravidla pravidla pravidla pravidla pravidla pravidla pravidla pravidla pravidla pravidla pravidla pravidla pravidla pravidla pravidla pravidla pravidla pravidla pravidla pravidla pravidla pravidla pravidla pravidla pravidla pravidla pravidla pravidla pravidla pravidla pravidla pravidla pravidla pravidla pravidla pravidla pravidla pravidla pravidla pravidla pravidla pravidla pravidla pravidla pravidla pravidla pravidla pravidla pravidla pravidla pravidla pravidla pravidla pravidla pravidla pravidla pravidla pravidla pravidla pravidla pravidla pravidla pravidla pravidla pravidla pravidla pravidla pravidla pravidla pravidla pravidla pravidla pravidla pravidla pravidla pravidla pravidla pravidla pravidla pravidla pravidla pravidla pravidla pravidla pravidla pravidla pravidla pravidla pravidla pravidla pravidla pravidla pravidla pravidla pravidla pravidla pravidla pravidla pravidla pravidla pravidla pravidla pravidla pravidla pravidla pravidla pravidla pravidla pravidla pravidla pravidla pravidla pravidla pravidla pravidla pravidla pravidla pravidla pravidla pravidla pravidla pravidla pravidla pravidla pravidla pravidla pravidla pravidla pravidla pravidla pravidla pravidla pravidla pravidla pravidla pravidla pravidla pravidla pravidla pravidla pravidla pravidla pravidla pravidla pravidla pravidla pravidla pravidla pravidla pravidla pravidla pravidla pravidla pravidla pravidla pravidla pravidla pravidla pravidla pravidla pravidla pravidla pravidla pravidla pravidla pravidla pravidla pravidla pravidla pravidla pravidla pravidla pravidla pravidla pravidla pravidla pravidla pravidla pravidla pravidla pravidla pravidla pravidla pravidla pravidla pravidla pravidla pravidla pravidla pravidla pravidla pravidla pravidla pravidla pravidla pravidla pravidla pravidla pravidla pravidla pravidla pravidla pravidla pravidla pravidla pravidla pravidla pravidla pravidla pravidla pravidla pravidla pravidla pravidla pravidla pravidla pravidla pravidla pravidla pravidla pravidla pravidla pravidla pravidla pravidla pravidla pravidla pravidla pravidla pravidla pravidla pravidla pravidla pravidla pravidla pravidla pravidla pravidla pravidla pravidla pravidla pravidla pravidla pravidla pravidla pravidla pravidla pravidla pravidla pravidla pravidla pravidla pravidla pravidla pravidla pravidla pravidla pravidla pravidla pravidla pravidla pravidla pravidla pravidla pravidla pravidla pravidla pravidla pravidla pravidla pravidla pravidla pravidla pravidla pravidla pravidla pravidla pravidla pravidla pravidla pravidla pravidla pravidla pravidla pravidla pravidla pravidla pravidla pravidla pravidla pravidla pravidla pravidla pravidla pravidla pravidla pravidla pravidla pravidla pravidla pravidla pravidla pravidla pravidla pravidla pravidla pravidla pravidla pravidla pravidla pravidla pravidla pravidla pravidla pravidla pravidla pravidla pravidla pravidla pravidla pravidla pravidla pravidla pravidla pravidla pravidla pravidla pravidla pravidla pravidla pravidla pravidla pravidla pravidla pravidla pravidla pravidla pravidla pravidla pravidla pravidla pravidla pravidla pravidla pravidla pravidla pravidla pravidla pravidla pravidla pravidla pravidla pravidla pravidla pravidla pravidla pravidla pravidla pravidla pravidla pravidla pravidla pravidla pravidla pravidla pravidla pravidla pravidla pravidla pravidla pravidla pravidla pravidla pravidla pravidla pravidla pravidla pravidla pravidla pravidla pravidla pravidla pravidla pravidla pravidla pravidla pravidla pravidla pravidla pravidla pravidla pravidla pravidla pravidla pravidla pravidla pravidla pravidla pravidla pravidla pravidla pravidla pravidla pravidla pravidla pravidla pravidla pravidla pravidla pravidla pravidla pravidla pravidla pravidla pravidla pravidla pravidla pravidla pravidla pravidla pravidla pravidla pravidla pravidla pravidla pravidla pravidla pravidla pravidla pravidla pravidla pravidla pravidla pravidla pravidla pravidla pravidla pravidla pravidla pravidla pravidla pravidla pravidla pravidla pravidla pravidla pravidla pravidla pravidla pravidla pravidla pravidla pravidla pravidla pravidla pravidla pravidla pravidla pravidla pravidla pravidla pravidla pravidla pravidla pravidla pravidla pravidla pravidla pravidla pravidla pravidla pravidla pravidla pravidla pravidla pravidla pravidla pravidla pravidla pravidla pravidla pravidla pravidla pravidla pravidla pravidla pravidla pravidla pravidla pravidla pravidla pravidla pravidla pravidla pravidla pravidla pravidla pravidla pravidla pravidla pravidla pravidla pravidla pravidla pravidla pravidla pravidla pravidla pravidla pravidla pravidla pravidla pravidla pravidla pravidla pravidla pravidla pravidla pravidla pravidla pravidla pravidla pravidla pravidla pravidla pravidla pravidla pravidla pravidla pravidla pravidla pravidla pravidla pravidla pravidla pravidla pravidla pravidla pravidla pravidla pravidla pravidla pravidla pravidla pravidla pravidla pravidla pravidla pravidla pravidla pravidla pravidla pravidla pravidla pravidla pravidla pravidla pravidla pravidla pravidla pravidla pravidla pravidla pravidla pravidla pravidla pravidla pravidla pravidla pravidla pravidla pravidla pravidla pravidla pravidla pravidla pravidla pravidla pravidla pravidla pravidla pravidla pravidla pravidla pravidla pravidla pravidla pravidla pravidla pravidla pravidla pravidla pravidla pravidla pravidla pravidla pravidla pravidla pravidla pravidla pravidla pravidla pravidla pravidla pravidla pravidla pravidla pravidla pravidla pravidla pravidla pravidla pravidla pravidla pravidla pravidla pravidla pravidla pravidla pravidla pravidla pravidla pravidla pravidla pravidla pravidla pravidla pravidla pravidla pravidla pravidla pravidla pravidla pravidla pravidla pravidla pravidla pravidla pravidla pravidla pravidla pravidla pravidla pravidla pravidla pravidla pravidla pravidla pravidla pravidla pravidla pravidla pravidla pravidla pravidla pravidla pravidla pravidla pravidla pravidla pravidla pravidla pravidla pravidla pravidla pravidla pravidla pravidla pravidla pravidla pravidla pravidla pravidla pravidla pravidla pravidla pravidla pravidla pravidla pravidla pravidla pravidla pravidla pravidla pravidla pravidla pravidla pravidla pravidla pravidla pravidla pravidla pravidla pravidla pravidla pravidla pravidla pravidla pravidla pravidla pravidla pravidla pravidla pravidla pravidla pravidla pravidla
MTX201501307_anon,13,1,S6,
MTX201501307_anon,13,2,"Popis: Sonda č. 6 o celkovém rozměru 1,5 x 1,5 m se nacházela v S části návsi mezi",pravidla pravidla pravidla pravidla pravidla pravidla pravidla pravidla pravidla pravidla
MTX201501307_anon,13,3,"budovami č. e. 42 a č. p. 53. Byla vzdálená 3 m SV směrem od S rohu budovy č. e. 42 a 11,5",pravidla pravidla pravidla pravidla pravidla pravidla pravidla pravidla pravidla
MTX201501307_anon,13,4,m Z směrem od S rohu budovy č. p. 53 (Přiíloha: plán č. 1). Kvůli kořenovému systému,pravidla pravidla pravidla pravidla pravidla
MTX201501307_anon,13,5,"nedalekého stromu, byla exkavována pouze SZ pol. sondy a to na úroveň archeologického",pravidla pravidla pravidla pravidla pravidla pravidla
MTX201501307_anon,13,6,podloží (SJ 100) (Příloha: výkres č. 8). Na podloží tvořené šedobéžovou jílovitou hlínou,pravidla pravidla pravidla pravidla pravidla pravidla
MTX201501307_anon,13,7,(SJ 100) nasedala vrstva čistého písku (SJ 157) a štěrkovitého písku (SJ 154) s keramickým,pravidla pravidla pravidla pravidla pravidla pravidla pravidla
MTX201501307_anon,13,8,materiálem 15. stol. Tyto vrstvy překrývala vrstva lomového kamene s příměsí písku (SJ,pravidla pravidla pravidla pravidla pravidla pravidla pravidla pravidla
MTX201501307_anon,13,9,"155), vrstva štěrkovitého písku (SJ 156) a hlinitých písků (SJ 153, 151 s keramikou 15. - 16.",pravidla pravidla pravidla pravidla pravidla pravidla pravidla pravidla
MTX201501307_anon,13,10,"stol.). Domnívám se, že se jedná o fluviální sedimenty vzniklé při přívalových deštích",pravidla pravidla pravidla pravidla
MTX201501307_anon,13,11,splavováním hrubších částic půdy z výše položených partií terénu. Vrstva lomového kamene,pravidla pravidla pravidla pravidla pravidla
MTX201501307_anon,13,12,"(SJ 155) by pak představovala provizorní úpravu komunikační plochy, která byla opět",pravidla pravidla pravidla pravidla pravidla pravidla
MTX201501307_anon,13,13,převrstvena dalšími naplaveninami. Tyto sedimenty překrývají navážky písčitých hlín (SJ,pravidla pravidla pravidla pravidla pravidla pravidla pravidla pravidla pravidla pravidla pravidla pravidla pravidla pravidla pravidla pravidla pravidla pravidla pravidla pravidla pravidla pravidla pravidla pravidla pravidla pravidla pravidla pravidla pravidla pravidla pravidla pravidla pravidla pravidla pravidla pravidla pravidla pravidla pravidla pravidla pravidla pravidla pravidla pravidla pravidla pravidla pravidla pravidla pravidla pravidla pravidla pravidla pravidla pravidla pravidla pravidla pravidla pravidla pravidla pravidla pravidla pravidla pravidla pravidla pravidla pravidla pravidla pravidla pravidla pravidla pravidla pravidla pravidla pravidla pravidla pravidla pravidla pravidla pravidla pravidla pravidla pravidla pravidla pravidla pravidla pravidla pravidla pravidla pravidla pravidla pravidla pravidla pravidla pravidla pravidla pravidla pravidla pravidla pravidla pravidla pravidla pravidla pravidla pravidla pravidla pravidla pravidla pravidla pravidla pravidla pravidla pravidla pravidla pravidla pravidla pravidla pravidla pravidla pravidla pravidla pravidla pravidla pravidla pravidla pravidla pravidla pravidla pravidla pravidla pravidla pravidla pravidla pravidla pravidla pravidla pravidla pravidla pravidla pravidla pravidla pravidla pravidla pravidla pravidla pravidla pravidla pravidla pravidla pravidla pravidla pravidla pravidla pravidla pravidla pravidla pravidla pravidla pravidla pravidla pravidla pravidla pravidla pravidla pravidla pravidla pravidla pravidla pravidla pravidla pravidla pravidla pravidla pravidla pravidla pravidla pravidla pravidla pravidla pravidla pravidla pravidla pravidla pravidla pravidla pravidla pravidla pravidla pravidla pravidla pravidla pravidla pravidla pravidla pravidla pravidla pravidla pravidla pravidla pravidla pravidla pravidla pravidla pravidla pravidla pravidla pravidla pravidla pravidla pravidla pravidla pravidla pravidla pravidla pravidla pravidla pravidla pravidla pravidla pravidla pravidla pravidla pravidla pravidla pravidla pravidla pravidla pravidla pravidla pravidla pravidla pravidla pravidla pravidla pravidla pravidla pravidla pravidla pravidla pravidla pravidla pravidla pravidla pravidla pravidla pravidla pravidla pravidla pravidla pravidla pravidla pravidla pravidla pravidla pravidla pravidla pravidla pravidla pravidla pravidla pravidla pravidla pravidla pravidla pravidla pravidla pravidla pravidla pravidla pravidla pravidla pravidla pravidla pravidla pravidla pravidla pravidla pravidla pravidla pravidla pravidla pravidla pravidla pravidla pravidla pravidla pravidla pravidla pravidla pravidla pravidla pravidla pravidla pravidla pravidla pravidla pravidla pravidla pravidla pravidla pravidla pravidla pravidla pravidla pravidla pravidla pravidla pravidla pravidla pravidla pravidla pravidla pravidla pravidla pravidla pravidla pravidla pravidla pravidla pravidla pravidla pravidla pravidla pravidla pravidla pravidla pravidla pravidla pravidla pravidla pravidla pravidla pravidla pravidla pravidla pravidla pravidla pravidla pravidla pravidla pravidla pravidla pravidla pravidla pravidla pravidla pravidla pravidla pravidla pravidla pravidla pravidla pravidla pravidla pravidla pravidla pravidla pravidla pravidla pravidla pravidla pravidla pravidla pravidla pravidla pravidla pravidla pravidla pravidla pravidla pravidla pravidla pravidla pravidla pravidla pravidla pravidla pravidla pravidla pravidla pravidla pravidla pravidla pravidla pravidla pravidla pravidla pravidla pravidla pravidla pravidla pravidla pravidla pravidla pravidla pravidla pravidla pravidla pravidla pravidla pravidla pravidla pravidla pravidla pravidla pravidla pravidla pravidla pravidla pravidla pravidla pravidla pravidla pravidla pravidla pravidla pravidla pravidla pravidla pravidla pravidla pravidla pravidla pravidla pravidla pravidla pravidla pravidla pravidla pravidla pravidla pravidla pravidla pravidla pravidla pravidla pravidla pravidla pravidla pravidla pravidla pravidla pravidla pravidla pravidla pravidla pravidla pravidla pravidla pravidla pravidla pravidla pravidla pravidla pravidla pravidla pravidla pravidla pravidla pravidla pravidla pravidla pravidla pravidla pravidla pravidla pravidla pravidla pravidla pravidla pravidla pravidla pravidla pravidla pravidla pravidla pravidla pravidla pravidla pravidla pravidla pravidla pravidla pravidla pravidla pravidla pravidla pravidla pravidla pravidla pravidla pravidla pravidla pravidla pravidla pravidla pravidla pravidla pravidla pravidla pravidla pravidla pravidla pravidla pravidla pravidla pravidla pravidla pravidla pravidla pravidla pravidla pravidla pravidla pravidla pravidla pravidla pravidla pravidla pravidla pravidla pravidla pravidla pravidla pravidla pravidla pravidla pravidla pravidla pravidla pravidla pravidla pravidla pravidla pravidla pravidla pravidla pravidla pravidla pravidla pravidla pravidla pravidla pravidla pravidla pravidla pravidla pravidla pravidla pravidla pravidla pravidla pravidla pravidla pravidla pravidla pravidla pravidla pravidla pravidla pravidla pravidla pravidla pravidla pravidla pravidla pravidla pravidla pravidla pravidla pravidla pravidla pravidla pravidla pravidla pravidla pravidla pravidla pravidla pravidla pravidla pravidla pravidla pravidla pravidla pravidla pravidla pravidla pravidla pravidla pravidla pravidla pravidla pravidla pravidla pravidla pravidla pravidla pravidla pravidla pravidla pravidla pravidla pravidla pravidla pravidla pravidla pravidla pravidla pravidla pravidla pravidla pravidla pravidla pravidla pravidla pravidla pravidla pravidla pravidla pravidla pravidla pravidla pravidla pravidla pravidla pravidla pravidla pravidla pravidla pravidla pravidla pravidla pravidla pravidla pravidla pravidla pravidla pravidla pravidla pravidla pravidla pravidla pravidla pravidla pravidla pravidla pravidla pravidla pravidla pravidla pravidla pravidla pravidla pravidla pravidla pravidla pravidla pravidla pravidla pravidla pravidla pravidla pravidla pravidla pravidla pravidla pravidla pravidla pravidla pravidla pravidla pravidla pravidla pravidla pravidla pravidla pravidla pravidla pravidla pravidla pravidla pravidla pravidla pravidla pravidla pravidla pravidla pravidla pravidla pravidla pravidla pravidla pravidla pravidla pravidla pravidla pravidla pravidla pravidla pravidla pravidla pravidla pravidla pravidla pravidla pravidla pravidla pravidla pravidla pravidla pravidla pravidla pravidla pravidla pravidla pravidla pravidla pravidla pravidla pravidla pravidla pravidla pravidla pravidla pravidla pravidla pravidla pravidla pravidla pravidla pravidla pravidla pravidla pravidla pravidla pravidla pravidla pravidla pravidla pravidla pravidla pravidla pravidla pravidla pravidla pravidla pravidla pravidla pravidla pravidla pravidla pravidla pravidla pravidla pravidla pravidla pravidla pravidla pravidla pravidla pravidla pravidla pravidla pravidla pravidla pravidla pravidla pravidla pravidla pravidla pravidla pravidla pravidla pravidla pravidla pravidla pravidla pravidla pravidla pravidla pravidla pravidla pravidla pravidla pravidla pravidla pravidla pravidla pravidla pravidla pravidla pravidla pravidla pravidla pravidla pravidla pravidla pravidla pravidla pravidla pravidla pravidla pravidla pravidla pravidla pravidla pravidla pravidla pravidla pravidla pravidla pravidla pravidla pravidla pravidla pravidla pravidla pravidla pravidla pravidla pravidla pravidla pravidla pravidla pravidla pravidla pravidla pravidla pravidla pravidla pravidla pravidla pravidla pravidla pravidla pravidla pravidla pravidla pravidla pravidla pravidla pravidla pravidla pravidla pravidla pravidla pravidla pravidla pravidla pravidla pravidla pravidla pravidla pravidla pravidla pravidla pravidla pravidla pravidla pravidla pravidla pravidla pravidla pravidla pravidla pravidla pravidla pravidla pravidla pravidla pravidla pravidla pravidla pravidla pravidla pravidla pravidla pravidla pravidla pravidla pravidla pravidla pravidla pravidla pravidla pravidla pravidla pravidla pravidla pravidla pravidla pravidla pravidla pravidla pravidla pravidla pravidla pravidla pravidla pravidla pravidla pravidla pravidla pravidla pravidla pravidla pravidla pravidla pravidla pravidla pravidla pravidla pravidla pravidla pravidla pravidla pravidla pravidla pravidla pravidla pravidla pravidla pravidla pravidla pravidla pravidla pravidla pravidla pravidla pravidla pravidla pravidla pravidla pravidla pravidla pravidla pravidla pravidla pravidla pravidla pravidla pravidla pravidla pravidla pravidla pravidla pravidla pravidla pravidla pravidla pravidla pravidla pravidla pravidla pravidla pravidla pravidla pravidla pravidla pravidla pravidla pravidla pravidla pravidla pravidla pravidla pravidla pravidla pravidla pravidla pravidla pravidla pravidla pravidla pravidla pravidla pravidla pravidla pravidla pravidla pravidla pravidla pravidla pravidla pravidla pravidla pravidla pravidla pravidla pravidla pravidla pravidla pravidla pravidla pravidla pravidla pravidla pravidla pravidla pravidla pravidla pravidla pravidla pravidla pravidla pravidla pravidla pravidla pravidla pravidla pravidla pravidla pravidla pravidla pravidla pravidla pravidla pravidla pravidla pravidla pravidla pravidla pravidla pravidla pravidla pravidla pravidla pravidla pravidla pravidla pravidla pravidla pravidla pravidla pravidla pravidla pravidla pravidla pravidla pravidla pravidla pravidla pravidla pravidla pravidla pravidla pravidla pravidla pravidla pravidla pravidla pravidla pravidla pravidla pravidla pravidla pravidla pravidla pravidla pravidla pravidla pravidla pravidla pravidla pravidla pravidla pravidla pravidla pravidla pravidla pravidla pravidla pravidla pravidla pravidla pravidla pravidla pravidla pravidla pravidla pravidla pravidla pravidla pravidla pravidla pravidla pravidla pravidla pravidla pravidla pravidla pravidla pravidla pravidla pravidla pravidla pravidla pravidla pravidla pravidla pravidla pravidla pravidla pravidla pravidla pravidla pravidla pravidla pravidla pravidla pravidla pravidla pravidla pravidla pravidla pravidla pravidla pravidla pravidla pravidla pravidla pravidla pravidla pravidla pravidla pravidla pravidla pravidla pravidla pravidla pravidla pravidla pravidla pravidla pravidla pravidla pravidla pravidla pravidla pravidla pravidla pravidla pravidla pravidla pravidla pravidla pravidla pravidla pravidla pravidla pravidla pravidla pravidla pravidla pravidla pravidla pravidla pravidla pravidla pravidla pravidla pravidla pravidla pravidla pravidla pravidla pravidla pravidla pravidla pravidla pravidla pravidla pravidla pravidla pravidla pravidla pravidla pravidla pravidla pravidla pravidla pravidla pravidla pravidla pravidla pravidla pravidla pravidla pravidla pravidla pravidla pravidla pravidla pravidla pravidla pravidla pravidla pravidla pravidla pravidla pravidla pravidla pravidla pravidla pravidla pravidla pravidla pravidla pravidla pravidla pravidla pravidla pravidla pravidla pravidla pravidla pravidla pravidla pravidla pravidla pravidla pravidla pravidla pravidla pravidla pravidla pravidla pravidla pravidla pravidla pravidla pravidla pravidla pravidla pravidla pravidla pravidla pravidla pravidla pravidla pravidla pravidla pravidla pravidla pravidla pravidla pravidla pravidla pravidla pravidla pravidla pravidla pravidla pravidla pravidla pravidla pravidla pravidla pravidla pravidla pravidla pravidla pravidla pravidla pravidla pravidla pravidla pravidla pravidla pravidla pravidla pravidla pravidla pravidla pravidla pravidla pravidla pravidla pravidla pravidla pravidla pravidla pravidla pravidla pravidla pravidla pravidla pravidla pravidla pravidla pravidla pravidla pravidla pravidla pravidla pravidla pravidla pravidla pravidla pravidla pravidla pravidla pravidla pravidla pravidla pravidla pravidla pravidla pravidla pravidla pravidla pravidla pravidla pravidla pravidla pravidla pravidla pravidla pravidla pravidla pravidla pravidla pravidla pravidla pravidla pravidla pravidla pravidla pravidla pravidla pravidla pravidla pravidla pravidla pravidla pravidla pravidla pravidla pravidla pravidla pravidla pravidla pravidla pravidla pravidla pravidla pravidla pravidla pravidla pravidla pravidla pravidla pravidla pravidla pravidla pravidla pravidla pravidla pravidla pravidla pravidla pravidla pravidla pravidla pravidla pravidla pravidla pravidla pravidla pravidla pravidla pravidla pravidla pravidla pravidla pravidla pravidla pravidla pravidla pravidla pravidla pravidla pravidla pravidla pravidla pravidla pravidla pravidla pravidla pravidla pravidla pravidla pravidla pravidla pravidla pravidla pravidla pravidla pravidla pravidla pravidla pravidla pravidla pravidla pravidla pravidla pravidla pravidla pravidla pravidla pravidla pravidla pravidla pravidla pravidla pravidla pravidla pravidla pravidla pravidla pravidla pravidla pravidla pravidla pravidla pravidla pravidla pravidla pravidla pravidla pravidla pravidla pravidla pravidla pravidla pravidla pravidla pravidla pravidla pravidla pravidla pravidla pravidla pravidla pravidla pravidla pravidla pravidla pravidla pravidla pravidla pravidla pravidla pravidla pravidla pravidla pravidla pravidla pravidla pravidla pravidla pravidla pravidla pravidla pravidla pravidla pravidla pravidla pravidla pravidla pravidla pravidla pravidla pravidla pravidla pravidla pravidla pravidla pravidla pravidla pravidla pravidla pravidla pravidla pravidla pravidla pravidla pravidla pravidla pravidla pravidla pravidla pravidla pravidla pravidla pravidla pravidla pravidla pravidla pravidla pravidla pravidla pravidla pravidla pravidla pravidla pravidla pravidla pravidla pravidla pravidla pravidla pravidla pravidla pravidla pravidla pravidla pravidla pravidla pravidla pravidla pravidla pravidla pravidla pravidla pravidla pravidla pravidla pravidla pravidla pravidla pravidla pravidla pravidla pravidla pravidla pravidla pravidla pravidla pravidla pravidla pravidla pravidla pravidla pravidla pravidla pravidla pravidla pravidla pravidla pravidla pravidla pravidla pravidla pravidla pravidla pravidla pravidla pravidla pravidla pravidla pravidla pravidla pravidla pravidla pravidla pravidla pravidla pravidla pravidla pravidla pravidla pravidla pravidla pravidla pravidla pravidla pravidla pravidla pravidla pravidla pravidla pravidla pravidla pravidla pravidla pravidla pravidla pravidla pravidla pravidla pravidla pravidla pravidla pravidla pravidla pravidla pravidla pravidla pravidla pravidla pravidla pravidla pravidla pravidla pravidla pravidla pravidla pravidla pravidla pravidla pravidla pravidla pravidla pravidla pravidla pravidla pravidla pravidla pravidla pravidla pravidla pravidla pravidla pravidla pravidla pravidla pravidla pravidla pravidla pravidla pravidla pravidla pravidla pravidla pravidla pravidla pravidla pravidla pravidla pravidla pravidla pravidla pravidla pravidla pravidla pravidla pravidla pravidla pravidla pravidla pravidla pravidla pravidla pravidla pravidla pravidla pravidla pravidla pravidla pravidla pravidla pravidla pravidla pravidla pravidla pravidla pravidla pravidla pravidla pravidla pravidla pravidla pravidla pravidla pravidla pravidla pravidla pravidla pravidla pravidla pravidla pravidla pravidla pravidla pravidla pravidla pravidla pravidla pravidla pravidla pravidla pravidla pravidla pravidla pravidla pravidla pravidla pravidla pravidla pravidla pravidla pravidla pravidla pravidla pravidla pravidla pravidla pravidla pravidla pravidla pravidla pravidla pravidla pravidla pravidla pravidla pravidla pravidla pravidla pravidla pravidla pravidla pravidla pravidla pravidla pravidla pravidla pravidla pravidla pravidla pravidla pravidla pravidla pravidla pravidla pravidla pravidla pravidla pravidla pravidla pravidla pravidla pravidla pravidla pravidla pravidla pravidla pravidla pravidla pravidla pravidla pravidla pravidla pravidla pravidla pravidla pravidla pravidla pravidla pravidla pravidla pravidla pravidla pravidla pravidla pravidla pravidla pravidla pravidla pravidla pravidla pravidla pravidla pravidla pravidla pravidla pravidla pravidla pravidla pravidla pravidla pravidla pravidla pravidla pravidla pravidla pravidla pravidla pravidla pravidla pravidla pravidla pravidla pravidla pravidla pravidla pravidla pravidla pravidla pravidla pravidla pravidla pravidla pravidla pravidla pravidla pravidla pravidla pravidla pravidla pravidla pravidla pravidla pravidla pravidla pravidla pravidla pravidla pravidla pravidla pravidla pravidla pravidla pravidla pravidla pravidla pravidla pravidla pravidla pravidla pravidla pravidla pravidla pravidla pravidla pravidla pravidla pravidla pravidla pravidla pravidla pravidla pravidla pravidla pravidla pravidla pravidla pravidla pravidla pravidla pravidla pravidla pravidla pravidla pravidla pravidla pravidla pravidla pravidla pravidla pravidla pravidla pravidla pravidla pravidla pravidla pravidla pravidla pravidla pravidla pravidla pravidla pravidla pravidla pravidla pravidla pravidla pravidla pravidla pravidla pravidla pravidla pravidla pravidla pravidla pravidla pravidla pravidla pravidla pravidla pravidla pravidla pravidla pravidla pravidla pravidla pravidla pravidla pravidla pravidla pravidla pravidla pravidla pravidla pravidla pravidla pravidla pravidla pravidla pravidla pravidla pravidla pravidla pravidla pravidla pravidla pravidla pravidla pravidla pravidla pravidla pravidla pravidla pravidla pravidla pravidla pravidla pravidla pravidla pravidla pravidla pravidla pravidla pravidla pravidla pravidla pravidla pravidla pravidla pravidla pravidla pravidla pravidla pravidla pravidla pravidla pravidla pravidla pravidla pravidla pravidla pravidla pravidla pravidla pravidla pravidla pravidla pravidla pravidla pravidla pravidla pravidla pravidla pravidla pravidla pravidla pravidla pravidla pravidla pravidla pravidla pravidla pravidla pravidla pravidla pravidla pravidla pravidla pravidla pravidla pravidla pravidla pravidla pravidla pravidla pravidla pravidla pravidla pravidla pravidla pravidla pravidla pravidla pravidla pravidla pravidla pravidla pravidla pravidla pravidla pravidla pravidla pravidla pravidla pravidla pravidla pravidla pravidla pravidla pravidla pravidla pravidla pravidla pravidla pravidla pravidla pravidla pravidla pravidla pravidla pravidla pravidla pravidla pravidla pravidla pravidla pravidla pravidla pravidla pravidla pravidla pravidla pravidla pravidla pravidla pravidla pravidla pravidla pravidla pravidla pravidla pravidla pravidla pravidla pravidla pravidla pravidla pravidla pravidla pravidla pravidla pravidla pravidla pravidla pravidla pravidla pravidla pravidla pravidla pravidla pravidla pravidla pravidla pravidla pravidla pravidla pravidla pravidla pravidla pravidla pravidla pravidla pravidla pravidla pravidla pravidla pravidla pravidla pravidla pravidla pravidla pravidla pravidla pravidla pravidla pravidla pravidla pravidla pravidla pravidla pravidla pravidla pravidla pravidla pravidla pravidla pravidla pravidla pravidla pravidla pravidla pravidla pravidla pravidla pravidla pravidla pravidla pravidla pravidla pravidla pravidla pravidla pravidla pravidla pravidla pravidla pravidla pravidla pravidla pravidla pravidla pravidla pravidla pravidla pravidla pravidla pravidla pravidla pravidla pravidla pravidla pravidla pravidla pravidla pravidla pravidla pravidla pravidla pravidla pravidla pravidla pravidla pravidla pravidla pravidla pravidla pravidla pravidla pravidla pravidla pravidla pravidla pravidla pravidla pravidla pravidla pravidla pravidla pravidla pravidla pravidla pravidla pravidla pravidla pravidla pravidla pravidla pravidla pravidla pravidla pravidla pravidla pravidla pravidla pravidla pravidla pravidla pravidla pravidla pravidla pravidla pravidla pravidla pravidla pravidla pravidla pravidla pravidla pravidla pravidla pravidla pravidla pravidla pravidla pravidla pravidla pravidla pravidla pravidla pravidla pravidla pravidla pravidla pravidla pravidla pravidla pravidla pravidla pravidla pravidla pravidla pravidla pravidla pravidla pravidla pravidla pravidla pravidla pravidla pravidla pravidla pravidla pravidla pravidla pravidla pravidla pravidla pravidla pravidla pravidla pravidla pravidla pravidla pravidla pravidla pravidla pravidla pravidla pravidla pravidla pravidla pravidla pravidla pravidla pravidla pravidla pravidla pravidla pravidla pravidla pravidla pravidla pravidla pravidla pravidla pravidla
MTX201501307_anon,14,1,14,14
MTX201501307_anon,14,1,"150, 149). Současný povrch terénu tvoří tmavě černá písčitá hlína (SJ 148) obsahující","150, 149). The current surface terrain consists of the dark black sandy clay (SJ 148) containing"
MTX201501307_anon,14,2,druhotně přemístěnou keramiku 16. - 17. stol.,the secondary relocated ceramic 16th - 17th century.
MTX201501307_anon,14,1,S7,S7
MTX201501307_anon,14,2,"Popis: Sonda č. 7 o celkovém rozměru 1,5 x 1,5 m se nacházela mezi budovou č. p. 14","Description: trench No 7 with an overall dimension of 1,5 x 1,5 m was between building Nos 14"
MTX201501307_anon,14,3,"a 37, ve vzdálenosti 5 m S směrem od Z rohu domu č. p. 37 a 15 m JV směrem od V rohu","and 37, at a distance of 5 m S from Z horn house Nos 37 and 15 m JV from V horn"
MTX201501307_anon,14,4,domu č. p. 14 (Příloha: plán č. 1). Sonda byla dokumentována na úroveň archeologického,house Nos 14 (Annex: Plan No 1). trench has been documented to the level of archaeological
MTX201501307_anon,14,5,podloží (SJ 100) (Příloha: výkres č. 9). Z podloží tvořeného šedobéžovou jílovitou hlínou,subsoil (SJ 100) (Annex: Drawing No 9). The subsoil made up of the grey-beige clay clay
MTX201501307_anon,14,6,(SJ 100) se vyvinul půdotvorný horizont (SJ 164) béžově šedohnědé plastické hlíny. Na ní se,(SJ 100) developed a soil-forming horizon (SJ 164) of beige-grey-brown plastic clay.
MTX201501307_anon,14,7,vytvořila kulturní vrstva tmavé šedočerné hlíny (SJ 166). Její vývoj byl přerušen navážkou,The cultural layer dark grey and black clay (SJ 166) formed on it. Its development was interrupted by backfill
MTX201501307_anon,14,8,"šedočerné písčité hlíny (SJ 166), která obsahovala keramiku datovatelnou do období 15. - 16.","grey-black sandy clay (SJ 166), which contained ceramic dating"
MTX201501307_anon,14,9,stol. Na ní bezprostředně nasedaly navážkové vrstvy hlinitého písku (SJ 162) a písčité hlíny,back to the 15th - 16th century. On it immediately mounted the weight layers of aluminium sand (SJ 162) and sandy clay
MTX201501307_anon,14,10,(SJ 167). Nerovnosti terénu byly následně vyrovnány navážkou béžově hnědé jílovité hlíny,(SJ 167). The unevenness of the terrain was subsequently compensated by backfill beige-brown clay clay
MTX201501307_anon,14,11,"(SJ 161), která místy dosahovala mocnosti až 0,3 m. Na ní nasedala vrstva černohnědé písčité","(SJ 161), which in places reached up to 0.3m. A layer of black-brown sandy"
MTX201501307_anon,14,12,"hlíny (SJ 160, nalezeny dvě podkovy) a vrstva hnědé písčité hlíny (SJ 159) obsahující","clay (SJ 160, found two horseshoes) and a layer of brown sand clay (SJ 159) containing"
MTX201501307_anon,14,13,keramiku 17. - 19. stol. Tehdejší povrch byl následně upraven navezením štěrku s příměsí,Xtermz24z 17. - 19th table. The then-era surface was subsequently modified by an external staircase with direct
MTX201501307_anon,14,14,hlíny (SJ 158) za účelem zvýšení schůdnosti terénu. Na tuto vrstvu byla později navezena,"Xzzzzzz26z (SJ) load. A layer of beige brown sandy clay (SJ 165) was later added to this layer,"
MTX201501307_anon,14,15,"vrstva béžově hnědé písčité hlíny (SJ 165), která opět srovnala terén do relativní robiny.",which again flattened the terrain into a relative robin.
MTX201501307_anon,14,16,"Současný povrch terénu tvoří prachovitá hnědá hlína, porostlá travním drnem (SJ 101).","The current surface terrain is dusty brown clay, covered with grass turf (SJ 101)."
MTX201501307_anon,14,1,S8,S8
MTX201501307_anon,14,2,"Popis: Sonda č. 8 o celkovém rozměru 1,5 x 2 m Byla položena při SZ stěně domu č.","Description: trench No 8 with an overall dimension of 1,5 x 2 m It was laid at SZ wall house No"
MTX201501307_anon,14,3,"p. 24. Vzdálenost od V rohu protějšího domu č. p. 74, byla asi 8 m J směrem (Příloha: plán č.","24. The distance from V horn, opposite house No. 74, was about 8 m J towards"
MTX201501307_anon,14,4,1). Sonda byla dokumentována na úroveň archeologického podloží (SJ 100) (Přiíloha: výkres,(Schedule: Schedule 1). trench has been documented to the level of archaeological subsoil (SJ 100) (Request: drawing
MTX201501307_anon,14,5,"č. 11). V prohlubni podloží tvořeném skalním výchozem (SJ 100), se dochovali zbytky","No 11). In the bowl of subsoil formed by the outcrop of rock (SJ 100),"
MTX201501307_anon,14,6,"fluviálních sedimentů (SJ 174, 173), s obsahem keramického materiálu 15. - 16. stol. Na","fluvial sediment residues (SJ 174, 173) were preserved, containing ceramic material of the 15th - 16th century."
MTX201501307_anon,14,7,"skalním výchozu se pak nalézala asi 0,25 m mocná navážka tmavě hnědé písčité hlíny",The rock outcropping then contained about 0.25m of the powerful backfill dark brown sandy clay
MTX201501307_anon,14,8,(SJ 172). Podle keramického materiálu lze navážku datovat do 19. stol. Tato skutečnost,"(SJ 172). According to the ceramic material, backfill can be dated to the 19th century. This fact"
MTX201501307_anon,14,9,"svědčí o terénních úpravách v místech sondy č. 8, které měly za následek odstranění",is indicative of the terrain modifications at trench No 8 sites which resulted in the removal
MTX201501307_anon,14,10,původních uloženin. Vrstvu č. 172 porušil výkop pro kanalizaci (SJ 512) převrstvený,of the original deposits. Layer No 172 violated cut for sewer (SJ 512) over-coated
MTX201501307_anon,15,1,15,15
MTX201501307_anon,15,1,"mladšími navážkami písčitých hlín (SJ 178, 175) a škváry (SJ 171). Do souvrství se zahlubuje",pravidla pravidla pravidla pravidla pravidla pravidla pravidla
MTX201501307_anon,15,2,recentní výkop (SJ 513) pro plynové potrubí. Současný povrch terénu tvoří prachovitá hnědá,pravidla pravidla pravidla pravidla pravidla pravidla
MTX201501307_anon,15,3,"hlína, porostlá travním drnem (SJ 101).",pravidla pravidla pravidla pravidla pravidla pravidla pravidla pravidla pravidla pravidla pravidla pravidla pravidla pravidla pravidla pravidla pravidla pravidla pravidla pravidla pravidla pravidla pravidla pravidla pravidla pravidla pravidla pravidla pravidla pravidla pravidla pravidla pravidla pravidla pravidla pravidla pravidla pravidla pravidla pravidla pravidla pravidla pravidla pravidla pravidla pravidla pravidla pravidla pravidla pravidla pravidla pravidla pravidla pravidla pravidla pravidla pravidla pravidla pravidla pravidla pravidla pravidla pravidla pravidla pravidla pravidla pravidla pravidla pravidla pravidla pravidla pravidla pravidla pravidla pravidla pravidla pravidla pravidla pravidla pravidla pravidla pravidla pravidla pravidla pravidla pravidla pravidla pravidla pravidla pravidla pravidla pravidla pravidla pravidla pravidla pravidla pravidla pravidla pravidla pravidla pravidla pravidla pravidla pravidla pravidla pravidla pravidla pravidla pravidla pravidla pravidla pravidla pravidla pravidla pravidla pravidla pravidla pravidla pravidla pravidla pravidla pravidla pravidla pravidla pravidla pravidla pravidla pravidla pravidla pravidla pravidla pravidla pravidla pravidla pravidla pravidla pravidla pravidla pravidla pravidla pravidla pravidla pravidla pravidla pravidla pravidla pravidla pravidla pravidla pravidla pravidla pravidla pravidla pravidla pravidla pravidla pravidla pravidla pravidla pravidla pravidla pravidla pravidla pravidla pravidla pravidla pravidla pravidla pravidla pravidla pravidla pravidla pravidla pravidla pravidla pravidla pravidla pravidla pravidla pravidla pravidla pravidla pravidla pravidla pravidla pravidla pravidla pravidla pravidla pravidla pravidla pravidla pravidla pravidla pravidla pravidla pravidla pravidla pravidla pravidla pravidla pravidla pravidla pravidla pravidla pravidla pravidla pravidla pravidla pravidla pravidla pravidla pravidla pravidla pravidla pravidla pravidla pravidla pravidla pravidla pravidla pravidla pravidla pravidla pravidla pravidla pravidla pravidla pravidla pravidla pravidla pravidla pravidla pravidla pravidla pravidla pravidla pravidla pravidla pravidla pravidla pravidla pravidla pravidla pravidla pravidla pravidla pravidla pravidla pravidla pravidla pravidla pravidla pravidla pravidla pravidla pravidla pravidla pravidla pravidla pravidla pravidla pravidla pravidla pravidla pravidla pravidla pravidla pravidla pravidla pravidla pravidla pravidla pravidla pravidla pravidla pravidla pravidla pravidla pravidla pravidla pravidla pravidla pravidla pravidla pravidla pravidla pravidla pravidla pravidla pravidla pravidla pravidla pravidla pravidla pravidla pravidla pravidla pravidla pravidla pravidla pravidla pravidla pravidla pravidla pravidla pravidla pravidla pravidla pravidla pravidla pravidla pravidla pravidla pravidla pravidla pravidla pravidla pravidla pravidla pravidla pravidla pravidla pravidla pravidla pravidla pravidla pravidla pravidla pravidla pravidla pravidla pravidla pravidla pravidla pravidla pravidla pravidla pravidla pravidla pravidla pravidla pravidla pravidla pravidla pravidla pravidla pravidla pravidla pravidla pravidla pravidla pravidla pravidla pravidla pravidla pravidla pravidla pravidla pravidla pravidla pravidla pravidla pravidla pravidla pravidla pravidla pravidla pravidla pravidla pravidla pravidla pravidla pravidla pravidla pravidla pravidla pravidla pravidla pravidla pravidla pravidla pravidla pravidla pravidla pravidla pravidla pravidla pravidla pravidla pravidla pravidla pravidla pravidla pravidla pravidla pravidla pravidla pravidla pravidla pravidla pravidla pravidla pravidla pravidla pravidla pravidla pravidla pravidla pravidla pravidla pravidla pravidla pravidla pravidla pravidla pravidla pravidla pravidla pravidla pravidla pravidla pravidla pravidla pravidla pravidla pravidla pravidla pravidla pravidla pravidla pravidla pravidla pravidla pravidla pravidla pravidla pravidla pravidla pravidla pravidla pravidla pravidla pravidla pravidla pravidla pravidla pravidla pravidla pravidla pravidla pravidla pravidla pravidla pravidla pravidla pravidla pravidla pravidla pravidla pravidla pravidla pravidla pravidla pravidla pravidla pravidla pravidla pravidla pravidla pravidla pravidla pravidla pravidla pravidla pravidla pravidla pravidla pravidla pravidla pravidla pravidla pravidla pravidla pravidla pravidla pravidla pravidla pravidla pravidla pravidla pravidla pravidla pravidla pravidla pravidla pravidla pravidla pravidla pravidla pravidla pravidla pravidla pravidla pravidla pravidla pravidla pravidla pravidla pravidla pravidla pravidla pravidla pravidla pravidla pravidla pravidla pravidla pravidla pravidla pravidla pravidla pravidla pravidla pravidla pravidla pravidla
MTX201501307_anon,15,1,Zhodnocení výsledků výzkumu,pravidla
MTX201501307_anon,15,2,Stručné shrnutí poznatků na položené otázky:,pravidla pravidla
MTX201501307_anon,15,3,1. Prokázání nebo vyloučení přítomnosti archeologických nálezů v zájmovém území.,pravidla pravidla pravidla pravidla pravidla pravidla
MTX201501307_anon,15,4,Archeologický výzkum provedený v roce 2013 dokumentoval velmi dobře dochované,pravidla pravidla pravidla
MTX201501307_anon,15,5,archeologické situace v k. ú. Vraní u Starého Sídla na Vysočině. Odkryté archeologické,pravidla pravidla pravidla pravidla pravidla pravidla
MTX201501307_anon,15,6,situace prokázaly intenzivní užívání zájmového prostoru od 14. stol. po současnost.,pravidla pravidla pravidla pravidla pravidla pravidla pravidla
MTX201501307_anon,15,7,"2. Rekonstrukce obousměrné geneze historického nadloží, intenzity a charakter",pravidla pravidla pravidla pravidla
MTX201501307_anon,15,8,osídlení.,pravidla
MTX201501307_anon,15,9,Archeologický výzkum přinesl svědectví o kontinuálním osídlení tohoto prostoru od,pravidla pravidla pravidla pravidla pravidla
MTX201501307_anon,15,10,14. stol. po současnost. Nejstarší keramický materiál se vyskytoval ve formě intruzí v kulturní,pravidla pravidla pravidla pravidla pravidla pravidla pravidla
MTX201501307_anon,15,11,"vrstvě 16. stol. (SJ 115=119), v navážce z 20. stol. (SJ 106), nebo v zásypu (SJ 107)",pravidla pravidla pravidla pravidla pravidla pravidla pravidla pravidla pravidla
MTX201501307_anon,15,12,recentního výkopu inženýrských sítí (SJ 503). Dále byly zdokumentovány úpravy,pravidla pravidla pravidla pravidla
MTX201501307_anon,15,13,komunikačních ploch v prostoru návsi v období 15. stol. (SJ 132) a 17. stol. (SJ 113).,pravidla pravidla pravidla pravidla pravidla pravidla pravidla pravidla pravidla
MTX201501307_anon,15,14,"Identifikován byl i doklad stavebních úprav (SJ 124, 125, 126), nebo kamenný odvodňovací",pravidla pravidla pravidla pravidla pravidla pravidla
MTX201501307_anon,15,15,kanál z 19. stol. (SJ 700). Neméně důležitý je i doklad erozně akumulačních procesů,pravidla pravidla pravidla pravidla pravidla pravidla
MTX201501307_anon,15,16,"způsobených živelnou činností vody v období raného novověku (SJ 128, 151, 153, 154, 156,",pravidla pravidla pravidla pravidla pravidla pravidla pravidla pravidla
MTX201501307_anon,15,17,157).,
MTX201501307_anon,15,18,"3. Otázka pohybu luxusních a výjimečných předmětů v prostoru a čase, problém",pravidla pravidla pravidla pravidla pravidla pravidla
MTX201501307_anon,15,19,importů,pravidla
MTX201501307_anon,15,20,"Archeologickým výzkumem, který probíhal v intravilánu obce Vraní, byl získán",pravidla pravidla pravidla pravidla pravidla pravidla
MTX201501307_anon,15,21,soubor movitých archeologických artefaktů. Ty představovaly především fragmenty běžné,pravidla pravidla pravidla pravidla
MTX201501307_anon,15,22,kuchyňské a stolní keramiky z období 14. - 15. stol. po současnost.,pravidla pravidla pravidla pravidla pravidla pravidla pravidla pravidla pravidla pravidla pravidla pravidla pravidla pravidla pravidla pravidla pravidla pravidla pravidla pravidla pravidla pravidla pravidla pravidla pravidla pravidla pravidla pravidla pravidla pravidla pravidla pravidla pravidla pravidla pravidla pravidla pravidla pravidla pravidla pravidla pravidla pravidla pravidla pravidla pravidla pravidla pravidla pravidla pravidla pravidla pravidla pravidla pravidla pravidla pravidla pravidla pravidla pravidla pravidla pravidla pravidla pravidla pravidla pravidla pravidla pravidla pravidla pravidla pravidla pravidla pravidla pravidla pravidla pravidla pravidla pravidla pravidla pravidla pravidla pravidla pravidla pravidla pravidla pravidla pravidla pravidla pravidla pravidla pravidla pravidla pravidla pravidla pravidla pravidla pravidla pravidla pravidla pravidla pravidla pravidla pravidla pravidla pravidla pravidla pravidla pravidla pravidla pravidla pravidla pravidla pravidla pravidla pravidla pravidla pravidla pravidla pravidla pravidla pravidla pravidla pravidla pravidla pravidla pravidla pravidla pravidla pravidla pravidla pravidla pravidla pravidla pravidla pravidla pravidla pravidla pravidla pravidla pravidla pravidla pravidla pravidla pravidla pravidla pravidla pravidla pravidla pravidla pravidla pravidla pravidla pravidla pravidla pravidla pravidla pravidla pravidla pravidla pravidla pravidla pravidla pravidla pravidla pravidla pravidla pravidla pravidla pravidla pravidla pravidla pravidla pravidla pravidla pravidla pravidla pravidla pravidla pravidla pravidla pravidla pravidla pravidla pravidla pravidla pravidla pravidla pravidla pravidla pravidla pravidla pravidla pravidla pravidla pravidla pravidla pravidla pravidla pravidla pravidla pravidla pravidla pravidla pravidla pravidla pravidla pravidla pravidla pravidla pravidla pravidla pravidla pravidla pravidla pravidla pravidla pravidla pravidla pravidla pravidla pravidla pravidla pravidla pravidla pravidla pravidla pravidla pravidla pravidla pravidla pravidla pravidla pravidla pravidla pravidla pravidla pravidla pravidla pravidla pravidla pravidla pravidla pravidla pravidla pravidla pravidla pravidla pravidla pravidla pravidla pravidla pravidla pravidla pravidla pravidla pravidla pravidla pravidla pravidla pravidla pravidla pravidla pravidla pravidla pravidla pravidla pravidla pravidla pravidla pravidla pravidla pravidla pravidla pravidla pravidla pravidla pravidla pravidla pravidla pravidla pravidla pravidla pravidla pravidla pravidla pravidla pravidla pravidla pravidla pravidla pravidla pravidla pravidla pravidla pravidla pravidla pravidla pravidla pravidla pravidla pravidla pravidla pravidla pravidla pravidla pravidla pravidla pravidla pravidla pravidla pravidla pravidla pravidla pravidla pravidla pravidla pravidla pravidla pravidla pravidla pravidla pravidla pravidla pravidla pravidla pravidla pravidla pravidla pravidla pravidla pravidla pravidla pravidla pravidla pravidla pravidla pravidla pravidla pravidla pravidla pravidla pravidla pravidla pravidla pravidla pravidla pravidla pravidla pravidla pravidla pravidla pravidla pravidla pravidla pravidla pravidla pravidla pravidla pravidla pravidla pravidla pravidla pravidla pravidla pravidla pravidla pravidla pravidla pravidla pravidla pravidla pravidla pravidla pravidla pravidla pravidla pravidla pravidla pravidla pravidla pravidla pravidla pravidla pravidla pravidla pravidla pravidla pravidla pravidla pravidla pravidla pravidla pravidla pravidla pravidla pravidla pravidla pravidla pravidla pravidla pravidla pravidla pravidla pravidla pravidla pravidla pravidla pravidla pravidla pravidla pravidla pravidla pravidla pravidla pravidla pravidla pravidla pravidla pravidla pravidla pravidla pravidla pravidla pravidla pravidla pravidla pravidla pravidla pravidla pravidla pravidla pravidla pravidla pravidla pravidla pravidla pravidla pravidla pravidla pravidla pravidla pravidla pravidla pravidla pravidla pravidla pravidla pravidla pravidla pravidla pravidla pravidla pravidla pravidla pravidla pravidla pravidla pravidla pravidla pravidla pravidla pravidla pravidla pravidla pravidla pravidla pravidla pravidla pravidla pravidla pravidla pravidla pravidla pravidla pravidla pravidla pravidla pravidla pravidla pravidla pravidla pravidla pravidla pravidla pravidla pravidla pravidla pravidla pravidla pravidla pravidla pravidla pravidla pravidla pravidla pravidla pravidla pravidla pravidla pravidla pravidla pravidla pravidla pravidla pravidla pravidla pravidla pravidla pravidla pravidla pravidla pravidla pravidla pravidla pravidla pravidla pravidla pravidla pravidla pravidla pravidla pravidla pravidla pravidla pravidla pravidla pravidla pravidla pravidla pravidla pravidla pravidla pravidla pravidla pravidla pravidla pravidla pravidla pravidla pravidla pravidla pravidla pravidla pravidla pravidla pravidla pravidla pravidla pravidla pravidla pravidla pravidla pravidla pravidla pravidla pravidla pravidla pravidla pravidla pravidla pravidla pravidla pravidla pravidla pravidla pravidla pravidla pravidla pravidla pravidla pravidla pravidla pravidla pravidla pravidla pravidla pravidla pravidla pravidla pravidla pravidla pravidla pravidla pravidla pravidla pravidla pravidla pravidla pravidla pravidla pravidla pravidla pravidla pravidla pravidla pravidla pravidla pravidla pravidla pravidla pravidla pravidla pravidla pravidla pravidla pravidla pravidla pravidla pravidla pravidla pravidla pravidla pravidla pravidla pravidla pravidla pravidla pravidla pravidla pravidla pravidla pravidla pravidla pravidla pravidla pravidla pravidla pravidla pravidla pravidla pravidla pravidla pravidla pravidla pravidla pravidla pravidla pravidla pravidla pravidla pravidla pravidla pravidla pravidla pravidla pravidla pravidla pravidla pravidla pravidla pravidla pravidla pravidla pravidla pravidla pravidla pravidla pravidla pravidla pravidla pravidla pravidla pravidla pravidla pravidla pravidla pravidla pravidla pravidla pravidla pravidla pravidla pravidla pravidla pravidla pravidla pravidla pravidla pravidla pravidla pravidla pravidla pravidla pravidla pravidla pravidla pravidla pravidla pravidla pravidla pravidla pravidla pravidla pravidla pravidla pravidla pravidla pravidla pravidla pravidla pravidla pravidla pravidla pravidla pravidla pravidla pravidla pravidla pravidla pravidla pravidla pravidla pravidla pravidla pravidla pravidla pravidla pravidla pravidla pravidla pravidla pravidla pravidla pravidla pravidla pravidla pravidla pravidla pravidla pravidla pravidla pravidla pravidla pravidla pravidla pravidla pravidla pravidla pravidla pravidla pravidla pravidla pravidla pravidla pravidla pravidla pravidla pravidla pravidla pravidla pravidla pravidla pravidla pravidla pravidla pravidla pravidla pravidla pravidla pravidla pravidla pravidla pravidla pravidla pravidla pravidla pravidla pravidla pravidla pravidla pravidla pravidla pravidla pravidla pravidla pravidla pravidla pravidla pravidla pravidla pravidla pravidla pravidla pravidla pravidla pravidla pravidla pravidla pravidla pravidla pravidla pravidla pravidla pravidla pravidla pravidla pravidla pravidla pravidla pravidla pravidla pravidla pravidla pravidla pravidla pravidla pravidla pravidla pravidla pravidla pravidla pravidla pravidla pravidla pravidla pravidla pravidla pravidla pravidla pravidla pravidla pravidla pravidla pravidla pravidla pravidla pravidla pravidla pravidla pravidla pravidla pravidla pravidla pravidla pravidla pravidla pravidla pravidla pravidla pravidla pravidla pravidla pravidla pravidla pravidla pravidla pravidla pravidla pravidla pravidla pravidla pravidla pravidla pravidla pravidla pravidla pravidla pravidla pravidla pravidla pravidla pravidla pravidla pravidla pravidla pravidla pravidla pravidla pravidla pravidla pravidla pravidla pravidla pravidla pravidla pravidla pravidla pravidla pravidla pravidla pravidla pravidla pravidla pravidla pravidla pravidla pravidla pravidla pravidla pravidla pravidla pravidla pravidla pravidla pravidla pravidla pravidla pravidla pravidla pravidla pravidla pravidla pravidla pravidla pravidla pravidla pravidla pravidla pravidla pravidla pravidla pravidla pravidla pravidla pravidla pravidla pravidla pravidla pravidla pravidla pravidla pravidla pravidla pravidla pravidla pravidla pravidla pravidla pravidla pravidla pravidla pravidla pravidla pravidla pravidla pravidla pravidla pravidla pravidla pravidla pravidla pravidla pravidla pravidla pravidla pravidla pravidla pravidla pravidla pravidla pravidla pravidla pravidla pravidla pravidla pravidla pravidla pravidla pravidla pravidla pravidla pravidla pravidla pravidla pravidla pravidla pravidla pravidla pravidla pravidla pravidla pravidla pravidla pravidla pravidla pravidla pravidla pravidla pravidla pravidla pravidla pravidla pravidla pravidla pravidla pravidla pravidla pravidla pravidla pravidla pravidla pravidla pravidla pravidla pravidla pravidla pravidla pravidla pravidla pravidla pravidla pravidla pravidla pravidla pravidla pravidla pravidla pravidla pravidla pravidla pravidla pravidla pravidla pravidla pravidla pravidla pravidla pravidla pravidla pravidla pravidla pravidla pravidla pravidla pravidla pravidla pravidla pravidla pravidla pravidla pravidla pravidla pravidla pravidla pravidla pravidla pravidla pravidla pravidla pravidla pravidla pravidla pravidla pravidla pravidla pravidla pravidla pravidla pravidla pravidla pravidla pravidla pravidla pravidla pravidla pravidla pravidla pravidla pravidla pravidla pravidla pravidla pravidla pravidla pravidla pravidla pravidla pravidla pravidla pravidla pravidla pravidla pravidla pravidla pravidla pravidla pravidla pravidla pravidla pravidla pravidla pravidla pravidla pravidla pravidla pravidla pravidla pravidla pravidla pravidla pravidla pravidla pravidla pravidla pravidla pravidla pravidla pravidla pravidla pravidla pravidla pravidla pravidla pravidla pravidla pravidla pravidla pravidla pravidla pravidla pravidla pravidla pravidla pravidla pravidla pravidla pravidla pravidla pravidla pravidla pravidla pravidla pravidla pravidla pravidla pravidla pravidla pravidla pravidla pravidla pravidla pravidla pravidla pravidla pravidla pravidla pravidla pravidla pravidla pravidla pravidla pravidla pravidla pravidla pravidla pravidla pravidla pravidla pravidla pravidla pravidla pravidla pravidla pravidla pravidla pravidla pravidla pravidla pravidla pravidla pravidla pravidla pravidla pravidla pravidla pravidla pravidla pravidla pravidla pravidla pravidla pravidla pravidla pravidla pravidla pravidla pravidla pravidla pravidla pravidla pravidla pravidla pravidla pravidla pravidla pravidla pravidla pravidla pravidla pravidla pravidla pravidla pravidla pravidla pravidla pravidla pravidla pravidla pravidla pravidla pravidla pravidla pravidla pravidla pravidla pravidla pravidla pravidla pravidla pravidla pravidla pravidla pravidla pravidla pravidla pravidla pravidla pravidla pravidla pravidla pravidla pravidla pravidla pravidla pravidla pravidla pravidla pravidla pravidla pravidla pravidla pravidla pravidla pravidla pravidla pravidla pravidla pravidla pravidla pravidla pravidla pravidla pravidla pravidla pravidla pravidla pravidla pravidla pravidla pravidla pravidla pravidla pravidla pravidla pravidla pravidla pravidla pravidla pravidla pravidla pravidla pravidla pravidla pravidla pravidla pravidla pravidla pravidla pravidla pravidla pravidla pravidla pravidla pravidla pravidla pravidla pravidla pravidla pravidla pravidla pravidla pravidla pravidla pravidla pravidla pravidla pravidla pravidla pravidla pravidla pravidla pravidla pravidla pravidla pravidla pravidla pravidla pravidla pravidla pravidla pravidla pravidla pravidla pravidla pravidla pravidla pravidla pravidla pravidla pravidla pravidla pravidla pravidla pravidla pravidla pravidla pravidla pravidla pravidla pravidla pravidla pravidla pravidla pravidla pravidla pravidla pravidla pravidla pravidla pravidla pravidla pravidla pravidla pravidla pravidla pravidla pravidla pravidla pravidla pravidla pravidla pravidla pravidla pravidla pravidla pravidla pravidla pravidla pravidla pravidla pravidla pravidla pravidla pravidla pravidla pravidla pravidla pravidla pravidla pravidla pravidla pravidla pravidla pravidla pravidla pravidla pravidla pravidla pravidla pravidla pravidla pravidla pravidla pravidla pravidla pravidla pravidla pravidla pravidla pravidla pravidla pravidla pravidla pravidla pravidla pravidla pravidla pravidla pravidla pravidla pravidla pravidla pravidla pravidla pravidla pravidla pravidla pravidla pravidla pravidla pravidla pravidla pravidla pravidla pravidla pravidla pravidla pravidla pravidla pravidla pravidla pravidla pravidla pravidla pravidla pravidla pravidla pravidla pravidla pravidla pravidla pravidla pravidla pravidla pravidla pravidla pravidla pravidla pravidla pravidla pravidla pravidla pravidla pravidla pravidla pravidla pravidla pravidla pravidla pravidla pravidla pravidla pravidla pravidla pravidla pravidla pravidla pravidla pravidla pravidla pravidla pravidla pravidla pravidla pravidla pravidla pravidla pravidla pravidla pravidla pravidla pravidla pravidla pravidla pravidla pravidla pravidla pravidla pravidla pravidla pravidla pravidla pravidla pravidla pravidla pravidla pravidla pravidla pravidla pravidla pravidla pravidla pravidla pravidla pravidla pravidla pravidla pravidla pravidla pravidla pravidla pravidla pravidla pravidla pravidla pravidla pravidla pravidla pravidla pravidla pravidla pravidla pravidla pravidla pravidla pravidla pravidla pravidla pravidla pravidla pravidla pravidla pravidla pravidla pravidla pravidla pravidla pravidla pravidla pravidla pravidla pravidla pravidla pravidla pravidla pravidla pravidla pravidla pravidla pravidla pravidla pravidla pravidla pravidla pravidla pravidla pravidla pravidla pravidla pravidla pravidla pravidla pravidla pravidla pravidla pravidla pravidla pravidla pravidla pravidla pravidla pravidla pravidla pravidla pravidla pravidla pravidla pravidla pravidla pravidla pravidla pravidla pravidla pravidla pravidla pravidla pravidla pravidla pravidla pravidla pravidla pravidla pravidla pravidla pravidla pravidla pravidla pravidla pravidla pravidla pravidla pravidla pravidla pravidla pravidla pravidla pravidla pravidla pravidla pravidla pravidla pravidla pravidla pravidla pravidla pravidla pravidla pravidla pravidla pravidla pravidla pravidla pravidla pravidla pravidla pravidla pravidla pravidla pravidla pravidla pravidla pravidla pravidla pravidla pravidla pravidla pravidla pravidla pravidla pravidla pravidla pravidla pravidla pravidla pravidla pravidla pravidla pravidla pravidla pravidla pravidla pravidla pravidla pravidla pravidla pravidla pravidla pravidla pravidla pravidla pravidla pravidla pravidla pravidla pravidla pravidla pravidla pravidla pravidla pravidla pravidla pravidla pravidla pravidla pravidla pravidla pravidla pravidla pravidla pravidla pravidla pravidla pravidla pravidla pravidla pravidla pravidla pravidla pravidla pravidla pravidla pravidla pravidla pravidla pravidla pravidla pravidla pravidla pravidla pravidla pravidla pravidla pravidla pravidla pravidla pravidla pravidla pravidla pravidla pravidla pravidla pravidla pravidla pravidla pravidla pravidla pravidla pravidla pravidla pravidla pravidla pravidla pravidla pravidla pravidla pravidla pravidla pravidla pravidla pravidla pravidla pravidla pravidla pravidla pravidla pravidla pravidla pravidla pravidla pravidla pravidla pravidla pravidla pravidla pravidla pravidla pravidla pravidla pravidla pravidla pravidla pravidla pravidla pravidla pravidla pravidla pravidla pravidla pravidla pravidla pravidla pravidla pravidla pravidla pravidla pravidla pravidla pravidla pravidla pravidla pravidla pravidla pravidla pravidla pravidla pravidla pravidla pravidla pravidla pravidla pravidla pravidla pravidla pravidla pravidla pravidla pravidla pravidla pravidla pravidla pravidla pravidla pravidla pravidla pravidla pravidla pravidla pravidla pravidla pravidla pravidla pravidla pravidla pravidla pravidla pravidla pravidla pravidla pravidla pravidla pravidla pravidla pravidla pravidla pravidla pravidla pravidla pravidla pravidla pravidla pravidla pravidla pravidla pravidla pravidla pravidla pravidla pravidla pravidla pravidla pravidla pravidla pravidla pravidla pravidla pravidla pravidla pravidla pravidla pravidla pravidla pravidla pravidla pravidla pravidla pravidla pravidla pravidla pravidla pravidla pravidla pravidla pravidla pravidla pravidla pravidla pravidla pravidla pravidla pravidla pravidla pravidla pravidla pravidla pravidla pravidla pravidla pravidla pravidla pravidla pravidla pravidla pravidla pravidla pravidla pravidla pravidla pravidla pravidla pravidla pravidla pravidla pravidla pravidla pravidla pravidla pravidla pravidla pravidla pravidla pravidla pravidla pravidla pravidla pravidla pravidla pravidla pravidla pravidla pravidla pravidla pravidla pravidla pravidla pravidla pravidla pravidla pravidla pravidla pravidla pravidla pravidla pravidla pravidla pravidla pravidla pravidla pravidla pravidla pravidla pravidla pravidla pravidla pravidla pravidla pravidla pravidla pravidla pravidla pravidla pravidla pravidla pravidla pravidla pravidla pravidla pravidla pravidla pravidla pravidla pravidla pravidla pravidla pravidla pravidla pravidla pravidla pravidla pravidla pravidla pravidla pravidla pravidla pravidla pravidla pravidla pravidla pravidla pravidla pravidla pravidla pravidla pravidla pravidla pravidla pravidla pravidla pravidla pravidla pravidla pravidla pravidla pravidla pravidla pravidla pravidla pravidla pravidla pravidla pravidla pravidla pravidla pravidla pravidla pravidla pravidla pravidla pravidla pravidla pravidla pravidla pravidla pravidla pravidla pravidla pravidla pravidla pravidla pravidla pravidla pravidla pravidla pravidla pravidla pravidla pravidla pravidla pravidla pravidla pravidla pravidla pravidla pravidla pravidla pravidla pravidla pravidla pravidla pravidla pravidla pravidla pravidla pravidla pravidla pravidla pravidla pravidla pravidla pravidla pravidla pravidla pravidla pravidla pravidla pravidla pravidla pravidla pravidla pravidla pravidla pravidla pravidla pravidla pravidla pravidla pravidla pravidla pravidla pravidla pravidla pravidla pravidla pravidla pravidla pravidla pravidla pravidla pravidla pravidla pravidla pravidla pravidla pravidla pravidla pravidla pravidla pravidla pravidla pravidla pravidla pravidla pravidla pravidla pravidla pravidla pravidla pravidla pravidla pravidla pravidla pravidla pravidla pravidla pravidla pravidla pravidla pravidla pravidla pravidla pravidla pravidla pravidla pravidla pravidla pravidla pravidla pravidla pravidla pravidla pravidla pravidla pravidla pravidla pravidla pravidla pravidla pravidla pravidla pravidla pravidla pravidla pravidla pravidla pravidla pravidla pravidla pravidla pravidla pravidla pravidla pravidla pravidla pravidla pravidla pravidla pravidla pravidla pravidla pravidla pravidla pravidla pravidla pravidla pravidla pravidla pravidla pravidla pravidla pravidla pravidla pravidla pravidla pravidla pravidla pravidla pravidla pravidla pravidla pravidla pravidla pravidla pravidla pravidla pravidla pravidla pravidla pravidla pravidla pravidla pravidla pravidla pravidla pravidla pravidla pravidla pravidla pravidla pravidla pravidla pravidla pravidla pravidla pravidla pravidla pravidla pravidla pravidla pravidla pravidla pravidla pravidla pravidla pravidla pravidla pravidla pravidla pravidla pravidla pravidla pravidla pravidla pravidla pravidla pravidla pravidla pravidla pravidla pravidla pravidla pravidla pravidla pravidla pravidla pravidla pravidla pravidla pravidla pravidla pravidla pravidla pravidla pravidla pravidla pravidla pravidla pravidla pravidla pravidla pravidla pravidla pravidla pravidla pravidla pravidla pravidla pravidla pravidla pravidla pravidla pravidla pravidla pravidla pravidla pravidla pravidla pravidla pravidla pravidla pravidla pravidla pravidla pravidla pravidla pravidla pravidla pravidla pravidla pravidla pravidla pravidla pravidla pravidla pravidla pravidla pravidla pravidla pravidla pravidla pravidla pravidla pravidla pravidla pravidla pravidla pravidla pravidla pravidla pravidla pravidla pravidla pravidla pravidla pravidla pravidla pravidla pravidla pravidla pravidla pravidla pravidla pravidla pravidla pravidla pravidla pravidla pravidla pravidla pravidla pravidla pravidla pravidla pravidla pravidla pravidla pravidla pravidla pravidla pravidla pravidla pravidla pravidla pravidla pravidla pravidla pravidla pravidla pravidla pravidla pravidla pravidla pravidla pravidla pravidla pravidla pravidla pravidla pravidla pravidla pravidla pravidla pravidla pravidla pravidla pravidla pravidla pravidla pravidla pravidla pravidla pravidla pravidla pravidla pravidla pravidla pravidla pravidla pravidla pravidla pravidla pravidla pravidla pravidla pravidla pravidla pravidla pravidla pravidla pravidla pravidla pravidla pravidla pravidla pravidla pravidla pravidla pravidla pravidla pravidla pravidla pravidla pravidla pravidla pravidla pravidla pravidla pravidla pravidla pravidla pravidla pravidla pravidla pravidla pravidla pravidla pravidla pravidla pravidla pravidla pravidla pravidla pravidla pravidla pravidla pravidla pravidla pravidla pravidla pravidla pravidla pravidla pravidla pravidla pravidla pravidla pravidla pravidla pravidla pravidla pravidla pravidla pravidla pravidla pravidla pravidla pravidla pravidla pravidla pravidla pravidla pravidla pravidla pravidla pravidla pravidla pravidla pravidla pravidla pravidla pravidla pravidla pravidla pravidla pravidla pravidla pravidla pravidla pravidla pravidla pravidla pravidla pravidla pravidla pravidla pravidla pravidla pravidla pravidla pravidla pravidla pravidla pravidla pravidla pravidla pravidla pravidla pravidla pravidla pravidla pravidla pravidla pravidla pravidla pravidla pravidla pravidla pravidla pravidla pravidla pravidla pravidla pravidla pravidla pravidla pravidla pravidla pravidla pravidla pravidla pravidla pravidla pravidla pravidla pravidla pravidla pravidla pravidla pravidla pravidla pravidla pravidla pravidla pravidla pravidla pravidla pravidla pravidla pravidla pravidla pravidla pravidla pravidla pravidla pravidla pravidla pravidla pravidla pravidla pravidla pravidla pravidla pravidla pravidla pravidla pravidla pravidla pravidla pravidla pravidla pravidla pravidla pravidla pravidla pravidla pravidla pravidla pravidla pravidla pravidla pravidla pravidla pravidla pravidla pravidla pravidla pravidla pravidla pravidla pravidla pravidla pravidla pravidla pravidla pravidla pravidla pravidla pravidla pravidla pravidla pravidla pravidla pravidla pravidla pravidla pravidla pravidla pravidla pravidla pravidla pravidla pravidla pravidla pravidla pravidla pravidla pravidla pravidla pravidla pravidla pravidla pravidla pravidla pravidla pravidla pravidla pravidla pravidla pravidla pravidla pravidla pravidla pravidla pravidla pravidla pravidla pravidla pravidla pravidla pravidla pravidla pravidla pravidla pravidla pravidla pravidla pravidla pravidla pravidla pravidla pravidla pravidla pravidla pravidla pravidla pravidla pravidla pravidla pravidla pravidla pravidla pravidla pravidla pravidla pravidla pravidla pravidla pravidla pravidla pravidla pravidla pravidla pravidla pravidla pravidla pravidla pravidla pravidla pravidla pravidla pravidla pravidla pravidla
MTX201501307_anon,16,1,16,16
MTX201501307_anon,16,1,"Obecně lze konstatovat, že od konce 15. stol. do poloviny 16. stol, dochází",pravidla pravidla pravidla pravidla pravidla pravidla pravidla
MTX201501307_anon,16,2,"k výrazným proměnám keramiky. Jedná se jak o tvarové, tak i o technologické změny.",pravidla pravidla pravidla pravidla pravidla
MTX201501307_anon,16,3,"Keramická hlína se stává jemnější s menší, nebo žádnou příměsí kamínků a tzv. ostřiva.",pravidla pravidla pravidla pravidla pravidla pravidla
MTX201501307_anon,16,4,Ostřivo se především uplatňuje u větších nádob se silnějšími stěnami. Spolu s keramickou,pravidla pravidla pravidla pravidla pravidla
MTX201501307_anon,16,5,"hmotou se mění tvar nádob, kdy se maximální výduť z horní třetiny nádoby přesouvá do její",pravidla pravidla pravidla pravidla pravidla pravidla pravidla pravidla pravidla
MTX201501307_anon,16,6,"přibližné poloviny a stěny bývají tenčí (Pajer 1983, 21; Vařeka 2008, 41). Kromě nádob,",pravidla pravidla pravidla pravidla pravidla pravidla pravidla
MTX201501307_anon,16,7,"které byly běžné již ve středověku (např. hrnce s pokličkami, džbány, trojnožky aj.) se",pravidla pravidla pravidla pravidla pravidla pravidla
MTX201501307_anon,16,8,začínají objevovat a rozšiřovat nové keramické tvary. Především se jedná o mísy s talířovitým,pravidla pravidla pravidla pravidla pravidla pravidla
MTX201501307_anon,16,9,"podokrajím a během 2. pol. 16. stol i první talířovité tvary. Dále se objevují velké pánve,",pravidla pravidla pravidla pravidla pravidla pravidla
MTX201501307_anon,16,10,"smetaníky, nebo pekáče (Pajer 1983, 23; Vařeka 2008, 42). V tomto období se vedle běžně",pravidla pravidla pravidla pravidla pravidla pravidla
MTX201501307_anon,16,11,užívané režné a zakuřované keramiky začíná čím dál častěji uplatňovat i keramika glazovaná,pravidla pravidla pravidla pravidla pravidla
MTX201501307_anon,16,12,(polévaná). Ruku v ruce s těmito změnami se objevují i nové výzdobné techniky jako,pravidla pravidla
MTX201501307_anon,16,13,"malování hlinkami (na režný střep, nebo na nástřepí), či užití více rozdílných glazur současně",pravidla pravidla pravidla pravidla pravidla pravidla pravidla pravidla pravidla
MTX201501307_anon,16,14,"na jedné nádobě (např. flamování, zapouštění, nebo pigmentace) (Vařeka 2008, 42).",pravidla pravidla pravidla pravidla
MTX201501307_anon,16,15,S příchodem a rozvojem nových technik ovšem zanikají některé starší výzdobné motivy jako,pravidla pravidla pravidla pravidla pravidla pravidla
MTX201501307_anon,16,16,"radélkování, nebo rýhování (Pajer 1983, 59, 64).",pravidla pravidla pravidla pravidla
MTX201501307_anon,16,17,Mimo zlomky nádob byl získán i soubor fragmentů renesančních kachlů. Tento nález,pravidla pravidla pravidla pravidla pravidla pravidla pravidla
MTX201501307_anon,16,18,"dokládá proměnu obytné části vesnického domu, kdy starší pece s provozem otevřeným do",pravidla pravidla pravidla pravidla pravidla pravidla pravidla
MTX201501307_anon,16,19,obytné místnosti nahrazují kachlová kamna (často kombinovaná s pecí) s provozním,pravidla pravidla pravidla pravidla pravidla
MTX201501307_anon,16,20,prostorem situovaným zpravidla do přilehlé síně. Tím se mění podoba i kvalita bydlení. Na,pravidla pravidla pravidla pravidla pravidla pravidla pravidla
MTX201501307_anon,16,21,"našem území dochází ke zmiňované proměně většinou v průběhu 16. stol. (Vařeka 2008, 41).",pravidla pravidla pravidla pravidla pravidla pravidla
MTX201501307_anon,16,22,"V sondě č. 4 (SJ 125) byl nalezen zlomek kachle, jehož čelní vyhřívací stěnu zdobí",pravidla pravidla pravidla pravidla pravidla pravidla pravidla pravidla
MTX201501307_anon,16,23,geometrický ornament doplněný rostlinným motivem (Příloha: obr. č. 19; tab. č. 1). Tato,pravidla pravidla pravidla pravidla pravidla
MTX201501307_anon,16,24,výzdoba byla ve zdejším kraji velice oblíbená. Podobný motiv (Přííloha: obr. č. 26) byl,pravidla pravidla pravidla pravidla pravidla pravidla
MTX201501307_anon,16,25,nalezen v obci Bukovník (okres Brod nad Lučinou) při archeologickém výzkumu,pravidla pravidla pravidla pravidla pravidla
MTX201501307_anon,16,26,"provedeném v letech 2012 - 2013 (Hušták 2014, 14), nebo v obci Blažejovice u Rozsoch",pravidla pravidla pravidla pravidla pravidla pravidla pravidla
MTX201501307_anon,16,27,"(okres Brod nad Lučinou) při výzkumu v r. 2014 (Příloha: obr. č. 27; Marek 2014, 10).",pravidla pravidla pravidla pravidla pravidla pravidla pravidla pravidla pravidla pravidla pravidla pravidla pravidla pravidla pravidla pravidla pravidla pravidla pravidla pravidla pravidla pravidla pravidla pravidla pravidla pravidla pravidla pravidla pravidla pravidla pravidla pravidla pravidla pravidla pravidla pravidla pravidla pravidla pravidla pravidla pravidla pravidla pravidla pravidla pravidla pravidla pravidla pravidla pravidla pravidla pravidla pravidla pravidla pravidla pravidla pravidla pravidla pravidla pravidla pravidla pravidla pravidla pravidla pravidla pravidla pravidla pravidla pravidla pravidla pravidla pravidla pravidla pravidla pravidla pravidla pravidla pravidla pravidla pravidla pravidla pravidla pravidla pravidla pravidla pravidla pravidla pravidla pravidla pravidla pravidla pravidla pravidla pravidla pravidla pravidla pravidla pravidla pravidla pravidla pravidla pravidla pravidla pravidla pravidla pravidla pravidla pravidla pravidla pravidla pravidla pravidla pravidla pravidla pravidla pravidla pravidla pravidla pravidla pravidla pravidla pravidla pravidla pravidla pravidla pravidla pravidla pravidla pravidla pravidla pravidla pravidla pravidla pravidla pravidla pravidla pravidla pravidla pravidla pravidla pravidla pravidla pravidla pravidla pravidla pravidla pravidla pravidla pravidla pravidla pravidla pravidla pravidla pravidla pravidla pravidla pravidla pravidla pravidla pravidla pravidla pravidla pravidla pravidla pravidla pravidla pravidla pravidla pravidla pravidla pravidla pravidla pravidla pravidla pravidla pravidla pravidla pravidla pravidla pravidla pravidla pravidla pravidla pravidla pravidla pravidla pravidla pravidla pravidla pravidla pravidla pravidla pravidla pravidla pravidla pravidla pravidla pravidla pravidla pravidla pravidla pravidla pravidla pravidla pravidla pravidla pravidla pravidla pravidla pravidla pravidla pravidla pravidla pravidla pravidla pravidla pravidla pravidla pravidla pravidla pravidla pravidla pravidla pravidla pravidla pravidla pravidla pravidla pravidla pravidla pravidla pravidla pravidla pravidla pravidla pravidla pravidla pravidla pravidla pravidla pravidla pravidla pravidla pravidla pravidla pravidla pravidla pravidla pravidla pravidla pravidla pravidla pravidla pravidla pravidla pravidla pravidla pravidla pravidla pravidla pravidla pravidla pravidla pravidla pravidla pravidla pravidla pravidla pravidla pravidla pravidla pravidla pravidla pravidla pravidla pravidla pravidla pravidla pravidla pravidla pravidla pravidla pravidla pravidla pravidla pravidla pravidla pravidla pravidla pravidla pravidla pravidla pravidla pravidla pravidla pravidla pravidla pravidla pravidla pravidla pravidla pravidla pravidla pravidla pravidla pravidla pravidla pravidla pravidla pravidla pravidla pravidla pravidla pravidla pravidla pravidla pravidla pravidla pravidla pravidla pravidla pravidla pravidla pravidla pravidla pravidla pravidla pravidla pravidla pravidla pravidla pravidla pravidla pravidla pravidla pravidla pravidla pravidla pravidla pravidla pravidla pravidla pravidla pravidla pravidla pravidla pravidla pravidla pravidla pravidla pravidla pravidla pravidla pravidla pravidla pravidla pravidla pravidla pravidla pravidla pravidla pravidla pravidla pravidla pravidla pravidla pravidla pravidla pravidla pravidla pravidla pravidla pravidla pravidla pravidla pravidla pravidla pravidla pravidla pravidla pravidla pravidla pravidla pravidla pravidla pravidla pravidla pravidla pravidla pravidla pravidla pravidla pravidla pravidla pravidla pravidla pravidla pravidla pravidla pravidla pravidla pravidla pravidla pravidla pravidla pravidla pravidla pravidla pravidla pravidla pravidla pravidla pravidla pravidla pravidla pravidla pravidla pravidla pravidla pravidla pravidla pravidla pravidla pravidla pravidla pravidla pravidla pravidla pravidla pravidla pravidla pravidla pravidla pravidla pravidla pravidla pravidla pravidla pravidla pravidla pravidla pravidla pravidla pravidla pravidla pravidla pravidla pravidla pravidla pravidla pravidla pravidla pravidla pravidla pravidla pravidla pravidla pravidla pravidla pravidla pravidla pravidla pravidla pravidla pravidla pravidla pravidla pravidla pravidla pravidla pravidla pravidla pravidla pravidla pravidla pravidla pravidla pravidla pravidla pravidla pravidla pravidla pravidla pravidla pravidla pravidla pravidla pravidla pravidla pravidla pravidla pravidla pravidla pravidla pravidla pravidla pravidla pravidla pravidla pravidla pravidla pravidla pravidla pravidla pravidla pravidla pravidla pravidla pravidla pravidla pravidla pravidla pravidla pravidla pravidla pravidla pravidla pravidla pravidla pravidla pravidla pravidla pravidla pravidla pravidla pravidla pravidla pravidla pravidla pravidla pravidla pravidla pravidla pravidla pravidla pravidla pravidla pravidla pravidla pravidla pravidla pravidla pravidla pravidla pravidla pravidla pravidla pravidla pravidla pravidla pravidla pravidla pravidla pravidla pravidla pravidla pravidla pravidla pravidla pravidla pravidla pravidla pravidla pravidla pravidla pravidla pravidla pravidla pravidla pravidla pravidla pravidla pravidla pravidla pravidla pravidla pravidla pravidla pravidla pravidla pravidla pravidla pravidla pravidla pravidla pravidla pravidla pravidla pravidla pravidla pravidla pravidla pravidla pravidla pravidla pravidla pravidla pravidla pravidla pravidla pravidla pravidla pravidla pravidla pravidla pravidla pravidla pravidla pravidla pravidla pravidla pravidla pravidla pravidla pravidla pravidla pravidla pravidla pravidla pravidla pravidla pravidla pravidla pravidla pravidla pravidla pravidla pravidla pravidla pravidla pravidla pravidla pravidla pravidla pravidla pravidla pravidla pravidla pravidla pravidla pravidla pravidla pravidla pravidla pravidla pravidla pravidla pravidla pravidla pravidla pravidla pravidla pravidla pravidla pravidla pravidla pravidla pravidla pravidla pravidla pravidla pravidla pravidla pravidla pravidla pravidla pravidla pravidla pravidla pravidla pravidla pravidla pravidla pravidla pravidla pravidla pravidla pravidla pravidla pravidla pravidla pravidla pravidla pravidla pravidla pravidla pravidla pravidla pravidla pravidla pravidla pravidla pravidla pravidla pravidla pravidla pravidla pravidla pravidla pravidla pravidla pravidla pravidla pravidla pravidla pravidla pravidla pravidla pravidla pravidla pravidla pravidla pravidla pravidla pravidla pravidla pravidla pravidla pravidla pravidla pravidla pravidla pravidla pravidla pravidla pravidla pravidla pravidla pravidla pravidla pravidla pravidla pravidla pravidla pravidla pravidla pravidla pravidla pravidla pravidla pravidla pravidla pravidla pravidla pravidla pravidla pravidla pravidla pravidla pravidla pravidla pravidla pravidla pravidla pravidla pravidla pravidla pravidla pravidla pravidla pravidla pravidla pravidla pravidla pravidla pravidla pravidla pravidla pravidla pravidla pravidla pravidla pravidla pravidla pravidla pravidla pravidla pravidla pravidla pravidla pravidla pravidla pravidla pravidla pravidla pravidla pravidla pravidla pravidla pravidla pravidla pravidla pravidla pravidla pravidla pravidla pravidla pravidla pravidla pravidla pravidla pravidla pravidla pravidla pravidla pravidla pravidla pravidla pravidla pravidla pravidla pravidla pravidla pravidla pravidla pravidla pravidla pravidla pravidla pravidla pravidla pravidla pravidla pravidla pravidla pravidla pravidla pravidla pravidla pravidla pravidla pravidla pravidla pravidla pravidla pravidla pravidla pravidla pravidla pravidla pravidla pravidla pravidla pravidla pravidla pravidla pravidla pravidla pravidla pravidla pravidla pravidla pravidla pravidla pravidla pravidla pravidla pravidla pravidla pravidla pravidla pravidla pravidla pravidla pravidla pravidla pravidla pravidla pravidla pravidla pravidla pravidla pravidla pravidla pravidla pravidla pravidla pravidla pravidla pravidla pravidla pravidla pravidla pravidla pravidla pravidla pravidla pravidla pravidla pravidla pravidla pravidla pravidla pravidla pravidla pravidla pravidla pravidla pravidla pravidla pravidla pravidla pravidla pravidla pravidla pravidla pravidla pravidla pravidla pravidla pravidla pravidla pravidla pravidla pravidla pravidla pravidla pravidla pravidla pravidla pravidla pravidla pravidla pravidla pravidla pravidla pravidla pravidla pravidla pravidla pravidla pravidla pravidla pravidla pravidla pravidla pravidla pravidla pravidla pravidla pravidla pravidla pravidla pravidla pravidla pravidla pravidla pravidla pravidla pravidla pravidla pravidla pravidla pravidla pravidla pravidla pravidla pravidla pravidla pravidla pravidla pravidla pravidla pravidla pravidla pravidla pravidla pravidla pravidla pravidla pravidla pravidla pravidla pravidla pravidla pravidla pravidla pravidla pravidla pravidla pravidla pravidla pravidla pravidla pravidla pravidla pravidla pravidla pravidla pravidla pravidla pravidla pravidla pravidla pravidla pravidla pravidla pravidla pravidla pravidla pravidla pravidla pravidla pravidla pravidla pravidla pravidla pravidla pravidla pravidla pravidla pravidla pravidla pravidla pravidla pravidla pravidla pravidla pravidla pravidla pravidla pravidla pravidla pravidla pravidla pravidla pravidla pravidla pravidla pravidla pravidla pravidla pravidla pravidla pravidla pravidla pravidla pravidla pravidla pravidla pravidla pravidla pravidla pravidla pravidla pravidla pravidla pravidla pravidla pravidla pravidla pravidla pravidla pravidla pravidla pravidla pravidla pravidla pravidla pravidla pravidla pravidla pravidla pravidla pravidla pravidla pravidla pravidla pravidla pravidla pravidla pravidla pravidla pravidla pravidla pravidla pravidla pravidla pravidla pravidla pravidla pravidla pravidla pravidla pravidla pravidla pravidla pravidla pravidla pravidla pravidla pravidla pravidla pravidla pravidla pravidla pravidla pravidla pravidla pravidla pravidla pravidla pravidla pravidla pravidla pravidla pravidla pravidla pravidla pravidla pravidla pravidla pravidla pravidla pravidla pravidla pravidla pravidla pravidla pravidla pravidla pravidla pravidla pravidla pravidla pravidla pravidla pravidla pravidla pravidla pravidla pravidla pravidla pravidla pravidla pravidla pravidla pravidla pravidla pravidla pravidla pravidla pravidla pravidla pravidla pravidla pravidla pravidla pravidla pravidla pravidla pravidla pravidla pravidla pravidla pravidla pravidla pravidla pravidla pravidla pravidla pravidla pravidla pravidla pravidla pravidla pravidla pravidla pravidla pravidla pravidla pravidla pravidla pravidla pravidla pravidla pravidla pravidla pravidla pravidla pravidla pravidla pravidla pravidla pravidla pravidla pravidla pravidla pravidla pravidla pravidla pravidla pravidla pravidla pravidla pravidla pravidla pravidla pravidla pravidla pravidla pravidla pravidla pravidla pravidla pravidla pravidla pravidla pravidla pravidla pravidla pravidla pravidla pravidla pravidla pravidla pravidla pravidla pravidla pravidla pravidla pravidla pravidla pravidla pravidla pravidla pravidla pravidla pravidla pravidla pravidla pravidla pravidla pravidla pravidla pravidla pravidla pravidla pravidla pravidla pravidla pravidla pravidla pravidla pravidla pravidla pravidla pravidla pravidla pravidla pravidla pravidla pravidla pravidla pravidla pravidla pravidla pravidla pravidla pravidla pravidla pravidla pravidla pravidla pravidla pravidla pravidla pravidla pravidla pravidla pravidla pravidla pravidla pravidla pravidla pravidla pravidla pravidla pravidla pravidla pravidla pravidla pravidla pravidla pravidla pravidla pravidla pravidla pravidla pravidla pravidla pravidla pravidla pravidla pravidla pravidla pravidla pravidla pravidla pravidla pravidla pravidla pravidla pravidla pravidla pravidla pravidla pravidla pravidla pravidla pravidla pravidla pravidla pravidla pravidla pravidla pravidla pravidla pravidla pravidla pravidla pravidla pravidla pravidla pravidla pravidla pravidla pravidla pravidla pravidla pravidla pravidla pravidla pravidla pravidla pravidla pravidla pravidla pravidla pravidla pravidla pravidla pravidla pravidla pravidla pravidla pravidla pravidla pravidla pravidla pravidla pravidla pravidla pravidla pravidla pravidla pravidla pravidla pravidla pravidla pravidla pravidla pravidla pravidla pravidla pravidla pravidla pravidla pravidla pravidla pravidla pravidla pravidla pravidla pravidla pravidla pravidla pravidla pravidla pravidla pravidla pravidla pravidla pravidla pravidla pravidla pravidla pravidla pravidla pravidla pravidla pravidla pravidla pravidla pravidla pravidla pravidla pravidla pravidla pravidla pravidla pravidla pravidla pravidla pravidla pravidla pravidla pravidla pravidla pravidla pravidla pravidla pravidla pravidla pravidla pravidla pravidla pravidla pravidla pravidla pravidla pravidla pravidla pravidla pravidla pravidla pravidla pravidla pravidla pravidla pravidla pravidla pravidla pravidla pravidla pravidla pravidla pravidla pravidla pravidla pravidla pravidla pravidla pravidla pravidla pravidla pravidla pravidla pravidla pravidla pravidla pravidla pravidla pravidla pravidla pravidla pravidla pravidla pravidla pravidla pravidla pravidla pravidla pravidla pravidla pravidla pravidla pravidla pravidla pravidla pravidla pravidla pravidla pravidla pravidla pravidla pravidla pravidla pravidla pravidla pravidla pravidla pravidla pravidla pravidla pravidla pravidla pravidla pravidla pravidla pravidla pravidla pravidla pravidla pravidla pravidla pravidla pravidla pravidla pravidla pravidla pravidla pravidla pravidla pravidla pravidla pravidla pravidla pravidla pravidla pravidla pravidla pravidla pravidla pravidla pravidla pravidla pravidla pravidla pravidla pravidla pravidla pravidla pravidla pravidla pravidla pravidla pravidla pravidla pravidla pravidla pravidla pravidla pravidla pravidla pravidla pravidla pravidla pravidla pravidla pravidla pravidla pravidla pravidla pravidla pravidla pravidla pravidla pravidla pravidla pravidla pravidla pravidla pravidla pravidla pravidla pravidla pravidla pravidla pravidla pravidla pravidla pravidla pravidla pravidla pravidla pravidla pravidla pravidla pravidla pravidla pravidla pravidla pravidla pravidla pravidla pravidla pravidla pravidla pravidla pravidla pravidla pravidla pravidla pravidla pravidla pravidla pravidla pravidla pravidla pravidla pravidla pravidla pravidla pravidla pravidla pravidla pravidla pravidla pravidla pravidla pravidla pravidla pravidla pravidla pravidla pravidla pravidla pravidla pravidla pravidla pravidla pravidla pravidla pravidla pravidla pravidla pravidla pravidla pravidla pravidla pravidla pravidla pravidla pravidla pravidla pravidla pravidla pravidla pravidla pravidla pravidla pravidla pravidla pravidla pravidla pravidla pravidla pravidla pravidla pravidla pravidla pravidla pravidla pravidla pravidla pravidla pravidla pravidla pravidla pravidla pravidla pravidla pravidla pravidla pravidla pravidla pravidla pravidla pravidla pravidla pravidla pravidla pravidla pravidla pravidla pravidla pravidla pravidla pravidla pravidla pravidla pravidla pravidla pravidla pravidla pravidla pravidla pravidla pravidla pravidla pravidla pravidla pravidla pravidla pravidla pravidla pravidla pravidla pravidla pravidla pravidla pravidla pravidla pravidla pravidla pravidla pravidla pravidla pravidla pravidla pravidla pravidla pravidla pravidla pravidla pravidla pravidla pravidla pravidla pravidla pravidla pravidla pravidla pravidla pravidla pravidla pravidla pravidla pravidla pravidla pravidla pravidla pravidla pravidla pravidla pravidla pravidla pravidla pravidla pravidla pravidla pravidla pravidla pravidla pravidla pravidla pravidla pravidla pravidla pravidla pravidla pravidla pravidla pravidla pravidla pravidla pravidla pravidla pravidla pravidla pravidla pravidla pravidla pravidla pravidla pravidla pravidla pravidla pravidla pravidla pravidla pravidla pravidla pravidla pravidla pravidla pravidla pravidla pravidla pravidla pravidla pravidla pravidla pravidla pravidla pravidla pravidla pravidla pravidla pravidla pravidla pravidla pravidla pravidla pravidla pravidla pravidla pravidla pravidla pravidla pravidla pravidla pravidla pravidla pravidla pravidla pravidla pravidla pravidla pravidla pravidla pravidla pravidla pravidla pravidla pravidla pravidla pravidla pravidla pravidla pravidla pravidla pravidla pravidla pravidla pravidla pravidla pravidla pravidla pravidla pravidla pravidla pravidla pravidla pravidla pravidla pravidla pravidla pravidla pravidla pravidla pravidla pravidla pravidla pravidla pravidla pravidla pravidla pravidla pravidla pravidla pravidla pravidla pravidla pravidla pravidla pravidla pravidla pravidla pravidla pravidla pravidla pravidla pravidla pravidla pravidla pravidla pravidla pravidla pravidla pravidla pravidla pravidla pravidla pravidla pravidla pravidla pravidla pravidla pravidla pravidla pravidla pravidla pravidla pravidla pravidla pravidla pravidla pravidla pravidla pravidla pravidla pravidla pravidla pravidla pravidla pravidla pravidla pravidla pravidla pravidla pravidla pravidla pravidla pravidla pravidla pravidla pravidla pravidla pravidla pravidla pravidla pravidla pravidla pravidla pravidla pravidla pravidla pravidla pravidla pravidla pravidla pravidla pravidla pravidla pravidla pravidla pravidla pravidla pravidla pravidla pravidla pravidla pravidla pravidla pravidla pravidla pravidla pravidla pravidla pravidla pravidla pravidla pravidla pravidla pravidla pravidla pravidla pravidla pravidla pravidla pravidla pravidla pravidla pravidla pravidla pravidla pravidla pravidla pravidla pravidla pravidla pravidla pravidla pravidla pravidla pravidla pravidla pravidla pravidla pravidla pravidla pravidla pravidla pravidla pravidla pravidla pravidla pravidla pravidla pravidla pravidla pravidla pravidla pravidla pravidla pravidla pravidla pravidla pravidla pravidla pravidla pravidla pravidla pravidla pravidla pravidla pravidla pravidla pravidla pravidla pravidla pravidla pravidla pravidla pravidla pravidla pravidla pravidla pravidla pravidla pravidla pravidla pravidla pravidla pravidla pravidla pravidla pravidla pravidla pravidla pravidla pravidla pravidla pravidla pravidla pravidla pravidla pravidla pravidla pravidla pravidla pravidla pravidla pravidla pravidla pravidla pravidla pravidla pravidla pravidla pravidla pravidla pravidla pravidla pravidla pravidla pravidla pravidla pravidla pravidla pravidla pravidla pravidla pravidla pravidla pravidla pravidla pravidla pravidla pravidla pravidla pravidla pravidla pravidla pravidla pravidla pravidla pravidla pravidla pravidla pravidla pravidla pravidla pravidla pravidla pravidla pravidla pravidla pravidla pravidla pravidla pravidla pravidla pravidla pravidla pravidla pravidla pravidla pravidla pravidla pravidla pravidla pravidla pravidla pravidla pravidla pravidla pravidla pravidla pravidla pravidla pravidla pravidla pravidla pravidla pravidla pravidla pravidla pravidla pravidla pravidla pravidla pravidla pravidla pravidla pravidla pravidla pravidla pravidla pravidla pravidla pravidla pravidla pravidla pravidla pravidla pravidla pravidla pravidla pravidla pravidla pravidla pravidla pravidla pravidla pravidla pravidla pravidla pravidla pravidla pravidla pravidla pravidla pravidla pravidla pravidla pravidla pravidla pravidla pravidla pravidla pravidla pravidla pravidla pravidla pravidla pravidla pravidla pravidla pravidla pravidla pravidla pravidla pravidla pravidla pravidla pravidla pravidla pravidla pravidla pravidla pravidla pravidla pravidla pravidla pravidla pravidla pravidla pravidla pravidla pravidla pravidla pravidla pravidla pravidla pravidla pravidla pravidla pravidla pravidla pravidla pravidla pravidla pravidla pravidla pravidla pravidla pravidla pravidla pravidla pravidla pravidla pravidla pravidla pravidla pravidla pravidla pravidla pravidla pravidla pravidla pravidla pravidla pravidla pravidla pravidla pravidla pravidla pravidla pravidla pravidla pravidla pravidla pravidla pravidla pravidla pravidla pravidla pravidla pravidla pravidla pravidla pravidla pravidla pravidla pravidla pravidla pravidla pravidla pravidla pravidla pravidla pravidla pravidla pravidla pravidla pravidla pravidla pravidla pravidla pravidla pravidla pravidla pravidla pravidla pravidla pravidla pravidla pravidla pravidla pravidla pravidla pravidla pravidla pravidla pravidla pravidla pravidla pravidla pravidla pravidla pravidla pravidla pravidla pravidla pravidla pravidla pravidla pravidla pravidla pravidla pravidla pravidla pravidla pravidla pravidla pravidla pravidla pravidla pravidla pravidla pravidla pravidla pravidla pravidla pravidla pravidla pravidla pravidla pravidla pravidla pravidla pravidla pravidla pravidla pravidla pravidla pravidla pravidla pravidla pravidla pravidla pravidla pravidla pravidla pravidla pravidla pravidla pravidla pravidla pravidla pravidla pravidla pravidla pravidla pravidla pravidla pravidla pravidla pravidla pravidla pravidla pravidla pravidla pravidla pravidla pravidla pravidla pravidla pravidla pravidla pravidla pravidla pravidla pravidla pravidla pravidla pravidla pravidla pravidla pravidla pravidla pravidla pravidla pravidla pravidla pravidla pravidla pravidla pravidla pravidla pravidla pravidla pravidla pravidla pravidla pravidla pravidla pravidla pravidla pravidla pravidla pravidla pravidla pravidla pravidla pravidla pravidla pravidla pravidla pravidla pravidla pravidla pravidla pravidla pravidla pravidla pravidla pravidla pravidla pravidla pravidla pravidla pravidla pravidla pravidla pravidla pravidla pravidla pravidla pravidla pravidla pravidla pravidla pravidla pravidla pravidla pravidla pravidla pravidla pravidla pravidla pravidla pravidla pravidla pravidla pravidla pravidla pravidla pravidla pravidla pravidla pravidla pravidla pravidla pravidla pravidla pravidla pravidla pravidla pravidla pravidla pravidla pravidla pravidla pravidla pravidla pravidla pravidla pravidla pravidla pravidla pravidla pravidla pravidla pravidla pravidla pravidla pravidla pravidla pravidla pravidla pravidla pravidla pravidla pravidla pravidla pravidla pravidla pravidla pravidla pravidla pravidla pravidla pravidla pravidla pravidla pravidla pravidla pravidla pravidla pravidla pravidla pravidla pravidla pravidla pravidla pravidla pravidla pravidla pravidla pravidla pravidla pravidla pravidla pravidla pravidla pravidla pravidla pravidla pravidla pravidla pravidla pravidla pravidla pravidla pravidla pravidla pravidla pravidla pravidla pravidla pravidla pravidla pravidla pravidla pravidla pravidla pravidla pravidla pravidla pravidla pravidla pravidla pravidla pravidla pravidla pravidla pravidla pravidla pravidla pravidla pravidla pravidla pravidla pravidla pravidla pravidla pravidla pravidla pravidla pravidla pravidla pravidla pravidla pravidla pravidla pravidla pravidla pravidla pravidla pravidla pravidla pravidla pravidla pravidla pravidla pravidla pravidla pravidla pravidla pravidla pravidla pravidla pravidla pravidla pravidla pravidla pravidla pravidla pravidla pravidla pravidla pravidla pravidla pravidla pravidla pravidla pravidla pravidla pravidla pravidla pravidla pravidla pravidla pravidla pravidla pravidla pravidla pravidla pravidla pravidla pravidla pravidla pravidla pravidla pravidla pravidla pravidla pravidla pravidla pravidla pravidla pravidla pravidla pravidla pravidla pravidla pravidla pravidla pravidla pravidla pravidla pravidla pravidla pravidla pravidla pravidla pravidla pravidla pravidla pravidla pravidla pravidla pravidla pravidla pravidla pravidla pravidla pravidla pravidla pravidla pravidla pravidla pravidla pravidla pravidla pravidla pravidla pravidla pravidla pravidla pravidla pravidla pravidla pravidla pravidla pravidla pravidla pravidla pravidla pravidla pravidla pravidla pravidla pravidla pravidla pravidla pravidla pravidla pravidla pravidla pravidla pravidla pravidla pravidla pravidla pravidla pravidla pravidla pravidla pravidla pravidla pravidla pravidla pravidla pravidla pravidla pravidla pravidla pravidla pravidla pravidla pravidla pravidla pravidla pravidla pravidla pravidla pravidla pravidla pravidla pravidla pravidla pravidla pravidla pravidla pravidla pravidla pravidla pravidla pravidla pravidla pravidla pravidla pravidla pravidla pravidla pravidla pravidla pravidla pravidla pravidla pravidla pravidla pravidla pravidla pravidla pravidla pravidla pravidla pravidla pravidla pravidla pravidla pravidla pravidla pravidla pravidla pravidla pravidla pravidla pravidla pravidla pravidla pravidla pravidla pravidla pravidla pravidla pravidla pravidla pravidla pravidla pravidla pravidla pravidla pravidla pravidla pravidla pravidla pravidla pravidla pravidla pravidla pravidla pravidla pravidla pravidla pravidla pravidla pravidla pravidla pravidla pravidla pravidla pravidla pravidla pravidla pravidla pravidla pravidla pravidla pravidla pravidla pravidla pravidla pravidla pravidla pravidla pravidla pravidla pravidla pravidla pravidla pravidla pravidla pravidla pravidla pravidla pravidla pravidla pravidla pravidla pravidla pravidla pravidla pravidla pravidla pravidla pravidla pravidla pravidla pravidla pravidla pravidla pravidla pravidla pravidla pravidla pravidla pravidla pravidla pravidla pravidla pravidla pravidla pravidla pravidla pravidla pravidla pravidla pravidla pravidla pravidla pravidla pravidla pravidla pravidla pravidla pravidla pravidla pravidla pravidla pravidla pravidla pravidla pravidla pravidla pravidla pravidla pravidla pravidla pravidla pravidla pravidla pravidla pravidla pravidla pravidla pravidla pravidla pravidla pravidla pravidla pravidla pravidla pravidla pravidla pravidla pravidla pravidla pravidla pravidla pravidla pravidla pravidla pravidla pravidla pravidla pravidla pravidla pravidla pravidla pravidla pravidla pravidla pravidla pravidla pravidla pravidla pravidla pravidla pravidla pravidla pravidla pravidla pravidla pravidla pravidla pravidla pravidla pravidla pravidla pravidla pravidla pravidla pravidla pravidla pravidla pravidla pravidla pravidla pravidla pravidla pravidla pravidla pravidla pravidla pravidla pravidla pravidla pravidla pravidla pravidla pravidla pravidla pravidla pravidla pravidla pravidla pravidla pravidla pravidla pravidla pravidla pravidla pravidla pravidla pravidla pravidla pravidla pravidla pravidla pravidla pravidla pravidla pravidla pravidla pravidla pravidla pravidla pravidla pravidla pravidla pravidla pravidla pravidla pravidla pravidla pravidla pravidla pravidla pravidla pravidla pravidla pravidla pravidla pravidla pravidla pravidla pravidla pravidla pravidla pravidla pravidla pravidla pravidla pravidla pravidla pravidla pravidla pravidla pravidla pravidla pravidla pravidla pravidla pravidla pravidla pravidla pravidla pravidla pravidla pravidla pravidla pravidla pravidla pravidla pravidla pravidla pravidla pravidla pravidla pravidla pravidla pravidla pravidla pravidla pravidla pravidla pravidla pravidla pravidla pravidla pravidla pravidla pravidla pravidla pravidla pravidla pravidla pravidla pravidla pravidla pravidla pravidla pravidla pravidla pravidla pravidla pravidla pravidla pravidla pravidla pravidla pravidla pravidla pravidla pravidla pravidla pravidla pravidla pravidla pravidla pravidla pravidla pravidla pravidla pravidla pravidla pravidla pravidla pravidla pravidla pravidla pravidla pravidla pravidla pravidla pravidla pravidla pravidla pravidla pravidla pravidla pravidla pravidla pravidla pravidla pravidla pravidla pravidla pravidla pravidla pravidla pravidla pravidla pravidla pravidla pravidla pravidla pravidla pravidla pravidla pravidla pravidla pravidla pravidla pravidla pravidla pravidla pravidla pravidla pravidla pravidla pravidla pravidla pravidla pravidla pravidla pravidla pravidla pravidla pravidla pravidla pravidla pravidla pravidla pravidla pravidla pravidla pravidla pravidla pravidla pravidla pravidla pravidla pravidla pravidla pravidla pravidla pravidla pravidla pravidla pravidla pravidla pravidla pravidla pravidla pravidla pravidla pravidla pravidla pravidla pravidla pravidla pravidla pravidla pravidla pravidla pravidla pravidla pravidla pravidla pravidla pravidla pravidla pravidla pravidla pravidla pravidla pravidla pravidla pravidla pravidla pravidla pravidla pravidla pravidla pravidla pravidla pravidla pravidla pravidla pravidla pravidla pravidla pravidla pravidla pravidla pravidla pravidla pravidla pravidla pravidla pravidla pravidla pravidla pravidla pravidla pravidla pravidla pravidla pravidla pravidla pravidla pravidla pravidla pravidla pravidla pravidla pravidla pravidla pravidla pravidla pravidla pravidla pravidla pravidla pravidla pravidla pravidla pravidla pravidla pravidla pravidla pravidla pravidla pravidla pravidla pravidla pravidla pravidla pravidla pravidla pravidla pravidla pravidla pravidla pravidla pravidla pravidla pravidla pravidla pravidla pravidla pravidla pravidla pravidla pravidla pravidla pravidla pravidla pravidla pravidla pravidla pravidla pravidla pravidla pravidla pravidla pravidla pravidla pravidla pravidla pravidla pravidla pravidla pravidla pravidla pravidla pravidla pravidla pravidla pravidla pravidla pravidla pravidla pravidla pravidla pravidla pravidla pravidla pravidla pravidla pravidla pravidla pravidla pravidla pravidla pravidla pravidla pravidla pravidla pravidla pravidla pravidla pravidla pravidla pravidla pravidla pravidla pravidla pravidla pravidla pravidla pravidla pravidla pravidla pravidla pravidla pravidla pravidla pravidla pravidla pravidla pravidla pravidla pravidla pravidla pravidla pravidla pravidla pravidla pravidla pravidla pravidla pravidla pravidla pravidla pravidla pravidla pravidla pravidla pravidla pravidla pravidla pravidla pravidla pravidla pravidla pravidla pravidla pravidla pravidla pravidla pravidla pravidla pravidla pravidla pravidla pravidla pravidla pravidla pravidla pravidla pravidla pravidla pravidla pravidla pravidla pravidla pravidla pravidla pravidla pravidla pravidla pravidla pravidla pravidla pravidla pravidla pravidla pravidla pravidla pravidla pravidla pravidla pravidla pravidla pravidla pravidla pravidla pravidla pravidla pravidla pravidla pravidla pravidla pravidla pravidla pravidla pravidla pravidla pravidla pravidla pravidla pravidla pravidla pravidla pravidla pravidla pravidla pravidla pravidla pravidla pravidla pravidla pravidla pravidla pravidla pravidla pravidla pravidla pravidla pravidla pravidla pravidla pravidla pravidla pravidla pravidla pravidla pravidla pravidla pravidla pravidla pravidla pravidla pravidla pravidla pravidla pravidla pravidla pravidla pravidla pravidla pravidla pravidla pravidla pravidla pravidla pravidla pravidla pravidla pravidla pravidla pravidla pravidla pravidla pravidla pravidla pravidla pravidla pravidla pravidla pravidla pravidla pravidla pravidla pravidla pravidla pravidla pravidla pravidla pravidla pravidla pravidla pravidla pravidla pravidla pravidla pravidla pravidla pravidla pravidla pravidla pravidla pravidla pravidla pravidla pravidla pravidla pravidla pravidla pravidla pravidla pravidla pravidla pravidla pravidla pravidla
MTX201501307_anon,17,1,17,17
MTX201501307_anon,17,1,8. Závěr,pravidla pravidla pravidla pravidla pravidla pravidla pravidla pravidla pravidla pravidla pravidla pravidla pravidla pravidla pravidla pravidla pravidla pravidla pravidla pravidla pravidla pravidla pravidla pravidla pravidla pravidla pravidla pravidla pravidla pravidla pravidla pravidla pravidla pravidla pravidla pravidla pravidla pravidla pravidla pravidla pravidla pravidla pravidla pravidla pravidla pravidla pravidla pravidla pravidla pravidla pravidla pravidla pravidla pravidla pravidla pravidla pravidla pravidla pravidla pravidla pravidla pravidla pravidla pravidla pravidla pravidla pravidla pravidla pravidla pravidla pravidla pravidla pravidla pravidla pravidla pravidla pravidla pravidla pravidla pravidla pravidla pravidla pravidla pravidla pravidla pravidla pravidla pravidla pravidla pravidla pravidla pravidla pravidla pravidla pravidla pravidla pravidla pravidla pravidla pravidla pravidla pravidla pravidla pravidla pravidla pravidla pravidla pravidla pravidla pravidla pravidla pravidla pravidla pravidla pravidla pravidla pravidla pravidla pravidla pravidla pravidla pravidla pravidla pravidla pravidla pravidla pravidla pravidla pravidla pravidla pravidla pravidla pravidla pravidla pravidla pravidla pravidla pravidla pravidla pravidla pravidla pravidla pravidla pravidla pravidla pravidla pravidla pravidla pravidla pravidla pravidla pravidla pravidla pravidla pravidla pravidla pravidla pravidla pravidla pravidla pravidla pravidla pravidla pravidla pravidla pravidla pravidla pravidla pravidla pravidla pravidla pravidla pravidla pravidla pravidla pravidla pravidla pravidla pravidla pravidla pravidla pravidla pravidla pravidla pravidla pravidla pravidla pravidla pravidla pravidla pravidla pravidla pravidla pravidla pravidla pravidla pravidla pravidla pravidla pravidla pravidla pravidla pravidla pravidla pravidla pravidla pravidla pravidla pravidla pravidla pravidla pravidla pravidla pravidla pravidla pravidla pravidla pravidla pravidla pravidla pravidla pravidla pravidla pravidla pravidla pravidla pravidla pravidla pravidla pravidla pravidla pravidla pravidla pravidla pravidla pravidla pravidla pravidla pravidla pravidla pravidla pravidla pravidla pravidla pravidla pravidla pravidla pravidla pravidla pravidla pravidla pravidla pravidla pravidla pravidla pravidla pravidla pravidla pravidla pravidla pravidla pravidla pravidla pravidla pravidla pravidla pravidla pravidla pravidla pravidla pravidla pravidla pravidla pravidla pravidla pravidla pravidla pravidla pravidla pravidla pravidla pravidla pravidla pravidla pravidla pravidla pravidla pravidla pravidla pravidla pravidla pravidla pravidla pravidla pravidla pravidla pravidla pravidla pravidla pravidla pravidla pravidla pravidla pravidla pravidla pravidla pravidla pravidla pravidla pravidla pravidla pravidla pravidla pravidla pravidla pravidla pravidla pravidla pravidla pravidla pravidla pravidla pravidla pravidla pravidla pravidla pravidla pravidla pravidla pravidla pravidla pravidla
MTX201501307_anon,17,1,"Archeologický výzkum v roce 2013, dokumentoval rozsáhlé a velmi dobře dochované",pravidla pravidla pravidla pravidla pravidla pravidla pravidla pravidla pravidla pravidla pravidla pravidla pravidla pravidla pravidla pravidla pravidla pravidla pravidla pravidla pravidla pravidla pravidla pravidla pravidla pravidla pravidla pravidla pravidla pravidla pravidla pravidla pravidla pravidla pravidla pravidla pravidla pravidla pravidla pravidla pravidla pravidla pravidla pravidla pravidla pravidla pravidla pravidla pravidla pravidla pravidla pravidla pravidla pravidla pravidla pravidla pravidla pravidla pravidla pravidla pravidla pravidla pravidla pravidla pravidla pravidla pravidla pravidla pravidla pravidla pravidla pravidla pravidla pravidla pravidla pravidla pravidla pravidla pravidla pravidla pravidla pravidla pravidla pravidla pravidla pravidla pravidla pravidla pravidla pravidla pravidla pravidla pravidla pravidla pravidla pravidla pravidla pravidla pravidla pravidla pravidla pravidla pravidla pravidla pravidla pravidla pravidla pravidla pravidla pravidla pravidla pravidla pravidla pravidla pravidla pravidla pravidla pravidla pravidla pravidla pravidla pravidla pravidla pravidla pravidla pravidla pravidla
MTX201501307_anon,17,2,archeologické situace v k. ú. Vraní u Starého Sídla na Vysočině. Odkryté archeologické,pravidla pravidla pravidla pravidla pravidla pravidla pravidla pravidla pravidla pravidla pravidla pravidla pravidla pravidla pravidla pravidla pravidla pravidla pravidla pravidla pravidla pravidla pravidla pravidla pravidla pravidla pravidla pravidla pravidla pravidla pravidla pravidla pravidla pravidla pravidla pravidla pravidla pravidla pravidla pravidla pravidla pravidla pravidla pravidla pravidla pravidla pravidla pravidla pravidla pravidla pravidla pravidla pravidla pravidla pravidla pravidla pravidla pravidla pravidla pravidla pravidla pravidla pravidla pravidla pravidla pravidla pravidla pravidla pravidla pravidla pravidla pravidla pravidla pravidla pravidla pravidla pravidla pravidla pravidla pravidla pravidla pravidla pravidla pravidla pravidla pravidla pravidla pravidla pravidla pravidla pravidla pravidla pravidla pravidla pravidla pravidla pravidla pravidla pravidla pravidla pravidla pravidla pravidla pravidla pravidla pravidla pravidla pravidla pravidla pravidla pravidla pravidla pravidla pravidla pravidla pravidla pravidla pravidla pravidla pravidla pravidla pravidla pravidla pravidla pravidla pravidla pravidla pravidla pravidla pravidla pravidla pravidla pravidla pravidla pravidla pravidla pravidla pravidla pravidla pravidla pravidla pravidla pravidla pravidla pravidla pravidla pravidla pravidla pravidla pravidla pravidla pravidla pravidla pravidla pravidla pravidla pravidla pravidla pravidla pravidla pravidla pravidla pravidla pravidla pravidla pravidla pravidla pravidla pravidla pravidla pravidla pravidla pravidla pravidla pravidla pravidla pravidla pravidla pravidla pravidla pravidla pravidla pravidla pravidla pravidla pravidla pravidla pravidla pravidla pravidla pravidla pravidla pravidla pravidla pravidla pravidla pravidla pravidla pravidla pravidla pravidla pravidla pravidla pravidla pravidla pravidla pravidla pravidla pravidla pravidla pravidla pravidla pravidla pravidla pravidla pravidla pravidla pravidla pravidla pravidla pravidla pravidla pravidla pravidla pravidla pravidla pravidla pravidla pravidla pravidla pravidla pravidla pravidla pravidla pravidla pravidla pravidla pravidla pravidla pravidla pravidla pravidla pravidla pravidla pravidla pravidla pravidla pravidla pravidla pravidla pravidla pravidla pravidla pravidla pravidla pravidla pravidla pravidla pravidla pravidla pravidla pravidla pravidla pravidla pravidla pravidla pravidla pravidla pravidla pravidla pravidla pravidla pravidla pravidla pravidla pravidla pravidla pravidla pravidla pravidla pravidla pravidla pravidla pravidla pravidla pravidla pravidla pravidla pravidla pravidla pravidla pravidla pravidla pravidla pravidla pravidla pravidla pravidla pravidla pravidla pravidla pravidla pravidla pravidla pravidla pravidla pravidla pravidla pravidla pravidla pravidla pravidla pravidla pravidla pravidla pravidla pravidla pravidla pravidla pravidla pravidla pravidla pravidla pravidla pravidla pravidla pravidla pravidla pravidla pravidla pravidla pravidla pravidla pravidla pravidla pravidla pravidla pravidla pravidla pravidla pravidla pravidla pravidla pravidla pravidla pravidla pravidla pravidla pravidla pravidla pravidla pravidla pravidla pravidla pravidla pravidla pravidla pravidla pravidla pravidla pravidla pravidla pravidla pravidla pravidla pravidla pravidla pravidla pravidla pravidla pravidla pravidla pravidla pravidla pravidla pravidla pravidla pravidla pravidla pravidla pravidla
MTX201501307_anon,17,3,situace prokázaly intenzivní užívání zájmového prostoru od 14. stol. po současnost. Doložena,pravidla pravidla pravidla pravidla pravidla pravidla pravidla pravidla pravidla pravidla pravidla pravidla pravidla pravidla pravidla pravidla pravidla pravidla pravidla pravidla pravidla pravidla pravidla pravidla pravidla pravidla pravidla pravidla pravidla pravidla pravidla pravidla pravidla pravidla pravidla pravidla pravidla pravidla pravidla pravidla pravidla pravidla pravidla pravidla pravidla pravidla pravidla pravidla pravidla pravidla pravidla pravidla pravidla pravidla pravidla pravidla pravidla pravidla pravidla pravidla pravidla pravidla pravidla pravidla pravidla pravidla pravidla pravidla pravidla pravidla pravidla pravidla pravidla pravidla pravidla pravidla pravidla pravidla pravidla pravidla pravidla pravidla pravidla pravidla pravidla pravidla pravidla pravidla pravidla pravidla pravidla pravidla pravidla pravidla pravidla pravidla pravidla pravidla pravidla pravidla pravidla pravidla pravidla pravidla pravidla pravidla pravidla pravidla pravidla pravidla pravidla pravidla pravidla pravidla pravidla pravidla pravidla pravidla pravidla pravidla pravidla pravidla pravidla pravidla pravidla pravidla pravidla pravidla pravidla pravidla pravidla pravidla pravidla pravidla pravidla pravidla pravidla pravidla pravidla pravidla pravidla pravidla pravidla pravidla pravidla pravidla pravidla pravidla pravidla pravidla pravidla pravidla pravidla pravidla pravidla pravidla pravidla pravidla pravidla pravidla pravidla pravidla pravidla pravidla pravidla pravidla pravidla pravidla pravidla pravidla pravidla pravidla pravidla pravidla pravidla pravidla pravidla pravidla pravidla pravidla pravidla pravidla pravidla pravidla pravidla pravidla pravidla pravidla pravidla pravidla pravidla pravidla pravidla pravidla pravidla pravidla pravidla pravidla pravidla pravidla pravidla pravidla pravidla pravidla pravidla pravidla pravidla pravidla pravidla pravidla pravidla pravidla pravidla pravidla pravidla pravidla pravidla pravidla pravidla pravidla pravidla pravidla pravidla pravidla pravidla pravidla pravidla pravidla pravidla pravidla pravidla pravidla pravidla pravidla pravidla pravidla pravidla pravidla pravidla pravidla pravidla pravidla pravidla pravidla pravidla pravidla pravidla pravidla pravidla pravidla pravidla pravidla pravidla pravidla
MTX201501307_anon,17,4,"byla kontinuita některých komunikačních ploch v prostoru návsi až do 15. stol., dále",pravidla pravidla pravidla pravidla pravidla pravidla pravidla pravidla pravidla pravidla pravidla pravidla pravidla pravidla pravidla pravidla pravidla pravidla pravidla pravidla pravidla pravidla pravidla pravidla pravidla pravidla pravidla pravidla pravidla pravidla pravidla pravidla pravidla pravidla pravidla pravidla pravidla pravidla pravidla pravidla pravidla pravidla pravidla pravidla pravidla pravidla pravidla pravidla pravidla pravidla pravidla pravidla pravidla pravidla pravidla pravidla pravidla pravidla pravidla pravidla pravidla pravidla pravidla pravidla pravidla pravidla pravidla pravidla pravidla pravidla pravidla pravidla pravidla pravidla pravidla pravidla pravidla pravidla pravidla pravidla pravidla pravidla pravidla pravidla pravidla pravidla pravidla pravidla pravidla pravidla pravidla pravidla pravidla pravidla pravidla pravidla pravidla pravidla pravidla pravidla pravidla pravidla pravidla pravidla pravidla pravidla pravidla pravidla pravidla pravidla pravidla pravidla pravidla pravidla pravidla pravidla pravidla pravidla pravidla pravidla pravidla pravidla pravidla pravidla pravidla pravidla pravidla
MTX201501307_anon,17,5,"novověké stavební úpravy, odvodňovací kamenný kanál z 19. stol, nebo výrazné stopy erozně",pravidla pravidla pravidla pravidla pravidla pravidla pravidla pravidla pravidla pravidla pravidla pravidla pravidla pravidla pravidla pravidla pravidla pravidla pravidla pravidla pravidla pravidla pravidla pravidla pravidla pravidla pravidla pravidla pravidla pravidla pravidla pravidla pravidla pravidla pravidla pravidla pravidla pravidla pravidla pravidla pravidla pravidla pravidla pravidla pravidla pravidla pravidla pravidla pravidla pravidla pravidla pravidla pravidla pravidla pravidla pravidla pravidla pravidla pravidla pravidla pravidla pravidla pravidla pravidla pravidla pravidla pravidla pravidla pravidla pravidla pravidla pravidla pravidla pravidla pravidla pravidla pravidla pravidla pravidla pravidla pravidla pravidla pravidla pravidla pravidla pravidla pravidla pravidla pravidla pravidla pravidla pravidla pravidla pravidla pravidla pravidla pravidla pravidla pravidla pravidla pravidla pravidla pravidla pravidla pravidla pravidla pravidla pravidla pravidla pravidla pravidla pravidla pravidla pravidla pravidla pravidla pravidla pravidla pravidla pravidla pravidla pravidla pravidla pravidla pravidla pravidla pravidla
MTX201501307_anon,17,6,akumulačních procesů v období raného novověku.,pravidla pravidla pravidla pravidla pravidla pravidla pravidla pravidla pravidla pravidla pravidla pravidla pravidla pravidla pravidla pravidla pravidla pravidla pravidla pravidla pravidla pravidla pravidla pravidla pravidla pravidla pravidla pravidla pravidla pravidla pravidla pravidla pravidla pravidla pravidla pravidla pravidla pravidla pravidla pravidla pravidla pravidla pravidla pravidla pravidla pravidla pravidla pravidla pravidla pravidla pravidla pravidla pravidla pravidla pravidla pravidla pravidla pravidla pravidla pravidla pravidla pravidla pravidla pravidla pravidla pravidla pravidla pravidla pravidla pravidla pravidla pravidla pravidla pravidla pravidla pravidla pravidla pravidla pravidla pravidla pravidla pravidla pravidla pravidla pravidla pravidla pravidla pravidla pravidla pravidla pravidla pravidla pravidla pravidla pravidla pravidla pravidla pravidla pravidla pravidla pravidla pravidla pravidla pravidla pravidla pravidla pravidla pravidla pravidla pravidla pravidla pravidla pravidla pravidla pravidla pravidla pravidla pravidla pravidla pravidla pravidla pravidla pravidla pravidla pravidla pravidla pravidla
MTX201501307_anon,17,7,"I když byl záchranný výzkum proveden, nelze odhlédnout od skutečnosti, že jsme",
MTX201501307_anon,17,8,prozkoumali prostor bezprostředně ohrožený stavbou. S jistotou mírou pravděpodobnosti,
MTX201501307_anon,17,9,"můžeme konstatovat, že v okolí plochy výzkumu mohou být zachovány archeologické",
MTX201501307_anon,17,10,"situace, které jsou pouze konzervovány vrstvou novověkých úprav. V případě dalších zásahů",
MTX201501307_anon,17,11,do terénu je potřeba opět počítat se záchranným výzkumem vyplývajícím z výše uvedených,
MTX201501307_anon,17,12,zákonů o ochraně kulturního dědictví.,pravidla pravidla pravidla pravidla pravidla pravidla pravidla pravidla pravidla pravidla pravidla pravidla pravidla pravidla pravidla pravidla pravidla pravidla pravidla
MTX201501307_anon,18,1,18,18
MTX201501307_anon,18,1,9. Literatura a prameny,9. Literature and sources
MTX201501307_anon,18,1,"Marek, O. 2014: Záchranný archeologický výzkum „Blažejovice u Rozsoch - oprava havárie","Mark, O. 2014: rescue archaeological research ‘Blažejovice u Rozsoch - fixing a"
MTX201501307_anon,18,2,"vodovodu“. Nepublikovaná nálezová zpráva, Pueblo - archeologická společnost, Lhota.","plumbing accident’. Unpublished fieldwork report, Pueblo - archaeological society, Lhota."
MTX201501307_anon,18,3,"Záruba, J. a kol. 1987: Zeměpisný lexikon ČSR, Hory a nížiny. Lhota.","Záruba, J. et al. Deadline."
MTX201501307_anon,18,4,"Brázda, L. 2004: Historický místopis země Moravskoslezské. Lhota.","Harrow, L. 2004: historical topography země Moravskoslezská. Deadline."
MTX201501307_anon,18,5,"Brázda, L. - Vacek, R. 1980: Místní jména na Vysočině a ve Slezsku 2. Lhota.","Harrow, L. - Vacek, R. 1980: Local names in the Highlands and Silesia 2. Deadline."
MTX201501307_anon,18,6,"Hušták, P. 2014: Záchranný archeologický výzkum „Kanalizace a ČOV aglomerace Bukovník“.","Hušták, P. 2014: rescue archaeological research ‘sewer a ČOV aglomerace Bukovník’."
MTX201501307_anon,18,7,"Nepublikovaná nálezová zpráva, Pueblo - archeologická společnost, Lhota.","Unpublished fieldwork report, Pueblo - archaeological society, Lhota."
MTX201501307_anon,18,8,"Mareš, J. - Chlumecký, P. - Demuth, K. - Wolfskron, A. 1856: Die Landtafel des","Mares, J. - Chlumecki, P. - Demuth, K. - Wolfskron, A. 1856: Die Landtafel des"
MTX201501307_anon,18,9,"Markgrafthumes Mähren (1348 - 1466), Brunner Cuda. Hradec.","Markgrafthumes Mähren (1348 - 1466), Brunner Cuda. Hradec."
MTX201501307_anon,18,10,"Pajer, J. 1983: Počátky novověké keramiky ve Strážnici. Strážnice.","Pajer, J. 1983: The beginnings of the New Age ceramic in Strážnice. Officer."
MTX201501307_anon,18,11,"Kovář, J. 2002: Porovnání klimatické regionalizace ČR podle Moravce - Votýpky (1998) a","blacksmith, J. 2002: Comparison of the Czech Republic's climate regionalisation according to Moravce - Votýpky (1998) and"
MTX201501307_anon,18,12,"Quitta (1971). In: Viewgh, J. [ed.]: Problematika lesnické typologie IV. Sborník referátů ze","Quitta (1971). In: Viewgh, J. [ed.]: Forestry issue typology IV. Sborník referrals"
MTX201501307_anon,18,13,"semináře ČZU. Lhota, 26-27.","from the ČZU seminary. Deadline, 26-27."
MTX201501307_anon,18,14,"Vavřinec, P. 2001: Novoměstsko. Turisticko - vlastivědný průvodce obcemi a jejich okolím.","Vavřinec, P. 2001: Newtown. Tourist - a patriotic guide to communities and their surroundings."
MTX201501307_anon,18,15,Tišnov.,Tishnov.
MTX201501307_anon,18,16,"Sedlák, M. 2007: Atlas půd České republiky. Lhota.","farmer, M. 2007: Atlas of soils Ceske republic. Deadline."
MTX201501307_anon,18,17,"Vařeka, P. 2008: Novověká proměna vesnice. In: Dudková, V. - Orna, J. - Vařeka, P. [eds.]:","Vařeka, P. 2008: The New Age transformation of village. In: Dudkova, V. - Orna, J. - Variver, P. [eds.]:"
MTX201501307_anon,18,18,"Hledání zmizelého, archeologie zaniklých vesnic na Plzeňsku. Plzeň, 41 - 42.","Searching for the Disappeared, archaeology of the defunct villages of Plzeň. Pilsen, 41 - 42."
MTX201501307_anon,18,19,"Pelán, V. a kol. 1984: Zeměpisný lexikon ČSR. Vodní toky a nádrže. Lhota.","Pelán, V. et al. Watercourses and reservoirs. Deadline."
MTX201501307_anon,18,20,Elektronické zdroje,Electronic Resources
MTX201501307_anon,18,21,"Bláhová, J. 2010: Slučování a rozlučování obcí od roku 1850. - Moravský zemský archiv","Bláhová, J. 2010: Merging and separation of municipalities since 1850. - Moravian Land Archive"
MTX201501307_anon,18,22,"v Hradci - Státní okresní archiv Brod nad Lučinou, Brod nad Lučinou. Online:","in Hradec - State District Archive Brod nad Lučinou, Brod nad Lučinou. Online:"
MTX201501307_anon,18,23,"http://home.tiscali.cz/sokazr/kroniky/slucovan.doc, cit. 12. 10. 2014.","http://home.tiscali.cz/sokazr/kroniky/slucovan.doc, cit. 12. 10. 2014."
MTX201501307_anon,18,24,"Janota, J. 2007a: Paleozoikum. - Česká geologická služba, Hradec. Online:","Janota, J. 2007a: Paleozoikum. - Czech Geological Survey, Hradec. Online:"
MTX201501307_anon,18,25,"http://www.geology.cz/aplikace/encyklopedie/term.pl, cit. 5. 10. 2014.","http://www.geology.cz/application/encyclopedia/term.pl, cit. 5. 10. 2014."
MTX201501307_anon,18,26,"Janota, J. 2007b: Proterozoikum. - Česká geologická služba, Hradec. Online:","Janota, J. 2007b: Proterozoikum. - Czech Geological Survey, Hradec. Online:"
MTX201501307_anon,18,27,"http://www.geology.cz/aplikace/encyklopedie/term.pl, cit. 5. 10. 2014.","http://www.geology.cz/application/encyclopedia/term.pl, cit. 5. 10. 2014."
MTX201501307_anon,18,28,SAS 2014: Středověké a novověké jádro obce. - Státní archeologický seznam ČR - veřejný,SAS 2014: Medieval and New Age Core of the municipality. - State Archaeological List of the Czech Republic
MTX201501307_anon,18,29,"přístup, Lhota. Online: http://twist.up.npu.cz/ost/archeologie/ISAD/free/info.php?ID=24-11-22/2,","- Public Access, Lhota. Online: http://twist.up.npu.cz/ost/archeologie/ISAD/free/info.php?ID=24-11-22/2,"
MTX201501307_anon,18,30,cit. 8. 10. 2014.,cit. 8. 10. 2014.
MTX201501307_anon,19,1,19,19
MTX201501307_anon,19,1,http://mapy.geology.cz/geocr_50/,pravidla
MTX201501307_anon,19,2,http://mapy.geology.cz/pudy/,pravidla
MTX201501307_anon,19,3,http://twist.up.npu.cz/tms/arch_public/,pravidla pravidla pravidla pravidla pravidla pravidla pravidla pravidla pravidla pravidla pravidla pravidla pravidla pravidla pravidla pravidla pravidla pravidla pravidla pravidla pravidla pravidla pravidla pravidla pravidla pravidla pravidla pravidla pravidla pravidla pravidla pravidla pravidla pravidla pravidla pravidla pravidla pravidla pravidla pravidla pravidla pravidla pravidla pravidla pravidla pravidla pravidla pravidla pravidla pravidla pravidla pravidla pravidla pravidla pravidla pravidla pravidla pravidla pravidla pravidla pravidla pravidla pravidla pravidla pravidla pravidla pravidla pravidla pravidla pravidla pravidla pravidla pravidla pravidla pravidla pravidla pravidla pravidla pravidla pravidla pravidla pravidla pravidla pravidla pravidla pravidla pravidla pravidla pravidla pravidla pravidla pravidla pravidla pravidla pravidla pravidla pravidla pravidla pravidla pravidla pravidla pravidla pravidla pravidla pravidla pravidla pravidla pravidla pravidla pravidla pravidla pravidla pravidla pravidla pravidla pravidla pravidla pravidla pravidla pravidla pravidla pravidla pravidla pravidla pravidla pravidla pravidla pravidla pravidla pravidla pravidla pravidla pravidla pravidla pravidla pravidla pravidla pravidla pravidla pravidla pravidla pravidla pravidla pravidla pravidla pravidla pravidla
MTX201501307_anon,20,1,20,20
MTX201501307_anon,20,1,10. Přílohy,pravidla pravidla pravidla pravidla pravidla pravidla pravidla pravidla pravidla pravidla pravidla pravidla pravidla pravidla pravidla pravidla pravidla pravidla pravidla pravidla pravidla pravidla pravidla pravidla pravidla pravidla pravidla pravidla pravidla pravidla pravidla pravidla pravidla pravidla pravidla pravidla pravidla pravidla pravidla pravidla pravidla pravidla pravidla pravidla pravidla pravidla pravidla pravidla pravidla pravidla pravidla pravidla pravidla pravidla pravidla pravidla pravidla pravidla pravidla pravidla pravidla pravidla pravidla pravidla pravidla pravidla pravidla pravidla pravidla pravidla pravidla pravidla pravidla pravidla pravidla pravidla pravidla pravidla pravidla pravidla pravidla pravidla pravidla pravidla pravidla pravidla pravidla pravidla pravidla pravidla pravidla pravidla pravidla pravidla pravidla pravidla pravidla pravidla pravidla pravidla pravidla pravidla pravidla pravidla pravidla pravidla pravidla pravidla pravidla pravidla pravidla pravidla pravidla pravidla pravidla pravidla pravidla pravidla pravidla pravidla pravidla pravidla pravidla pravidla pravidla pravidla pravidla pravidla pravidla pravidla pravidla pravidla pravidla pravidla pravidla pravidla pravidla pravidla pravidla pravidla pravidla pravidla pravidla pravidla pravidla pravidla pravidla pravidla pravidla pravidla pravidla pravidla pravidla pravidla pravidla pravidla pravidla pravidla pravidla pravidla pravidla pravidla pravidla pravidla pravidla pravidla pravidla pravidla pravidla pravidla pravidla pravidla pravidla pravidla pravidla pravidla pravidla pravidla pravidla pravidla pravidla pravidla pravidla pravidla pravidla pravidla pravidla pravidla pravidla pravidla pravidla pravidla pravidla pravidla pravidla pravidla pravidla pravidla pravidla pravidla pravidla pravidla pravidla pravidla pravidla pravidla pravidla pravidla pravidla pravidla pravidla pravidla pravidla pravidla pravidla pravidla pravidla pravidla
MTX201501307_anon,20,1,Plánová dokumentace,pravidla pravidla pravidla pravidla pravidla pravidla pravidla pravidla pravidla pravidla pravidla pravidla pravidla pravidla pravidla pravidla pravidla pravidla pravidla pravidla pravidla pravidla pravidla pravidla pravidla pravidla pravidla pravidla pravidla pravidla pravidla pravidla pravidla pravidla pravidla pravidla pravidla pravidla pravidla pravidla pravidla pravidla pravidla pravidla pravidla pravidla pravidla pravidla pravidla pravidla pravidla pravidla pravidla pravidla pravidla pravidla pravidla pravidla pravidla pravidla pravidla pravidla pravidla pravidla pravidla pravidla pravidla pravidla pravidla pravidla pravidla pravidla pravidla pravidla pravidla pravidla pravidla pravidla pravidla pravidla pravidla pravidla pravidla pravidla pravidla pravidla pravidla pravidla pravidla pravidla pravidla pravidla pravidla pravidla pravidla pravidla pravidla pravidla pravidla pravidla pravidla pravidla pravidla pravidla pravidla pravidla pravidla pravidla pravidla
MTX201501307_anon,22,1,"62/2013 Vraní, ČOV a kanalizace",pravidla pravidla pravidla pravidla pravidla pravidla pravidla pravidla pravidla pravidla pravidla pravidla pravidla pravidla pravidla pravidla pravidla pravidla pravidla pravidla pravidla pravidla pravidla pravidla pravidla pravidla pravidla pravidla pravidla pravidla pravidla pravidla pravidla pravidla pravidla pravidla pravidla pravidla pravidla pravidla pravidla pravidla pravidla pravidla pravidla pravidla pravidla pravidla pravidla pravidla pravidla pravidla pravidla pravidla pravidla pravidla pravidla pravidla pravidla pravidla pravidla pravidla pravidla pravidla pravidla pravidla pravidla pravidla pravidla pravidla pravidla pravidla pravidla pravidla pravidla pravidla pravidla pravidla pravidla pravidla pravidla pravidla pravidla pravidla pravidla pravidla pravidla pravidla pravidla pravidla pravidla pravidla pravidla pravidla pravidla pravidla pravidla pravidla pravidla pravidla pravidla pravidla pravidla pravidla pravidla pravidla pravidla pravidla pravidla pravidla pravidla pravidla pravidla pravidla pravidla pravidla pravidla
MTX201501307_anon,23,1,C,C
MTX201501307_anon,23,2,N,N
MTX201501307_anon,24,1,"62/2013 Vraní, ČOV a kanalizace",pravidla pravidla pravidla pravidla pravidla pravidla pravidla pravidla pravidla pravidla pravidla pravidla pravidla pravidla pravidla pravidla pravidla pravidla pravidla pravidla pravidla pravidla pravidla pravidla pravidla pravidla pravidla pravidla pravidla pravidla pravidla pravidla pravidla pravidla pravidla pravidla pravidla pravidla pravidla pravidla pravidla pravidla pravidla pravidla pravidla pravidla pravidla pravidla pravidla pravidla pravidla pravidla pravidla pravidla pravidla pravidla pravidla pravidla pravidla pravidla pravidla pravidla pravidla pravidla pravidla pravidla pravidla pravidla pravidla pravidla pravidla pravidla pravidla pravidla pravidla pravidla pravidla pravidla pravidla pravidla pravidla pravidla pravidla pravidla pravidla pravidla pravidla pravidla pravidla pravidla pravidla pravidla pravidla pravidla pravidla pravidla pravidla pravidla pravidla pravidla pravidla pravidla pravidla pravidla pravidla pravidla pravidla pravidla pravidla pravidla pravidla pravidla pravidla pravidla pravidla pravidla pravidla
MTX201501307_anon,25,1,21,21
MTX201501307_anon,25,1,Obrazová příloha,pravidla pravidla pravidla pravidla pravidla pravidla pravidla pravidla pravidla pravidla pravidla pravidla pravidla pravidla pravidla pravidla pravidla pravidla pravidla pravidla pravidla pravidla pravidla pravidla pravidla pravidla pravidla pravidla pravidla pravidla pravidla pravidla pravidla pravidla pravidla pravidla pravidla pravidla pravidla pravidla pravidla pravidla pravidla pravidla pravidla pravidla pravidla pravidla pravidla pravidla pravidla pravidla pravidla pravidla pravidla pravidla pravidla pravidla pravidla pravidla pravidla pravidla pravidla pravidla pravidla pravidla pravidla pravidla pravidla pravidla pravidla pravidla pravidla pravidla pravidla pravidla pravidla pravidla pravidla pravidla pravidla pravidla pravidla pravidla pravidla pravidla pravidla pravidla pravidla pravidla pravidla pravidla pravidla pravidla pravidla pravidla pravidla pravidla pravidla pravidla pravidla pravidla pravidla pravidla pravidla pravidla pravidla pravidla pravidla pravidla pravidla pravidla pravidla pravidla pravidla pravidla pravidla pravidla pravidla pravidla pravidla pravidla pravidla pravidla pravidla pravidla pravidla pravidla pravidla pravidla pravidla pravidla pravidla pravidla pravidla pravidla pravidla pravidla pravidla pravidla pravidla pravidla pravidla pravidla pravidla
MTX201501307_anon,25,1,"Obr. č. 2: S1, začištěná plocha sondy po vybrání výplně objektů (SJ 500, 501, 502) na",pravidla pravidla pravidla pravidla pravidla pravidla pravidla pravidla
MTX201501307_anon,25,2,dokumentační úroveň. Uprostřed sondy fragmenty neporušených archeologických terénů.,pravidla pravidla pravidla pravidla pravidla pravidla pravidla pravidla pravidla pravidla pravidla pravidla pravidla pravidla pravidla pravidla pravidla pravidla pravidla pravidla pravidla pravidla pravidla pravidla pravidla pravidla pravidla pravidla pravidla pravidla pravidla pravidla pravidla pravidla pravidla pravidla pravidla pravidla pravidla pravidla pravidla pravidla pravidla pravidla pravidla pravidla pravidla pravidla pravidla pravidla pravidla pravidla pravidla pravidla pravidla pravidla pravidla pravidla pravidla pravidla pravidla pravidla pravidla pravidla pravidla pravidla pravidla pravidla pravidla pravidla pravidla pravidla pravidla pravidla pravidla pravidla pravidla pravidla pravidla pravidla pravidla pravidla pravidla pravidla pravidla pravidla pravidla pravidla pravidla pravidla pravidla pravidla pravidla pravidla pravidla pravidla pravidla pravidla pravidla pravidla pravidla pravidla pravidla pravidla pravidla pravidla pravidla pravidla pravidla pravidla pravidla pravidla pravidla pravidla pravidla pravidla pravidla pravidla pravidla pravidla pravidla pravidla pravidla pravidla pravidla pravidla pravidla pravidla pravidla pravidla pravidla pravidla pravidla pravidla pravidla pravidla pravidla pravidla pravidla pravidla pravidla pravidla pravidla pravidla pravidla pravidla pravidla pravidla pravidla pravidla pravidla pravidla pravidla pravidla pravidla pravidla pravidla pravidla pravidla pravidla pravidla pravidla pravidla pravidla pravidla pravidla pravidla pravidla pravidla pravidla pravidla pravidla pravidla pravidla pravidla pravidla pravidla pravidla pravidla pravidla pravidla pravidla pravidla pravidla pravidla pravidla pravidla pravidla pravidla pravidla pravidla pravidla pravidla pravidla pravidla pravidla pravidla pravidla pravidla pravidla pravidla pravidla pravidla pravidla pravidla pravidla pravidla pravidla pravidla pravidla pravidla pravidla pravidla pravidla pravidla pravidla pravidla pravidla pravidla pravidla pravidla pravidla pravidla pravidla pravidla pravidla pravidla pravidla pravidla pravidla pravidla pravidla pravidla pravidla pravidla pravidla pravidla pravidla pravidla pravidla pravidla pravidla pravidla pravidla pravidla pravidla pravidla pravidla pravidla pravidla pravidla pravidla pravidla pravidla pravidla pravidla pravidla pravidla pravidla pravidla pravidla pravidla pravidla pravidla pravidla pravidla pravidla pravidla pravidla pravidla pravidla pravidla pravidla pravidla pravidla pravidla pravidla pravidla pravidla pravidla pravidla pravidla
MTX201501307_anon,25,1,"Obr. č. 3: S1, začištěná plocha sondy po odebrání archeologického souvrství. Zejména v pravé",pravidla pravidla pravidla pravidla pravidla pravidla pravidla pravidla
MTX201501307_anon,25,2,"části snímku jsou dobře patrné výkopy pro plynové potrubí (SJ 500, 501).",pravidla pravidla pravidla pravidla pravidla pravidla pravidla pravidla pravidla pravidla pravidla pravidla pravidla pravidla pravidla pravidla pravidla pravidla pravidla pravidla pravidla pravidla pravidla pravidla pravidla pravidla pravidla pravidla pravidla pravidla pravidla pravidla pravidla pravidla pravidla pravidla pravidla pravidla pravidla pravidla pravidla pravidla pravidla pravidla pravidla pravidla pravidla pravidla pravidla pravidla pravidla pravidla pravidla pravidla pravidla pravidla pravidla pravidla pravidla pravidla pravidla pravidla pravidla pravidla pravidla pravidla pravidla pravidla pravidla pravidla pravidla pravidla pravidla pravidla pravidla pravidla pravidla pravidla pravidla pravidla pravidla pravidla pravidla pravidla pravidla pravidla pravidla pravidla pravidla pravidla pravidla pravidla pravidla pravidla pravidla pravidla pravidla pravidla pravidla pravidla pravidla pravidla pravidla pravidla pravidla pravidla pravidla pravidla pravidla pravidla pravidla pravidla pravidla pravidla pravidla pravidla pravidla pravidla pravidla pravidla pravidla pravidla pravidla pravidla pravidla pravidla pravidla pravidla pravidla pravidla pravidla pravidla pravidla pravidla pravidla pravidla pravidla pravidla pravidla pravidla pravidla pravidla pravidla pravidla pravidla pravidla pravidla pravidla pravidla pravidla pravidla pravidla pravidla pravidla pravidla pravidla pravidla pravidla pravidla pravidla pravidla pravidla pravidla pravidla pravidla pravidla pravidla pravidla pravidla pravidla pravidla pravidla pravidla pravidla pravidla pravidla pravidla pravidla pravidla pravidla pravidla pravidla pravidla pravidla pravidla pravidla pravidla pravidla pravidla pravidla pravidla pravidla pravidla pravidla pravidla pravidla pravidla pravidla pravidla pravidla pravidla pravidla pravidla pravidla pravidla pravidla pravidla pravidla pravidla pravidla pravidla pravidla pravidla pravidla pravidla pravidla pravidla pravidla pravidla pravidla pravidla pravidla pravidla pravidla pravidla pravidla pravidla pravidla pravidla pravidla pravidla pravidla pravidla pravidla pravidla pravidla pravidla pravidla pravidla pravidla pravidla pravidla pravidla pravidla pravidla pravidla pravidla pravidla pravidla pravidla pravidla pravidla pravidla pravidla pravidla pravidla pravidla pravidla pravidla pravidla pravidla pravidla pravidla pravidla pravidla pravidla pravidla pravidla pravidla pravidla pravidla pravidla pravidla pravidla pravidla pravidla pravidla pravidla pravidla pravidla pravidla pravidla
MTX201501307_anon,26,1,22,22
MTX201501307_anon,26,1,"Obr. č. 4: S1, řez 2. Pohled na dokumentovaný řez terénem. Vlevo výkop č. 500 pro",pravidla pravidla pravidla pravidla pravidla pravidla pravidla pravidla
MTX201501307_anon,26,2,"plynové potrubí, vpravo výkop č. 502 pro telefonní kabel. Šedá vrstva mezi výkpy",pravidla pravidla pravidla pravidla pravidla
MTX201501307_anon,26,3,"(SJ 115=119) představuje původní středověký povrch, překrytý spevňující komunikační",pravidla pravidla pravidla pravidla
MTX201501307_anon,26,4,vrstvou štěrku a kamení (SJ 113).,pravidla pravidla pravidla pravidla pravidla pravidla pravidla pravidla pravidla pravidla pravidla pravidla pravidla pravidla pravidla pravidla pravidla pravidla pravidla pravidla pravidla pravidla pravidla pravidla pravidla pravidla pravidla pravidla pravidla pravidla pravidla pravidla pravidla pravidla pravidla pravidla pravidla pravidla pravidla pravidla pravidla pravidla pravidla pravidla pravidla pravidla pravidla pravidla pravidla pravidla pravidla pravidla pravidla pravidla pravidla pravidla pravidla pravidla pravidla pravidla pravidla pravidla pravidla pravidla pravidla pravidla pravidla pravidla pravidla pravidla pravidla pravidla pravidla pravidla pravidla pravidla pravidla pravidla pravidla pravidla pravidla pravidla pravidla pravidla pravidla pravidla pravidla pravidla pravidla pravidla pravidla pravidla pravidla pravidla pravidla pravidla pravidla pravidla pravidla pravidla pravidla pravidla pravidla pravidla pravidla pravidla pravidla pravidla pravidla pravidla pravidla pravidla pravidla pravidla pravidla pravidla pravidla pravidla pravidla pravidla pravidla pravidla pravidla pravidla pravidla pravidla pravidla pravidla pravidla pravidla pravidla pravidla pravidla pravidla pravidla pravidla pravidla pravidla pravidla pravidla pravidla pravidla pravidla pravidla pravidla pravidla pravidla pravidla pravidla pravidla pravidla pravidla pravidla pravidla pravidla pravidla pravidla pravidla pravidla pravidla pravidla pravidla pravidla pravidla pravidla pravidla pravidla pravidla pravidla pravidla pravidla pravidla pravidla pravidla pravidla pravidla pravidla pravidla pravidla pravidla pravidla pravidla pravidla pravidla pravidla pravidla pravidla pravidla pravidla pravidla pravidla pravidla pravidla pravidla pravidla pravidla pravidla pravidla pravidla pravidla pravidla pravidla pravidla pravidla pravidla pravidla pravidla pravidla pravidla pravidla pravidla pravidla pravidla pravidla pravidla pravidla pravidla pravidla pravidla pravidla pravidla pravidla pravidla pravidla pravidla pravidla pravidla pravidla pravidla pravidla pravidla pravidla pravidla pravidla pravidla pravidla pravidla pravidla pravidla pravidla pravidla pravidla pravidla pravidla pravidla pravidla pravidla pravidla pravidla pravidla pravidla pravidla pravidla pravidla pravidla pravidla pravidla pravidla pravidla pravidla pravidla pravidla pravidla pravidla pravidla pravidla pravidla pravidla pravidla pravidla pravidla pravidla pravidla pravidla pravidla pravidla pravidla pravidla pravidla pravidla pravidla pravidla pravidla pravidla pravidla pravidla pravidla pravidla pravidla pravidla pravidla pravidla pravidla pravidla pravidla pravidla pravidla pravidla pravidla pravidla pravidla pravidla pravidla pravidla pravidla pravidla pravidla pravidla pravidla pravidla pravidla pravidla pravidla pravidla pravidla pravidla pravidla pravidla pravidla pravidla pravidla pravidla pravidla pravidla pravidla pravidla pravidla pravidla pravidla pravidla pravidla pravidla pravidla pravidla pravidla pravidla pravidla pravidla pravidla pravidla pravidla pravidla pravidla pravidla pravidla pravidla pravidla pravidla pravidla pravidla pravidla pravidla pravidla pravidla pravidla pravidla pravidla pravidla pravidla pravidla pravidla pravidla pravidla pravidla pravidla pravidla pravidla pravidla pravidla pravidla pravidla pravidla pravidla pravidla pravidla pravidla pravidla pravidla pravidla pravidla pravidla pravidla pravidla pravidla pravidla pravidla pravidla pravidla pravidla pravidla pravidla pravidla pravidla pravidla pravidla pravidla pravidla pravidla pravidla pravidla pravidla pravidla pravidla pravidla pravidla pravidla pravidla pravidla pravidla pravidla pravidla pravidla pravidla pravidla pravidla pravidla pravidla pravidla pravidla pravidla pravidla pravidla pravidla pravidla pravidla pravidla pravidla pravidla pravidla pravidla pravidla pravidla pravidla pravidla pravidla pravidla pravidla pravidla pravidla pravidla pravidla pravidla pravidla pravidla pravidla pravidla pravidla pravidla pravidla pravidla pravidla pravidla pravidla pravidla pravidla pravidla pravidla pravidla pravidla pravidla pravidla pravidla pravidla pravidla pravidla pravidla pravidla pravidla pravidla pravidla pravidla pravidla pravidla pravidla pravidla pravidla pravidla pravidla pravidla pravidla pravidla pravidla pravidla pravidla pravidla pravidla pravidla pravidla pravidla pravidla pravidla pravidla pravidla pravidla pravidla pravidla pravidla pravidla pravidla pravidla pravidla pravidla pravidla pravidla pravidla pravidla pravidla pravidla pravidla pravidla pravidla pravidla pravidla pravidla pravidla pravidla pravidla pravidla pravidla pravidla pravidla pravidla pravidla pravidla pravidla pravidla pravidla pravidla pravidla pravidla pravidla pravidla pravidla pravidla pravidla pravidla pravidla pravidla pravidla pravidla pravidla pravidla pravidla pravidla pravidla pravidla pravidla pravidla pravidla pravidla pravidla pravidla pravidla pravidla pravidla pravidla pravidla pravidla pravidla pravidla pravidla pravidla pravidla pravidla pravidla pravidla pravidla pravidla pravidla pravidla pravidla pravidla pravidla pravidla pravidla pravidla pravidla pravidla pravidla pravidla pravidla pravidla pravidla pravidla pravidla pravidla pravidla pravidla pravidla pravidla pravidla
MTX201501307_anon,26,1,"Obr. č. 5: S2, v levé části sondy navážka s velkým podílem kamenů (SJ 129), porušená",pravidla pravidla pravidla pravidla pravidla pravidla
MTX201501307_anon,26,2,výkopem (SJ 509). Zcela vpravo vypreparované kamené překlady historického kanálu,pravidla pravidla pravidla pravidla pravidla
MTX201501307_anon,26,3,(SJ 700).,pravidla pravidla pravidla pravidla pravidla pravidla pravidla pravidla pravidla pravidla pravidla pravidla pravidla pravidla pravidla pravidla pravidla pravidla pravidla pravidla pravidla pravidla pravidla pravidla pravidla pravidla pravidla pravidla pravidla pravidla pravidla pravidla pravidla pravidla pravidla pravidla pravidla pravidla pravidla pravidla pravidla pravidla pravidla pravidla pravidla pravidla pravidla pravidla pravidla pravidla pravidla pravidla pravidla pravidla pravidla pravidla pravidla pravidla pravidla pravidla pravidla pravidla pravidla pravidla pravidla pravidla pravidla pravidla pravidla pravidla pravidla pravidla pravidla pravidla pravidla pravidla pravidla pravidla pravidla pravidla pravidla pravidla pravidla pravidla pravidla pravidla pravidla pravidla pravidla pravidla pravidla pravidla pravidla pravidla pravidla pravidla pravidla pravidla pravidla pravidla pravidla pravidla pravidla pravidla pravidla pravidla pravidla pravidla pravidla pravidla pravidla pravidla pravidla pravidla pravidla pravidla pravidla pravidla pravidla pravidla pravidla pravidla pravidla pravidla pravidla pravidla pravidla pravidla pravidla pravidla pravidla pravidla pravidla pravidla pravidla pravidla pravidla pravidla pravidla pravidla pravidla pravidla pravidla pravidla pravidla pravidla pravidla pravidla pravidla pravidla pravidla pravidla pravidla pravidla pravidla pravidla pravidla pravidla pravidla pravidla pravidla pravidla pravidla pravidla pravidla pravidla pravidla pravidla pravidla pravidla pravidla pravidla pravidla pravidla pravidla pravidla pravidla pravidla pravidla pravidla pravidla pravidla pravidla pravidla pravidla pravidla pravidla pravidla pravidla pravidla pravidla pravidla pravidla pravidla pravidla pravidla pravidla pravidla pravidla pravidla pravidla pravidla pravidla pravidla pravidla pravidla pravidla pravidla pravidla pravidla pravidla pravidla pravidla pravidla pravidla pravidla pravidla pravidla pravidla pravidla pravidla pravidla pravidla pravidla pravidla pravidla pravidla pravidla pravidla pravidla pravidla pravidla pravidla pravidla pravidla pravidla pravidla pravidla pravidla pravidla pravidla pravidla pravidla pravidla pravidla pravidla pravidla pravidla pravidla pravidla pravidla pravidla pravidla pravidla pravidla pravidla pravidla pravidla pravidla pravidla pravidla pravidla pravidla pravidla pravidla pravidla pravidla pravidla pravidla pravidla pravidla pravidla pravidla pravidla pravidla pravidla pravidla pravidla pravidla pravidla pravidla pravidla pravidla pravidla pravidla pravidla pravidla pravidla pravidla pravidla pravidla pravidla pravidla
MTX201501307_anon,27,1,23,23
MTX201501307_anon,27,1,"Obr. č. 6: S2, řez 5. Pohled na dokumentovaný řez terénem. Světle šeadá vrstava (SJ 128)",pravidla pravidla pravidla pravidla pravidla pravidla pravidla pravidla
MTX201501307_anon,27,2,"nasedající na ar. podloží (SJ 100), představuje místní doklad erozně akumilačních procesů",pravidla pravidla pravidla pravidla pravidla pravidla
MTX201501307_anon,27,3,v období raného novověku. Následovaná přirozenou genezí antropgenního terénu (SJ 127).,pravidla pravidla pravidla pravidla pravidla pravidla
MTX201501307_anon,27,4,Kameny ve středu profilu tvoří konstrukci odvodňovacího kanálu (SJ 700) z 19. stol.,pravidla pravidla pravidla pravidla pravidla pravidla pravidla pravidla pravidla pravidla pravidla pravidla pravidla pravidla pravidla pravidla pravidla pravidla pravidla pravidla pravidla pravidla pravidla pravidla pravidla pravidla pravidla pravidla pravidla pravidla pravidla pravidla pravidla pravidla pravidla pravidla pravidla pravidla pravidla pravidla pravidla pravidla pravidla pravidla pravidla pravidla pravidla pravidla pravidla pravidla pravidla pravidla pravidla pravidla pravidla pravidla pravidla pravidla pravidla pravidla pravidla pravidla pravidla pravidla pravidla pravidla pravidla pravidla pravidla pravidla pravidla pravidla pravidla pravidla pravidla pravidla pravidla pravidla pravidla pravidla pravidla pravidla pravidla pravidla pravidla pravidla pravidla pravidla pravidla pravidla pravidla pravidla pravidla pravidla pravidla pravidla pravidla pravidla pravidla pravidla pravidla pravidla pravidla pravidla pravidla pravidla pravidla pravidla pravidla pravidla pravidla pravidla pravidla pravidla pravidla pravidla pravidla pravidla pravidla pravidla pravidla pravidla pravidla pravidla pravidla pravidla pravidla pravidla pravidla pravidla pravidla pravidla pravidla pravidla pravidla pravidla pravidla pravidla pravidla pravidla pravidla pravidla pravidla pravidla pravidla pravidla pravidla pravidla pravidla pravidla pravidla pravidla pravidla pravidla pravidla pravidla pravidla pravidla pravidla pravidla pravidla pravidla pravidla pravidla pravidla pravidla pravidla pravidla pravidla pravidla pravidla pravidla pravidla pravidla pravidla pravidla pravidla pravidla pravidla pravidla pravidla pravidla pravidla pravidla pravidla pravidla pravidla pravidla pravidla pravidla pravidla pravidla pravidla pravidla pravidla pravidla pravidla pravidla pravidla pravidla pravidla pravidla pravidla pravidla pravidla pravidla pravidla pravidla pravidla pravidla pravidla pravidla pravidla pravidla pravidla pravidla pravidla pravidla pravidla pravidla pravidla pravidla pravidla pravidla pravidla pravidla pravidla pravidla pravidla pravidla pravidla pravidla pravidla pravidla pravidla pravidla pravidla pravidla pravidla pravidla pravidla pravidla pravidla pravidla pravidla pravidla pravidla pravidla pravidla pravidla pravidla pravidla pravidla pravidla pravidla pravidla pravidla pravidla pravidla pravidla pravidla pravidla pravidla pravidla pravidla pravidla pravidla pravidla pravidla pravidla pravidla pravidla pravidla pravidla pravidla pravidla pravidla pravidla pravidla pravidla pravidla pravidla pravidla pravidla pravidla pravidla pravidla pravidla pravidla pravidla pravidla pravidla pravidla pravidla pravidla pravidla pravidla pravidla pravidla pravidla pravidla pravidla pravidla pravidla pravidla pravidla pravidla pravidla pravidla pravidla pravidla pravidla pravidla pravidla pravidla pravidla pravidla pravidla pravidla pravidla pravidla pravidla pravidla pravidla pravidla pravidla pravidla pravidla pravidla pravidla pravidla pravidla pravidla pravidla pravidla pravidla pravidla pravidla pravidla pravidla pravidla pravidla pravidla pravidla pravidla pravidla pravidla pravidla pravidla pravidla pravidla pravidla pravidla pravidla pravidla pravidla pravidla pravidla pravidla pravidla pravidla pravidla pravidla pravidla pravidla pravidla pravidla pravidla pravidla pravidla pravidla pravidla pravidla pravidla pravidla pravidla pravidla pravidla pravidla pravidla pravidla pravidla pravidla pravidla pravidla pravidla pravidla pravidla pravidla pravidla pravidla pravidla pravidla pravidla pravidla pravidla pravidla pravidla pravidla pravidla pravidla pravidla pravidla pravidla pravidla pravidla pravidla pravidla pravidla pravidla pravidla pravidla pravidla pravidla pravidla pravidla pravidla pravidla pravidla pravidla pravidla pravidla pravidla pravidla pravidla pravidla pravidla pravidla pravidla pravidla pravidla pravidla pravidla pravidla pravidla pravidla pravidla pravidla pravidla pravidla pravidla pravidla pravidla pravidla pravidla pravidla pravidla pravidla pravidla pravidla pravidla pravidla pravidla pravidla pravidla pravidla pravidla pravidla pravidla pravidla pravidla pravidla pravidla pravidla pravidla pravidla pravidla pravidla pravidla pravidla pravidla pravidla pravidla pravidla pravidla pravidla pravidla pravidla pravidla pravidla pravidla pravidla pravidla pravidla pravidla pravidla pravidla pravidla pravidla pravidla pravidla pravidla pravidla pravidla pravidla pravidla pravidla pravidla pravidla pravidla pravidla pravidla pravidla pravidla pravidla pravidla pravidla pravidla pravidla pravidla pravidla pravidla pravidla pravidla pravidla pravidla pravidla pravidla pravidla pravidla pravidla pravidla pravidla pravidla pravidla pravidla pravidla pravidla pravidla pravidla pravidla pravidla pravidla pravidla pravidla pravidla pravidla pravidla pravidla pravidla pravidla pravidla pravidla pravidla pravidla pravidla pravidla pravidla pravidla pravidla pravidla pravidla pravidla pravidla pravidla pravidla pravidla pravidla pravidla pravidla pravidla pravidla pravidla pravidla pravidla pravidla pravidla pravidla pravidla pravidla pravidla pravidla pravidla pravidla pravidla pravidla pravidla pravidla pravidla pravidla pravidla pravidla pravidla pravidla pravidla pravidla pravidla pravidla pravidla pravidla pravidla pravidla pravidla pravidla pravidla pravidla pravidla pravidla pravidla pravidla pravidla pravidla pravidla pravidla pravidla pravidla pravidla pravidla pravidla pravidla pravidla pravidla pravidla pravidla pravidla pravidla pravidla pravidla pravidla pravidla pravidla pravidla pravidla pravidla pravidla pravidla pravidla pravidla pravidla pravidla pravidla pravidla pravidla pravidla pravidla pravidla pravidla pravidla pravidla pravidla pravidla pravidla pravidla pravidla pravidla pravidla pravidla pravidla pravidla pravidla pravidla pravidla pravidla pravidla pravidla pravidla pravidla pravidla pravidla pravidla pravidla pravidla pravidla pravidla pravidla pravidla pravidla pravidla pravidla pravidla pravidla pravidla pravidla pravidla pravidla pravidla pravidla pravidla pravidla pravidla pravidla pravidla pravidla pravidla pravidla pravidla pravidla pravidla pravidla pravidla pravidla pravidla pravidla pravidla pravidla pravidla pravidla pravidla pravidla pravidla pravidla pravidla pravidla pravidla pravidla pravidla pravidla pravidla pravidla pravidla pravidla pravidla pravidla pravidla pravidla pravidla pravidla pravidla pravidla pravidla pravidla pravidla pravidla pravidla pravidla pravidla pravidla pravidla pravidla pravidla pravidla pravidla pravidla pravidla pravidla pravidla pravidla pravidla pravidla pravidla pravidla pravidla pravidla pravidla pravidla pravidla pravidla pravidla pravidla pravidla pravidla pravidla pravidla pravidla pravidla pravidla pravidla pravidla pravidla pravidla pravidla pravidla pravidla pravidla pravidla pravidla pravidla pravidla pravidla pravidla pravidla pravidla pravidla pravidla pravidla pravidla pravidla pravidla pravidla pravidla pravidla pravidla pravidla pravidla pravidla pravidla pravidla pravidla pravidla pravidla pravidla pravidla pravidla pravidla pravidla pravidla
MTX201501307_anon,27,1,"Obr. č. 7: S3, začištěná plocha sondy po odebrání travního drnu (SJ 101). Vpravo nahoře",pravidla pravidla pravidla pravidla pravidla pravidla
MTX201501307_anon,27,2,pozůstatek původního ternu porušeného jámou na hašení vápna (SJ 504). V levé třetině sondy,pravidla pravidla pravidla pravidla pravidla pravidla pravidla pravidla
MTX201501307_anon,27,3,patrný liniový výkop (SJ 503) plynového potrubí.,pravidla pravidla pravidla pravidla pravidla pravidla pravidla pravidla pravidla pravidla pravidla pravidla pravidla pravidla pravidla pravidla pravidla pravidla pravidla pravidla pravidla pravidla pravidla pravidla pravidla pravidla pravidla pravidla pravidla pravidla pravidla pravidla pravidla pravidla pravidla pravidla pravidla pravidla pravidla pravidla pravidla pravidla pravidla pravidla pravidla pravidla pravidla pravidla pravidla pravidla pravidla pravidla pravidla pravidla pravidla pravidla pravidla pravidla pravidla pravidla pravidla pravidla pravidla pravidla pravidla pravidla pravidla pravidla pravidla pravidla pravidla pravidla pravidla pravidla pravidla pravidla pravidla pravidla pravidla pravidla pravidla pravidla pravidla pravidla pravidla pravidla pravidla pravidla pravidla pravidla pravidla pravidla pravidla pravidla pravidla pravidla pravidla pravidla pravidla pravidla pravidla pravidla pravidla pravidla pravidla pravidla pravidla pravidla pravidla pravidla pravidla pravidla pravidla pravidla pravidla pravidla pravidla pravidla pravidla pravidla pravidla pravidla pravidla pravidla pravidla pravidla pravidla pravidla pravidla pravidla pravidla pravidla pravidla pravidla pravidla pravidla pravidla pravidla pravidla pravidla pravidla pravidla pravidla pravidla pravidla pravidla pravidla pravidla pravidla pravidla pravidla pravidla pravidla pravidla pravidla pravidla pravidla pravidla pravidla pravidla pravidla pravidla pravidla pravidla pravidla pravidla pravidla pravidla pravidla pravidla pravidla pravidla pravidla pravidla pravidla pravidla pravidla pravidla pravidla pravidla pravidla pravidla pravidla pravidla pravidla pravidla pravidla pravidla pravidla pravidla pravidla pravidla pravidla pravidla pravidla pravidla pravidla pravidla pravidla pravidla pravidla pravidla pravidla pravidla pravidla pravidla pravidla pravidla pravidla pravidla pravidla pravidla pravidla pravidla pravidla pravidla pravidla pravidla pravidla pravidla pravidla pravidla pravidla pravidla pravidla pravidla pravidla pravidla pravidla pravidla pravidla pravidla pravidla pravidla pravidla pravidla pravidla pravidla pravidla pravidla pravidla pravidla pravidla pravidla pravidla pravidla pravidla pravidla pravidla pravidla pravidla pravidla pravidla pravidla pravidla pravidla pravidla pravidla pravidla pravidla pravidla pravidla pravidla pravidla pravidla pravidla pravidla pravidla pravidla pravidla pravidla pravidla pravidla pravidla pravidla pravidla pravidla pravidla pravidla pravidla pravidla pravidla pravidla pravidla pravidla pravidla pravidla pravidla pravidla pravidla pravidla pravidla pravidla pravidla pravidla pravidla pravidla pravidla pravidla pravidla pravidla pravidla pravidla pravidla pravidla pravidla pravidla pravidla pravidla pravidla pravidla pravidla pravidla pravidla pravidla pravidla pravidla pravidla pravidla pravidla pravidla pravidla pravidla pravidla pravidla pravidla pravidla pravidla pravidla pravidla pravidla pravidla pravidla pravidla pravidla pravidla pravidla pravidla pravidla pravidla pravidla pravidla pravidla pravidla pravidla pravidla pravidla pravidla pravidla pravidla pravidla pravidla pravidla pravidla pravidla pravidla pravidla pravidla pravidla pravidla pravidla pravidla pravidla pravidla pravidla pravidla pravidla pravidla pravidla pravidla pravidla pravidla pravidla pravidla pravidla pravidla pravidla pravidla pravidla pravidla pravidla pravidla pravidla pravidla pravidla pravidla pravidla pravidla pravidla pravidla pravidla pravidla pravidla pravidla
MTX201501307_anon,28,1,24,pravidla pravidla pravidla pravidla pravidla pravidla pravidla pravidla pravidla pravidla pravidla pravidla pravidla pravidla pravidla pravidla pravidla pravidla pravidla pravidla pravidla pravidla pravidla pravidla pravidla pravidla pravidla pravidla pravidla pravidla pravidla pravidla pravidla pravidla pravidla pravidla pravidla pravidla pravidla pravidla pravidla pravidla pravidla pravidla pravidla pravidla pravidla pravidla pravidla pravidla pravidla pravidla pravidla pravidla pravidla pravidla pravidla pravidla pravidla pravidla pravidla pravidla pravidla pravidla pravidla pravidla pravidla pravidla pravidla pravidla pravidla pravidla pravidla pravidla pravidla pravidla pravidla pravidla pravidla pravidla pravidla pravidla pravidla pravidla pravidla pravidla pravidla pravidla pravidla pravidla pravidla pravidla pravidla pravidla pravidla pravidla pravidla pravidla pravidla pravidla pravidla pravidla
MTX201501307_anon,28,1,"Obr. č. 8: S3, začištěná plocha sondy po vybrání výplně objektů č. 503 a 504.",pravidla pravidla pravidla pravidla pravidla pravidla pravidla pravidla pravidla pravidla pravidla pravidla pravidla pravidla pravidla pravidla pravidla pravidla pravidla pravidla pravidla pravidla pravidla pravidla pravidla pravidla pravidla pravidla pravidla pravidla pravidla pravidla pravidla pravidla pravidla pravidla pravidla pravidla pravidla pravidla pravidla pravidla pravidla pravidla pravidla pravidla pravidla pravidla pravidla pravidla pravidla pravidla pravidla pravidla pravidla pravidla pravidla pravidla pravidla pravidla pravidla pravidla pravidla pravidla pravidla pravidla pravidla pravidla pravidla pravidla pravidla pravidla pravidla pravidla pravidla pravidla pravidla pravidla pravidla pravidla pravidla pravidla pravidla pravidla pravidla pravidla pravidla pravidla pravidla pravidla pravidla pravidla pravidla pravidla pravidla pravidla pravidla pravidla pravidla pravidla pravidla pravidla pravidla pravidla pravidla pravidla pravidla pravidla pravidla pravidla pravidla pravidla pravidla pravidla pravidla pravidla pravidla pravidla pravidla pravidla pravidla pravidla pravidla pravidla pravidla pravidla pravidla pravidla pravidla pravidla pravidla pravidla pravidla pravidla pravidla pravidla pravidla pravidla pravidla pravidla pravidla pravidla pravidla pravidla pravidla pravidla pravidla pravidla pravidla pravidla pravidla pravidla pravidla pravidla pravidla pravidla pravidla pravidla pravidla pravidla pravidla
MTX201501307_anon,28,1,"Obr. č. 9: S3, řez 9. Pohled na dokumentovaný řez terénem. Vpravo intaktní středověké až",pravidla pravidla pravidla pravidla pravidla pravidla pravidla pravidla
MTX201501307_anon,28,2,"novověké vrstvy terénu (SJ 119=115, 118, 114) překryté recentní navážkou (SJ 106)",pravidla pravidla pravidla pravidla pravidla
MTX201501307_anon,28,3,a současným travním drnem (SJ 101). Zcela vlevo dobře patrný výkop (SJ 503) pro plynové,pravidla pravidla pravidla pravidla pravidla pravidla pravidla pravidla
MTX201501307_anon,28,4,potrubí.,pravidla pravidla pravidla pravidla pravidla pravidla pravidla pravidla pravidla pravidla pravidla pravidla pravidla pravidla pravidla pravidla pravidla pravidla pravidla pravidla pravidla pravidla pravidla pravidla pravidla pravidla pravidla pravidla pravidla pravidla pravidla pravidla pravidla pravidla pravidla pravidla pravidla pravidla pravidla pravidla pravidla pravidla pravidla pravidla pravidla pravidla pravidla pravidla pravidla pravidla pravidla pravidla pravidla pravidla pravidla pravidla pravidla pravidla pravidla pravidla pravidla pravidla pravidla pravidla pravidla pravidla pravidla pravidla pravidla pravidla pravidla pravidla pravidla pravidla pravidla pravidla pravidla pravidla pravidla pravidla pravidla pravidla pravidla pravidla pravidla pravidla pravidla pravidla pravidla pravidla pravidla pravidla pravidla pravidla pravidla pravidla pravidla pravidla pravidla pravidla pravidla pravidla pravidla pravidla pravidla pravidla pravidla pravidla pravidla pravidla pravidla pravidla pravidla pravidla pravidla pravidla pravidla pravidla pravidla pravidla pravidla pravidla pravidla pravidla pravidla pravidla pravidla pravidla pravidla pravidla pravidla pravidla pravidla pravidla pravidla pravidla pravidla pravidla pravidla pravidla pravidla pravidla pravidla pravidla pravidla pravidla pravidla pravidla pravidla pravidla pravidla pravidla pravidla pravidla pravidla pravidla pravidla pravidla pravidla pravidla pravidla pravidla pravidla pravidla pravidla pravidla pravidla pravidla pravidla pravidla pravidla pravidla pravidla pravidla pravidla pravidla pravidla pravidla pravidla pravidla pravidla pravidla pravidla pravidla pravidla pravidla pravidla pravidla pravidla pravidla pravidla pravidla pravidla pravidla pravidla pravidla pravidla pravidla pravidla pravidla pravidla pravidla pravidla pravidla pravidla pravidla pravidla pravidla pravidla pravidla pravidla pravidla pravidla pravidla pravidla pravidla pravidla pravidla pravidla pravidla pravidla pravidla pravidla pravidla pravidla pravidla pravidla pravidla pravidla pravidla pravidla pravidla pravidla pravidla pravidla pravidla pravidla pravidla pravidla pravidla pravidla pravidla pravidla pravidla pravidla pravidla pravidla pravidla pravidla pravidla pravidla pravidla pravidla pravidla pravidla pravidla pravidla pravidla pravidla pravidla pravidla pravidla pravidla pravidla pravidla pravidla pravidla pravidla pravidla pravidla pravidla pravidla pravidla pravidla pravidla pravidla pravidla pravidla pravidla pravidla pravidla pravidla pravidla pravidla pravidla pravidla pravidla pravidla pravidla pravidla pravidla pravidla pravidla pravidla pravidla pravidla pravidla pravidla pravidla pravidla pravidla pravidla pravidla pravidla pravidla pravidla pravidla pravidla pravidla pravidla pravidla pravidla pravidla pravidla pravidla pravidla pravidla pravidla pravidla pravidla pravidla pravidla pravidla pravidla pravidla pravidla pravidla pravidla pravidla pravidla pravidla pravidla pravidla pravidla pravidla pravidla pravidla pravidla pravidla pravidla pravidla pravidla pravidla pravidla pravidla pravidla pravidla pravidla pravidla pravidla pravidla pravidla pravidla pravidla pravidla pravidla pravidla pravidla pravidla pravidla pravidla pravidla pravidla pravidla pravidla pravidla pravidla pravidla pravidla pravidla pravidla pravidla pravidla pravidla pravidla pravidla pravidla pravidla pravidla pravidla pravidla pravidla pravidla pravidla pravidla pravidla pravidla pravidla pravidla pravidla pravidla pravidla pravidla pravidla pravidla pravidla pravidla pravidla pravidla pravidla pravidla pravidla pravidla pravidla pravidla pravidla pravidla pravidla pravidla pravidla pravidla pravidla pravidla pravidla pravidla pravidla pravidla pravidla pravidla pravidla pravidla pravidla pravidla pravidla pravidla pravidla pravidla pravidla pravidla pravidla pravidla pravidla pravidla pravidla pravidla pravidla pravidla pravidla pravidla pravidla pravidla pravidla pravidla pravidla pravidla pravidla pravidla pravidla pravidla pravidla pravidla pravidla pravidla pravidla pravidla pravidla pravidla pravidla pravidla pravidla pravidla pravidla pravidla pravidla pravidla pravidla pravidla pravidla pravidla pravidla pravidla pravidla pravidla pravidla pravidla pravidla pravidla pravidla pravidla pravidla pravidla pravidla pravidla pravidla pravidla pravidla pravidla pravidla pravidla pravidla pravidla pravidla pravidla pravidla pravidla pravidla pravidla pravidla pravidla pravidla pravidla pravidla pravidla pravidla pravidla pravidla pravidla pravidla pravidla pravidla pravidla pravidla pravidla pravidla pravidla pravidla pravidla pravidla pravidla pravidla pravidla pravidla pravidla pravidla pravidla pravidla pravidla pravidla pravidla pravidla pravidla pravidla pravidla pravidla pravidla pravidla pravidla pravidla pravidla pravidla pravidla pravidla pravidla pravidla pravidla pravidla pravidla pravidla pravidla pravidla pravidla pravidla pravidla pravidla pravidla pravidla pravidla pravidla pravidla pravidla pravidla pravidla pravidla pravidla pravidla pravidla pravidla pravidla pravidla pravidla pravidla pravidla pravidla pravidla pravidla pravidla pravidla pravidla pravidla pravidla pravidla pravidla pravidla pravidla pravidla pravidla pravidla pravidla pravidla pravidla pravidla pravidla pravidla pravidla pravidla pravidla pravidla pravidla pravidla pravidla pravidla pravidla pravidla pravidla pravidla pravidla pravidla pravidla pravidla pravidla pravidla pravidla pravidla pravidla pravidla pravidla pravidla pravidla pravidla pravidla pravidla pravidla pravidla
MTX201501307_anon,29,1,25,25
MTX201501307_anon,29,1,"Obr. č. 10: S4, vrstva stavební sutě a uhlíků (SJ125) po začištění.",pravidla pravidla pravidla pravidla pravidla pravidla pravidla pravidla pravidla pravidla pravidla pravidla pravidla pravidla pravidla pravidla pravidla pravidla pravidla pravidla pravidla pravidla pravidla pravidla pravidla pravidla pravidla pravidla pravidla pravidla pravidla pravidla pravidla pravidla pravidla pravidla pravidla pravidla pravidla pravidla pravidla pravidla pravidla pravidla pravidla pravidla pravidla pravidla pravidla pravidla pravidla pravidla pravidla pravidla pravidla pravidla pravidla pravidla pravidla pravidla pravidla pravidla pravidla pravidla pravidla pravidla pravidla pravidla pravidla pravidla pravidla pravidla pravidla pravidla pravidla pravidla pravidla pravidla pravidla pravidla pravidla pravidla pravidla pravidla pravidla pravidla pravidla pravidla pravidla pravidla pravidla pravidla pravidla pravidla pravidla pravidla pravidla pravidla pravidla pravidla pravidla pravidla pravidla pravidla pravidla pravidla pravidla pravidla pravidla pravidla pravidla pravidla pravidla pravidla pravidla pravidla pravidla pravidla pravidla pravidla pravidla pravidla pravidla pravidla pravidla pravidla pravidla pravidla pravidla pravidla pravidla pravidla pravidla pravidla pravidla pravidla pravidla pravidla pravidla pravidla pravidla pravidla
MTX201501307_anon,29,1,"Obr. č. 11: S4, řez 13. Pohled na dokumentovaný řez terénem. Ve spodní části zpevňující",pravidla pravidla pravidla pravidla pravidla pravidla pravidla pravidla
MTX201501307_anon,29,2,"úpravy terénu (SJ 134, 132) a vrstvy vzniklé jejich využíváním jako komunikační polochy",pravidla pravidla pravidla pravidla pravidla
MTX201501307_anon,29,3,"(SJ 133 a 133). Nad nimi destrukční horizont (SJ 126, 125, 124) a vrstvy recentních navážek",pravidla pravidla pravidla pravidla pravidla pravidla pravidla
MTX201501307_anon,29,4,"(SJ 123,122,121).",pravidla pravidla pravidla pravidla pravidla pravidla pravidla pravidla pravidla pravidla pravidla pravidla pravidla pravidla pravidla pravidla pravidla pravidla pravidla pravidla pravidla pravidla pravidla pravidla pravidla pravidla pravidla pravidla pravidla pravidla pravidla pravidla pravidla pravidla pravidla pravidla pravidla pravidla pravidla pravidla pravidla pravidla pravidla pravidla pravidla pravidla pravidla pravidla pravidla pravidla pravidla pravidla pravidla pravidla pravidla pravidla pravidla pravidla pravidla pravidla pravidla pravidla pravidla pravidla pravidla pravidla pravidla pravidla pravidla pravidla pravidla pravidla pravidla pravidla pravidla pravidla pravidla pravidla pravidla pravidla pravidla pravidla pravidla pravidla pravidla pravidla pravidla pravidla pravidla pravidla pravidla pravidla pravidla pravidla pravidla pravidla pravidla pravidla pravidla pravidla pravidla pravidla pravidla pravidla pravidla pravidla pravidla pravidla pravidla pravidla pravidla pravidla pravidla pravidla pravidla pravidla pravidla pravidla pravidla pravidla pravidla pravidla pravidla pravidla pravidla pravidla pravidla pravidla pravidla pravidla pravidla pravidla pravidla pravidla pravidla pravidla pravidla pravidla pravidla pravidla pravidla pravidla pravidla pravidla pravidla pravidla pravidla pravidla pravidla pravidla pravidla pravidla pravidla pravidla pravidla pravidla pravidla pravidla pravidla pravidla pravidla pravidla pravidla pravidla pravidla pravidla pravidla pravidla pravidla pravidla pravidla pravidla pravidla pravidla pravidla pravidla pravidla pravidla pravidla pravidla pravidla pravidla pravidla pravidla pravidla pravidla pravidla pravidla pravidla pravidla pravidla pravidla pravidla pravidla pravidla pravidla pravidla pravidla pravidla pravidla pravidla pravidla pravidla pravidla pravidla pravidla pravidla pravidla pravidla pravidla pravidla pravidla pravidla pravidla pravidla pravidla pravidla pravidla pravidla pravidla pravidla pravidla pravidla pravidla pravidla pravidla pravidla pravidla pravidla pravidla pravidla pravidla pravidla pravidla pravidla pravidla pravidla pravidla pravidla pravidla pravidla pravidla pravidla pravidla pravidla pravidla pravidla pravidla pravidla pravidla pravidla pravidla pravidla pravidla pravidla pravidla pravidla pravidla pravidla pravidla pravidla pravidla pravidla pravidla pravidla pravidla pravidla pravidla pravidla pravidla pravidla pravidla pravidla pravidla pravidla pravidla pravidla pravidla pravidla pravidla pravidla pravidla pravidla pravidla pravidla pravidla pravidla pravidla pravidla pravidla pravidla pravidla pravidla pravidla pravidla pravidla pravidla pravidla pravidla pravidla pravidla pravidla pravidla pravidla pravidla pravidla pravidla pravidla pravidla pravidla pravidla pravidla pravidla pravidla pravidla pravidla pravidla pravidla pravidla pravidla pravidla pravidla pravidla pravidla pravidla pravidla pravidla pravidla pravidla pravidla pravidla pravidla pravidla pravidla pravidla pravidla pravidla pravidla pravidla pravidla pravidla pravidla pravidla pravidla pravidla pravidla pravidla pravidla pravidla pravidla pravidla pravidla pravidla pravidla pravidla pravidla pravidla pravidla pravidla pravidla pravidla pravidla pravidla pravidla pravidla pravidla pravidla pravidla pravidla pravidla pravidla pravidla pravidla pravidla pravidla pravidla pravidla pravidla pravidla pravidla pravidla pravidla pravidla pravidla pravidla pravidla pravidla pravidla pravidla pravidla pravidla pravidla pravidla pravidla pravidla pravidla pravidla pravidla pravidla pravidla pravidla pravidla pravidla pravidla pravidla pravidla pravidla pravidla pravidla pravidla pravidla pravidla pravidla pravidla pravidla pravidla pravidla pravidla pravidla pravidla pravidla pravidla pravidla pravidla pravidla pravidla pravidla pravidla pravidla pravidla pravidla pravidla pravidla pravidla pravidla pravidla pravidla pravidla pravidla pravidla pravidla pravidla pravidla pravidla pravidla pravidla pravidla pravidla pravidla pravidla pravidla pravidla pravidla pravidla pravidla pravidla pravidla pravidla pravidla pravidla pravidla pravidla pravidla pravidla pravidla pravidla pravidla pravidla pravidla pravidla pravidla pravidla pravidla pravidla pravidla pravidla pravidla pravidla pravidla pravidla pravidla pravidla pravidla pravidla pravidla pravidla pravidla pravidla pravidla pravidla pravidla pravidla pravidla pravidla pravidla pravidla pravidla pravidla pravidla pravidla pravidla pravidla pravidla pravidla pravidla pravidla pravidla pravidla pravidla pravidla pravidla pravidla pravidla pravidla pravidla pravidla pravidla pravidla pravidla pravidla pravidla pravidla pravidla pravidla pravidla pravidla pravidla pravidla pravidla pravidla pravidla pravidla pravidla pravidla pravidla pravidla pravidla pravidla pravidla pravidla pravidla pravidla pravidla pravidla pravidla pravidla pravidla pravidla
MTX201501307_anon,30,1,26,26
MTX201501307_anon,30,1,"Obr. č. 12: S5, začištěná plocha sondy po vybrání výplně objektů (SJ 505, 506, 507, 510).","Figure 12: S5, trench printed area after selected object fill (SJ 505, 506, 507, 510)."
MTX201501307_anon,30,1,"Obr. č. 13: S5, řez 17. Pohled na dokumentovaný řez terénem. V levém a pravém rohu sondy",
MTX201501307_anon,30,2,"exkavované části výkopů neznámého účelu (SJ 506, 507). Nad nimi vrstvy recentních navážek",
MTX201501307_anon,30,3,"(SJ 138,137) a současný povrch terénu (SJ 101).","Figure 13: S5, linear trench 17. A view of the documented linear trench terrain. In the left and right horn trench excavation section of excavations of unknown purpose (SJ 506, 507). Above them, layers of recent bindings (SJ 138,137) and the current surface field (SJ 101)."
MTX201501307_anon,31,1,27,27
MTX201501307_anon,31,1,"Obr. č. 14: S6, řez 22. Pohled na dokumentovaný řez terénem. Ve spodní polovině sondy","Figure 14: S6, linear trench 22. A view of the documented linear trench terrain. In the lower half of trench"
MTX201501307_anon,31,2,"fluviální sedimenty (SJ 157, 154, 156, 153, 151). V horní polovině sondy navážky písčitých hlín","fluvial sediment (SJ 157, 154, 156, 153, 151). In the top half, trench weighs sandy clays"
MTX201501307_anon,31,3,"(SJ 150, 149, 148).","(SJ 150, 149, 148)."
MTX201501307_anon,32,1,28,28
MTX201501307_anon,32,1,"Obr. č. 15: S7, řez 27. Pohled na dokumentovaný řez terénem. Při dně sondy hnědý","Figure 15: S7, linear trench 27. A view of the documented linear trench terrain. At the bottom of trench brown"
MTX201501307_anon,32,2,půdotvorný horizont (SJ164) nad ním tmavá kulturní vrstva (SJ 166).,soil-forming horizon (SJ164) above it dark cultural layer (SJ 166).
MTX201501307_anon,32,1,"Obr. č. 16: S8, začištěná plocha sondy po exkavaci na podloží (SJ 100). Ve spodní části snímku","Figure 16: S8, trench printed area after excavation to subsoil (SJ 100). cut for gas"
MTX201501307_anon,32,2,"dobře patrný výkop pro plynové potrubí (SJ 513), vlevo výkop kanalizace (SJ 512).","plumbing pipe (SJ 513), left cut sewer (SJ 512)."
MTX201501307_anon,33,1,29,29
MTX201501307_anon,33,1,"Obr. č. 17: S8, řez 30. Pohled na dokumentovaný řez terénem. Vlevo výkop pro kanalizaci","Figure 17: S8, linear trench 30. A view of the documented linear trench terrain. Left cut for sewer"
MTX201501307_anon,33,2,"(SJ 512). V prohlubni skalnatého podloží (SJ 100) uprostřed snímku, zachované raně novověké","(SJ 512). In the hollow of the rocky subsoil (SJ 100) in the center of the slide, preserved early modern"
MTX201501307_anon,33,3,"vrstvy (SJ 174,173). Zbytek profilu tvoří návážky 19. - 20. stol.","layers (SJ 174,173). The rest of the profile is made up of labels for the 19th - 20th century."
MTX201501307_anon,34,1,30,30
MTX201501307_anon,34,1,"Obr. č. 18: S4, průběh exkavačnačních prací.","Figure 18: S4, progress of excavation work."
MTX201501307_anon,35,1,31,31
MTX201501307_anon,35,1,"Obr. č. 19: Fragment vyhřívací stěny komorového kachle 2. pol. 16. stol., S4, SJ 125,","Figure 19: Warming wall fragment of chamber stove tile 2nd mid 16th century, S4, SJ 125,"
MTX201501307_anon,35,2,foto: Kadlecová.,photo: Kadlecova.
MTX201501307_anon,36,1,32,32
MTX201501307_anon,36,1,Ji A 21/13/167,
MTX201501307_anon,36,2,"Obr. č. 20: Kermaika 16. stol., S4, SJ 125, foto: Kadlecová.","Ji A 21/13/167 Figure 20: Kermaika 16th century, S4, SJ 125, photo: Kadlecova."
MTX201501307_anon,36,1,JiA 21/13/169,
MTX201501307_anon,36,2,"Obr. č. 21: Kermaika 16. stol., S4, SJ 125, foto: Kadlecová.","JiA 21/13/169 Figure 21: Kermaika 16th century, S4, SJ 125, photo: Kadlecova."
MTX201501307_anon,37,1,33,pravidla pravidla pravidla pravidla pravidla pravidla pravidla pravidla pravidla pravidla pravidla pravidla pravidla pravidla pravidla pravidla pravidla pravidla pravidla pravidla pravidla pravidla pravidla pravidla pravidla pravidla pravidla pravidla pravidla pravidla pravidla pravidla pravidla pravidla pravidla pravidla pravidla pravidla pravidla pravidla pravidla pravidla pravidla pravidla pravidla pravidla pravidla pravidla pravidla pravidla pravidla pravidla pravidla pravidla pravidla pravidla pravidla pravidla pravidla pravidla pravidla pravidla pravidla pravidla pravidla pravidla pravidla pravidla pravidla pravidla pravidla pravidla pravidla pravidla pravidla pravidla pravidla pravidla pravidla pravidla pravidla pravidla pravidla pravidla pravidla pravidla pravidla pravidla pravidla pravidla pravidla pravidla pravidla pravidla pravidla pravidla pravidla pravidla pravidla pravidla pravidla pravidla
MTX201501307_anon,37,1,JiA 21/13/40,JiA 21/13/40
MTX201501307_anon,37,1,"Obr. č. 22: Kermaika 14. stol., S3, SJ 106, foto: Kadlecová.","Figure 22: Kermaika 14th century, S3, SJ 106, photo: Kadlecova."
MTX201501307_anon,37,1,"Obr. č. 23: Kermaika 14. -15. stol., S3, SJ 119, foto: Kadlecová.","Figure 23: Kermaika 14. -15th century, S3, SJ 119, photo: Kadlecova."
MTX201501307_anon,38,1,34,34
MTX201501307_anon,38,1,"Obr. č. 24: Kermaika 14. -15. stol., S3, SJ 119, foto: Kadlecová.","Figure 24: Kermaika 14. -15th century, S3, SJ 119, photo: Kadlecova."
MTX201501307_anon,38,1,JiA 21/13/131,JiA 21/13/131
MTX201501307_anon,38,1,"Obr. č. 25: Kermaika 14. -15. stol., S3, SJ 119, foto: Kadlecová.","Figure 25: Kermaika 14. -15th century, S3, SJ 119, photo: Kadlecova."
MTX201501307_anon,39,1,35,35
MTX201501307_anon,39,1,Obr. č. 26: Fragment vyhřívací stěny komorového kachle získaný při archeologickém výzkumu v Bukovníku,Figure 26: A fragment of the heating wall of the chambered stove tile recovered from archaeological research in Bukovnik
MTX201501307_anon,39,2,"(okres Brod nad Lučinou). Zdroj: Hušták 2014, obr. č. 20, tab. č. 11.","(Brod nad Luchina district). Source: Hušták 2014, Figure 20, Table 11."
MTX201501307_anon,40,1,36,36
MTX201501307_anon,40,1,Obr. č. 27: Fragment vyhřívací stěny komorového kachle získaný při,Figure 27: A fragment of the heating wall of the chambered stove tile obtained
MTX201501307_anon,40,2,archeologickém výzkumu v Blažejovicích u Rozsoch (okres Brod nad,during archaeological research in Blažejovice u Rozsoch (Brod nad
MTX201501307_anon,40,3,"Lučinou). Zdroj: Marek 2014, obr. č. 5.","Luchinou district). Source: Mark 2014, Figure 5."
MTX201501307_anon,41,1,37,37
MTX201501307_anon,41,1,Kresebná příloha artefaktů,Artifacts Drawing Attachment
MTX201501307_anon,42,1,62/2013 Vraní,pravidla pravidla pravidla pravidla pravidla pravidla pravidla pravidla pravidla pravidla pravidla pravidla pravidla pravidla pravidla pravidla pravidla pravidla pravidla pravidla pravidla pravidla pravidla pravidla pravidla pravidla pravidla pravidla pravidla pravidla pravidla pravidla pravidla pravidla pravidla pravidla pravidla pravidla pravidla pravidla pravidla pravidla pravidla pravidla pravidla pravidla pravidla pravidla pravidla pravidla pravidla pravidla pravidla pravidla pravidla pravidla pravidla pravidla pravidla pravidla pravidla pravidla pravidla pravidla pravidla pravidla pravidla pravidla pravidla pravidla pravidla pravidla pravidla pravidla pravidla pravidla pravidla pravidla pravidla pravidla pravidla pravidla pravidla pravidla pravidla pravidla pravidla pravidla pravidla pravidla pravidla pravidla pravidla pravidla pravidla pravidla pravidla pravidla pravidla pravidla pravidla pravidla pravidla pravidla pravidla pravidla pravidla pravidla pravidla pravidla pravidla pravidla pravidla
MTX201501307_anon,42,1,Tab. 01,pravidla pravidla pravidla pravidla pravidla pravidla pravidla pravidla pravidla pravidla pravidla pravidla pravidla pravidla pravidla pravidla pravidla pravidla pravidla pravidla pravidla pravidla pravidla pravidla pravidla pravidla pravidla pravidla pravidla pravidla pravidla pravidla pravidla pravidla pravidla pravidla pravidla pravidla pravidla pravidla pravidla pravidla pravidla pravidla pravidla pravidla pravidla pravidla pravidla pravidla pravidla pravidla pravidla pravidla pravidla pravidla pravidla pravidla pravidla pravidla pravidla pravidla pravidla pravidla pravidla pravidla pravidla pravidla pravidla pravidla pravidla pravidla pravidla pravidla pravidla pravidla pravidla pravidla pravidla pravidla pravidla pravidla pravidla pravidla pravidla pravidla pravidla pravidla pravidla pravidla pravidla pravidla pravidla pravidla pravidla pravidla pravidla pravidla pravidla pravidla pravidla pravidla pravidla pravidla pravidla pravidla pravidla pravidla pravidla pravidla pravidla pravidla pravidla pravidla pravidla pravidla pravidla pravidla pravidla pravidla pravidla pravidla pravidla pravidla pravidla pravidla pravidla pravidla pravidla pravidla pravidla pravidla pravidla pravidla pravidla pravidla pravidla pravidla pravidla pravidla pravidla pravidla pravidla pravidla pravidla pravidla pravidla pravidla pravidla pravidla pravidla pravidla pravidla pravidla pravidla pravidla pravidla pravidla pravidla pravidla pravidla pravidla pravidla pravidla pravidla pravidla pravidla pravidla pravidla pravidla pravidla pravidla pravidla pravidla pravidla pravidla pravidla pravidla pravidla pravidla pravidla pravidla pravidla pravidla pravidla pravidla pravidla pravidla pravidla pravidla pravidla pravidla pravidla pravidla pravidla pravidla pravidla pravidla pravidla pravidla pravidla pravidla pravidla pravidla pravidla pravidla pravidla pravidla pravidla pravidla
MTX201501307_anon,42,1,0,0
MTX201501307_anon,42,1,5 cm,pravidla pravidla pravidla pravidla pravidla pravidla pravidla pravidla pravidla pravidla pravidla pravidla pravidla pravidla pravidla pravidla pravidla pravidla pravidla pravidla pravidla pravidla pravidla pravidla pravidla pravidla pravidla pravidla pravidla pravidla pravidla pravidla pravidla pravidla pravidla pravidla pravidla pravidla pravidla pravidla pravidla pravidla pravidla pravidla pravidla pravidla pravidla pravidla pravidla pravidla pravidla pravidla pravidla pravidla pravidla pravidla pravidla pravidla pravidla pravidla pravidla pravidla pravidla pravidla pravidla pravidla pravidla pravidla pravidla pravidla pravidla pravidla pravidla pravidla pravidla pravidla pravidla pravidla pravidla pravidla pravidla pravidla pravidla pravidla pravidla pravidla pravidla pravidla pravidla pravidla pravidla pravidla pravidla pravidla pravidla pravidla pravidla pravidla pravidla pravidla pravidla pravidla pravidla pravidla pravidla
MTX201501307_anon,42,1,"sonda 4, vrstva 125",pravidla pravidla pravidla pravidla pravidla pravidla pravidla pravidla pravidla pravidla pravidla pravidla pravidla pravidla pravidla pravidla pravidla pravidla pravidla pravidla pravidla pravidla pravidla pravidla pravidla pravidla pravidla pravidla pravidla pravidla pravidla pravidla pravidla pravidla pravidla pravidla pravidla pravidla pravidla pravidla pravidla pravidla pravidla pravidla pravidla pravidla pravidla pravidla pravidla pravidla pravidla pravidla pravidla pravidla pravidla pravidla pravidla pravidla pravidla pravidla pravidla pravidla pravidla pravidla pravidla pravidla pravidla pravidla pravidla pravidla pravidla pravidla pravidla pravidla pravidla pravidla pravidla pravidla pravidla pravidla pravidla pravidla pravidla pravidla pravidla pravidla pravidla pravidla pravidla pravidla pravidla pravidla pravidla pravidla pravidla pravidla pravidla pravidla pravidla pravidla pravidla pravidla pravidla pravidla pravidla pravidla pravidla pravidla
MTX201501307_anon,42,1,G••,pravidla pravidla pravidla pravidla pravidla pravidla pravidla pravidla pravidla pravidla pravidla pravidla pravidla pravidla pravidla pravidla pravidla pravidla pravidla pravidla pravidla pravidla pravidla pravidla pravidla pravidla pravidla pravidla pravidla pravidla pravidla pravidla pravidla pravidla pravidla pravidla pravidla pravidla pravidla pravidla pravidla pravidla pravidla pravidla pravidla pravidla pravidla pravidla pravidla pravidla pravidla pravidla pravidla pravidla pravidla pravidla pravidla pravidla pravidla pravidla pravidla pravidla pravidla pravidla pravidla pravidla pravidla pravidla pravidla pravidla pravidla pravidla pravidla pravidla pravidla pravidla pravidla pravidla pravidla pravidla pravidla pravidla pravidla pravidla pravidla pravidla pravidla pravidla pravidla pravidla pravidla pravidla pravidla pravidla pravidla pravidla pravidla pravidla pravidla pravidla pravidla pravidla pravidla pravidla pravidla
MTX201501307_anon,42,1,aaaAUu,aaaAUu
MTX201501307_anon,42,2,aagUu.,aagUu.
MTX201501307_anon,42,3,Waus a5,Waus a5
MTX201501307_anon,42,4,•gg aUg,•gg aUg
MTX201501307_anon,42,5,wu• a a 5,wu• a a 5
MTX201501307_anon,42,6,MugaR,MugaR
MTX201501307_anon,42,1,i. č. JiA 21/13/166,pravidla pravidla pravidla pravidla pravidla pravidla pravidla pravidla pravidla pravidla pravidla pravidla pravidla pravidla pravidla pravidla pravidla pravidla pravidla pravidla pravidla pravidla pravidla pravidla pravidla pravidla pravidla pravidla pravidla pravidla pravidla pravidla pravidla pravidla pravidla pravidla pravidla pravidla pravidla pravidla pravidla pravidla pravidla pravidla pravidla pravidla pravidla pravidla pravidla pravidla pravidla pravidla pravidla pravidla pravidla pravidla pravidla pravidla pravidla pravidla pravidla pravidla pravidla pravidla pravidla pravidla pravidla pravidla pravidla pravidla pravidla pravidla pravidla pravidla pravidla pravidla pravidla pravidla pravidla pravidla pravidla pravidla pravidla pravidla pravidla pravidla pravidla pravidla pravidla pravidla pravidla pravidla pravidla pravidla pravidla pravidla pravidla pravidla pravidla pravidla pravidla pravidla pravidla pravidla pravidla pravidla pravidla pravidla pravidla pravidla pravidla pravidla pravidla
MTX201501307_anon,43,1,62/2013 Vraní,62/2013 Crows
MTX201501307_anon,43,1,Tab. 02,Tab. 02
MTX201501307_anon,43,1,0 5 cm,0 5 cm
MTX201501307_anon,43,1,"sonda 3, vrstva 106","probe 3, layer 106"
MTX201501307_anon,43,1,č. 62/2013 - 9,No 62/2013 - 9
MTX201501307_anon,43,2,i. č. JiA 21/13/40,i JiA No 21/13/40
MTX201501307_anon,43,1,"sonda 3, vrstva 119","probe 3, layer 119"
MTX201501307_anon,43,1,č. 62/2013 - 21,No 62/2013 - 21
MTX201501307_anon,43,2,i. č. JiA 21/13/131,i JiA No 21/13/131
MTX201501307_anon,43,1,č. 62/2013 - 21,No 62/2013 - 21
MTX201501307_anon,43,2,i. č. JiA 21/13/130,i JiA No 21/13/130
MTX201501307_anon,43,1,č. 62/2013 - 21,No 62/2013 - 21
MTX201501307_anon,43,2,i. č. JiA 21/13/132,i JiA No 21/13/132
MTX201501307_anon,44,1,62/2013 Vraní,pravidla pravidla pravidla pravidla pravidla pravidla pravidla pravidla pravidla pravidla pravidla pravidla pravidla pravidla pravidla pravidla pravidla pravidla pravidla pravidla pravidla pravidla pravidla pravidla pravidla pravidla pravidla pravidla pravidla pravidla pravidla pravidla pravidla pravidla pravidla pravidla pravidla pravidla pravidla pravidla pravidla pravidla pravidla pravidla pravidla pravidla pravidla pravidla pravidla pravidla pravidla pravidla pravidla pravidla pravidla pravidla pravidla pravidla pravidla pravidla pravidla pravidla pravidla pravidla pravidla pravidla pravidla pravidla pravidla pravidla pravidla pravidla pravidla pravidla pravidla pravidla pravidla pravidla pravidla pravidla pravidla pravidla pravidla pravidla pravidla pravidla pravidla pravidla pravidla pravidla pravidla pravidla pravidla pravidla pravidla pravidla pravidla pravidla pravidla pravidla pravidla pravidla pravidla pravidla pravidla pravidla pravidla pravidla pravidla pravidla pravidla pravidla pravidla pravidla pravidla pravidla pravidla pravidla pravidla pravidla
MTX201501307_anon,44,1,Tab. 03,Tab. 03
MTX201501307_anon,44,1,0 5 cm,0 5 cm
MTX201501307_anon,44,1,"sonda 4, vrstva 125","probe 4, layer 125"
MTX201501307_anon,44,1,glazura,glaze
MTX201501307_anon,44,1,č. 62/2013 - 26,pravidla pravidla pravidla pravidla pravidla pravidla pravidla pravidla pravidla pravidla pravidla pravidla pravidla pravidla pravidla pravidla pravidla pravidla pravidla pravidla pravidla pravidla pravidla pravidla pravidla pravidla pravidla pravidla pravidla pravidla pravidla pravidla pravidla pravidla pravidla pravidla pravidla pravidla pravidla pravidla pravidla pravidla pravidla pravidla pravidla pravidla pravidla pravidla pravidla pravidla pravidla pravidla pravidla pravidla pravidla pravidla pravidla pravidla pravidla pravidla pravidla pravidla pravidla pravidla pravidla pravidla pravidla pravidla pravidla pravidla pravidla pravidla pravidla pravidla pravidla pravidla pravidla pravidla pravidla pravidla pravidla pravidla pravidla pravidla pravidla pravidla pravidla pravidla pravidla pravidla pravidla pravidla pravidla pravidla pravidla pravidla pravidla pravidla pravidla pravidla pravidla pravidla pravidla pravidla pravidla pravidla pravidla pravidla pravidla pravidla pravidla pravidla pravidla
MTX201501307_anon,44,2,i. č. JiA 21/13/169,pravidla pravidla pravidla pravidla pravidla pravidla pravidla
MTX201501307_anon,44,1,glazura vnitřní a na vnější straně okraje,pravidla pravidla pravidla pravidla pravidla pravidla pravidla pravidla pravidla pravidla pravidla pravidla pravidla pravidla pravidla pravidla pravidla pravidla pravidla pravidla pravidla pravidla pravidla pravidla pravidla pravidla pravidla pravidla pravidla pravidla pravidla pravidla pravidla pravidla pravidla pravidla pravidla pravidla pravidla pravidla pravidla pravidla pravidla pravidla pravidla pravidla pravidla pravidla pravidla pravidla pravidla pravidla pravidla pravidla pravidla pravidla pravidla pravidla pravidla pravidla pravidla pravidla pravidla pravidla pravidla pravidla pravidla pravidla pravidla pravidla pravidla pravidla pravidla pravidla pravidla pravidla pravidla pravidla pravidla pravidla pravidla pravidla pravidla pravidla pravidla pravidla pravidla pravidla pravidla pravidla pravidla pravidla pravidla pravidla pravidla pravidla pravidla pravidla pravidla pravidla pravidla pravidla pravidla pravidla pravidla pravidla pravidla pravidla pravidla pravidla pravidla pravidla pravidla pravidla pravidla pravidla pravidla pravidla pravidla pravidla
MTX201501307_anon,44,1,č. 62/2013 - 26,pravidla pravidla pravidla pravidla pravidla pravidla pravidla pravidla pravidla pravidla pravidla pravidla pravidla pravidla pravidla pravidla pravidla pravidla pravidla pravidla pravidla pravidla pravidla pravidla pravidla pravidla pravidla pravidla pravidla pravidla pravidla pravidla pravidla pravidla pravidla pravidla pravidla pravidla pravidla pravidla pravidla pravidla pravidla pravidla pravidla pravidla pravidla pravidla pravidla pravidla pravidla pravidla pravidla pravidla pravidla pravidla pravidla pravidla pravidla pravidla pravidla pravidla pravidla pravidla pravidla pravidla pravidla pravidla pravidla pravidla pravidla pravidla pravidla pravidla pravidla pravidla pravidla pravidla pravidla pravidla pravidla pravidla pravidla pravidla pravidla pravidla pravidla pravidla pravidla pravidla pravidla pravidla pravidla pravidla pravidla pravidla pravidla pravidla pravidla pravidla pravidla pravidla pravidla pravidla pravidla pravidla pravidla pravidla pravidla pravidla pravidla pravidla pravidla
MTX201501307_anon,44,2,i. č. JiA 21/13/167,pravidla pravidla pravidla pravidla pravidla pravidla pravidla
MTX201501307_anon,45,1,38,38
MTX201501307_anon,45,1,Kresebná dokumentace archeologických situací,drawn documentation archaeological situations
MTX201501307_anon,51,1,N,N
MTX201501307_anon,54,1,řez 26,linear trench 26
MTX201501307_anon,55,1,n -O,n -O
MTX201501307_anon,57,1,"Seznam: vrstev, objektů, konstrukcí, výkresů, nálezů","List: layers, objects, structures, drawings, finds"
MTX201501307_anon,57,1,39,39
MTX201501307_anon,58,1,hnědá,brown
MTX201501307_anon,60,1,"123 S4 v řezu část středně šedá hlína písčitá středně cihlovina 2%, do 0,5 vrstva navážka",
MTX201501307_anon,60,2,"ulehlá cm, písek 40%, kam.",
MTX201501307_anon,60,3,"3%, do 1 cm, hlína",
MTX201501307_anon,60,4,55%,"123 S4 in linear trench part medium grey clay sandy medium brick 2%, up to 0.5 layer backfill lay cm, sand 40%, kam. 3%, up to 1 cm, clay 55%"
MTX201501307_anon,61,1,šedo-hnědá,grey-brown
MTX201501307_anon,62,1,"139 506 S5 v řezu část středně hlína písčitá středně ulehlá kam. 3%, písek 20%, výplň výkopu zásyp výkopu",
MTX201501307_anon,62,2,béžovo- hlína 77%,
MTX201501307_anon,62,3,hnědá,"139 506 S5 in linear trench part medium clay sandy medium-bed kam. 3%, sand 20%, fill cut powder cut beige- clay 77% brown"
MTX201501307_anon,64,1,šedo-hnědá,grey-brown
MTX201501307_anon,65,1,55%,55%
MTX201501307_anon,68,1,0),
MTX201501307_anon,68,2,u,
MTX201501307_anon,68,3,9,
MTX201501307_anon,68,4,= 9,
MTX201501307_anon,68,5,— Q.,
MTX201501307_anon,68,6,s ä,
MTX201501307_anon,68,7,O t,
MTX201501307_anon,68,8,D .2,0) u 9 = 9 — Q. s ä O t D .2
MTX201501307_anon,68,1,>0,
MTX201501307_anon,68,2,n .Q,
MTX201501307_anon,68,3,9 .X,
MTX201501307_anon,68,4,o 9,
MTX201501307_anon,68,5,o 2,
MTX201501307_anon,68,6,9 a,
MTX201501307_anon,68,7,> E,>0 n .Q 9 .X o 9 o 2 9 a > E
MTX201501307_anon,68,1,>0),
MTX201501307_anon,68,2,n .Q,
MTX201501307_anon,68,3,P V,
MTX201501307_anon,68,4,o 2,
MTX201501307_anon,68,5,o 'c,
MTX201501307_anon,68,6,9 OJ,
MTX201501307_anon,68,7,( N,
MTX201501307_anon,68,8,> =,>0) n .Q P V o 2 o 'c 9 OJ ( N > =
MTX201501307_anon,68,1,>0,
MTX201501307_anon,68,2,o .Q,
MTX201501307_anon,68,3,P X,
MTX201501307_anon,68,4,o 9,
MTX201501307_anon,68,5,o &,
MTX201501307_anon,68,6,9 OJ,
MTX201501307_anon,68,7,> s,>0 o .Q P X o 9 o & 9 OJ > s
MTX201501307_anon,68,1,>0,
MTX201501307_anon,68,2,n .Q,
MTX201501307_anon,68,3,P X,
MTX201501307_anon,68,4,o 2,
MTX201501307_anon,68,5,o 'c,
MTX201501307_anon,68,6,9 O,
MTX201501307_anon,68,7,> .2,>0 n .Q P X o 2 o 'c 9 O > .2
MTX201501307_anon,68,1,c,
MTX201501307_anon,68,2,Oj,
MTX201501307_anon,68,3,9 R,
MTX201501307_anon,68,4,as,
MTX201501307_anon,68,5,§&,c Oj 9 R as §&
MTX201501307_anon,68,1,'05,'05
MTX201501307_anon,68,2,S,S
MTX201501307_anon,68,1,E,E
MTX201501307_anon,68,2,<D,<D
MTX201501307_anon,68,3,9,9
MTX201501307_anon,68,4,5,5
MTX201501307_anon,68,5,CD,CD
MTX201501307_anon,68,6,CZ,CZ
MTX201501307_anon,68,1,E,E
MTX201501307_anon,68,2,CD,CD
MTX201501307_anon,68,3,>9,>9
MTX201501307_anon,68,4,ZZ5,ZZ5
MTX201501307_anon,68,5,CD,CD
MTX201501307_anon,68,6,CZ,CZ
MTX201501307_anon,68,1,C,
MTX201501307_anon,68,2,>0,
MTX201501307_anon,68,3,C,
MTX201501307_anon,68,4,G,
MTX201501307_anon,68,5,o,
MTX201501307_anon,68,6,"""O",
MTX201501307_anon,68,7,o,
MTX201501307_anon,68,8,O,
MTX201501307_anon,68,9,o,
MTX201501307_anon,68,10,S,"C >0 C G o ""O o o O o S"
MTX201501307_anon,68,1,O,O
MTX201501307_anon,68,2,C,C
MTX201501307_anon,68,3,CD,CD
MTX201501307_anon,68,4,9,9
MTX201501307_anon,68,5,5,5
MTX201501307_anon,68,6,CD,CD
MTX201501307_anon,68,7,C,C
MTX201501307_anon,68,1,>0),
MTX201501307_anon,68,2,n .Q,
MTX201501307_anon,68,3,P .X,
MTX201501307_anon,68,4,o 9,
MTX201501307_anon,68,5,o 'c,
MTX201501307_anon,68,6,9 OJ,
MTX201501307_anon,68,7,N,
MTX201501307_anon,68,8,> =,>0) n .Q P .X o 9 o 'c 9 OJ N> =
MTX201501307_anon,68,1,o,
MTX201501307_anon,68,2,o,
MTX201501307_anon,68,3,(,
MTX201501307_anon,68,4,C o,
MTX201501307_anon,68,5,8 2,
MTX201501307_anon,68,6,2 @,
MTX201501307_anon,68,7,s0o e,o o ( C o 8 2 2 @ s0o e
MTX201501307_anon,68,1,E,
MTX201501307_anon,68,2,-(o,
MTX201501307_anon,68,3,c,
MTX201501307_anon,68,4,o,
MTX201501307_anon,68,5,2 o,
MTX201501307_anon,68,6,5 9,
MTX201501307_anon,68,7,E $,E -(o c o 2 o 5 9 E $
MTX201501307_anon,68,1,S,S
MTX201501307_anon,68,2,-cu,-cu
MTX201501307_anon,68,3,CZ,CZ
MTX201501307_anon,68,4,O,O
MTX201501307_anon,68,5,2 o,2 o
MTX201501307_anon,68,6,g 9,g 9
MTX201501307_anon,68,7,E >,E >
MTX201501307_anon,68,1,c,
MTX201501307_anon,68,2,-(o,
MTX201501307_anon,68,3,c,
MTX201501307_anon,68,4,o,
MTX201501307_anon,68,5,2 o,
MTX201501307_anon,68,6,g s,
MTX201501307_anon,68,7,E >,c -(o c o 2 o g s E >
MTX201501307_anon,68,1,E,
MTX201501307_anon,68,2,'ro,
MTX201501307_anon,68,3,C,
MTX201501307_anon,68,4,O,
MTX201501307_anon,68,5,2 o,
MTX201501307_anon,68,6,g 9,
MTX201501307_anon,68,7,E >,E 'ro C O 2 o g 9 E >
MTX201501307_anon,68,1,E,
MTX201501307_anon,68,2,-co,
MTX201501307_anon,68,3,c,
MTX201501307_anon,68,4,o,
MTX201501307_anon,68,5,2 o,
MTX201501307_anon,68,6,g -S,
MTX201501307_anon,68,7,E >,E -co c o 2 o g -S E >
MTX201501307_anon,68,1,€,€
MTX201501307_anon,68,2,'05,'05
MTX201501307_anon,68,3,CZ,CZ
MTX201501307_anon,68,4,o,about
MTX201501307_anon,68,5,2 o,2 about
MTX201501307_anon,68,6,5 9,5 9
MTX201501307_anon,68,7,E $,E $
MTX201501307_anon,68,1,<,<
MTX201501307_anon,68,2,'05,'05
MTX201501307_anon,68,3,CZ,CZ
MTX201501307_anon,68,4,o,o
MTX201501307_anon,68,5,2 o,2 o
MTX201501307_anon,68,6,5 9,5 9
MTX201501307_anon,68,7,E $,E $
MTX201501307_anon,68,1,'c,'c
MTX201501307_anon,68,2,'ro,'ro
MTX201501307_anon,68,3,CZ,CZ
MTX201501307_anon,68,4,O,O
MTX201501307_anon,68,5,2 o,2 o
MTX201501307_anon,68,6,g 9,g 9
MTX201501307_anon,68,7,E >,E >
MTX201501307_anon,68,1,c,c
MTX201501307_anon,68,2,'ro,'ro
MTX201501307_anon,68,3,CZ,CZ
MTX201501307_anon,68,4,o,about
MTX201501307_anon,68,5,2 o,2 o
MTX201501307_anon,68,6,5 9,5 9
MTX201501307_anon,68,7,E $,E $
MTX201501307_anon,68,1,C,C
MTX201501307_anon,68,2,'ro,'ro
MTX201501307_anon,68,3,CZ,CZ
MTX201501307_anon,68,4,o,o
MTX201501307_anon,68,5,2 o,2 o
MTX201501307_anon,68,6,g 9,g 9
MTX201501307_anon,68,7,E >,E >
MTX201501307_anon,68,1,E,
MTX201501307_anon,68,2,'ro,
MTX201501307_anon,68,3,CZ,
MTX201501307_anon,68,4,O,
MTX201501307_anon,68,5,2 o,
MTX201501307_anon,68,6,g s,
MTX201501307_anon,68,7,E >,E 'ro CZ O 2 o g s E >
MTX201501307_anon,68,1,E,
MTX201501307_anon,68,2,>0,
MTX201501307_anon,68,3,E,
MTX201501307_anon,68,4,E 2,E >0 E E 2
MTX201501307_anon,68,1,(,
MTX201501307_anon,68,2,.Y,
MTX201501307_anon,68,3,O,
MTX201501307_anon,68,4,• .,
MTX201501307_anon,68,5,g E,
MTX201501307_anon,68,6,x —,( .Y O • . g E x —
MTX201501307_anon,68,1,LD,
MTX201501307_anon,68,2,O,LD O
MTX201501307_anon,68,1,N,
MTX201501307_anon,68,2,O,N O
MTX201501307_anon,68,1,t,t
MTX201501307_anon,68,2,S,S
MTX201501307_anon,68,1,&i,&i
MTX201501307_anon,68,2,S,S
MTX201501307_anon,68,1,s,
MTX201501307_anon,68,2,O,s O
MTX201501307_anon,68,1,N,
MTX201501307_anon,68,2,o',N o'
MTX201501307_anon,68,1,E,E
MTX201501307_anon,68,2,to,to
MTX201501307_anon,68,3,—,—
MTX201501307_anon,68,4,w,w
MTX201501307_anon,68,1,LA,
MTX201501307_anon,68,2,LD,
MTX201501307_anon,68,3,O,LA LD O
MTX201501307_anon,68,1,t,
MTX201501307_anon,68,2,O,
MTX201501307_anon,68,3,s,
MTX201501307_anon,68,4,O,t O s O
MTX201501307_anon,68,1,LA) LA),
MTX201501307_anon,68,2,s P,
MTX201501307_anon,68,3,"O o""","LA) with P O o"""
MTX201501307_anon,68,1,o,
MTX201501307_anon,68,2,s,
MTX201501307_anon,68,3,O,o s O
MTX201501307_anon,68,1,(o,
MTX201501307_anon,68,2,— . .,
MTX201501307_anon,68,3,Q €,
MTX201501307_anon,68,4,Q S,(o — . . Q € Q S
MTX201501307_anon,68,1,ro,ro
MTX201501307_anon,68,2,c,c
MTX201501307_anon,68,3,S,S
MTX201501307_anon,68,4,(o,(o
MTX201501307_anon,68,5,>,>
MTX201501307_anon,68,6,F,F
MTX201501307_anon,68,1,O,
MTX201501307_anon,68,2,C,
MTX201501307_anon,68,3,OJ,
MTX201501307_anon,68,4,9,
MTX201501307_anon,68,5,3,
MTX201501307_anon,68,6,O,
MTX201501307_anon,68,7,C,O C OJ 9 3 O C
MTX201501307_anon,68,1,o,
MTX201501307_anon,68,2,C,
MTX201501307_anon,68,3,(D,
MTX201501307_anon,68,4,9,
MTX201501307_anon,68,5,•,
MTX201501307_anon,68,6,OJ,
MTX201501307_anon,68,7,C,o C (D 9 • OJ C
MTX201501307_anon,68,1,O,
MTX201501307_anon,68,2,C,
MTX201501307_anon,68,3,d),
MTX201501307_anon,68,4,9,
MTX201501307_anon,68,5,•,
MTX201501307_anon,68,6,(D,
MTX201501307_anon,68,7,C,O C d) 9 • (D C
MTX201501307_anon,68,1,o,o
MTX201501307_anon,68,2,c,c
MTX201501307_anon,68,3,CD,CD
MTX201501307_anon,68,4,9,9
MTX201501307_anon,68,5,•,•
MTX201501307_anon,68,6,CD,CD
MTX201501307_anon,68,7,C,C
MTX201501307_anon,68,1,o,o
MTX201501307_anon,68,2,C,C
MTX201501307_anon,68,3,(D,(D
MTX201501307_anon,68,4,9,9
MTX201501307_anon,68,5,•,•
MTX201501307_anon,68,6,CD,CD
MTX201501307_anon,68,7,CZ,CZ
MTX201501307_anon,68,1,CZ,CZ
MTX201501307_anon,68,2,CD,CD
MTX201501307_anon,68,3,.9,.9
MTX201501307_anon,68,4,Ž,Ž
MTX201501307_anon,68,5,o,o
MTX201501307_anon,68,6,CD,CD
MTX201501307_anon,68,7,C >,C >
MTX201501307_anon,68,1,o,o
MTX201501307_anon,68,2,c,c
MTX201501307_anon,68,3,CD,CD
MTX201501307_anon,68,4,9,9
MTX201501307_anon,68,5,•,•
MTX201501307_anon,68,6,CD,CD
MTX201501307_anon,68,7,CZ,CZ
MTX201501307_anon,68,1,o,o
MTX201501307_anon,68,2,CZ,CZ
MTX201501307_anon,68,3,CD,CD
MTX201501307_anon,68,4,0,0
MTX201501307_anon,68,5,•,•
MTX201501307_anon,68,6,CD,CD
MTX201501307_anon,68,7,CZ,CZ
MTX201501307_anon,68,1,'CD,
MTX201501307_anon,68,2,-C,
MTX201501307_anon,68,3,O,
MTX201501307_anon,68,4,o,'CD -C O o
MTX201501307_anon,68,1,o,o
MTX201501307_anon,68,2,c,c
MTX201501307_anon,68,3,CD,CD
MTX201501307_anon,68,4,9,9
MTX201501307_anon,68,5,•,•
MTX201501307_anon,68,6,CD,CD
MTX201501307_anon,68,7,CZ,CZ
MTX201501307_anon,68,1,o,o
MTX201501307_anon,68,2,C,C
MTX201501307_anon,68,3,CD,CD
MTX201501307_anon,68,4,9,9
MTX201501307_anon,68,5,ZZ5,ZZ5
MTX201501307_anon,68,6,CD,CD
MTX201501307_anon,68,7,CZ,CZ
MTX201501307_anon,68,1,>,
MTX201501307_anon,68,2,c,
MTX201501307_anon,68,3,>(,
MTX201501307_anon,68,4,w—,
MTX201501307_anon,68,5,V),
MTX201501307_anon,68,6,C,
MTX201501307_anon,68,7,o,
MTX201501307_anon,68,8,v,
MTX201501307_anon,68,9,U,> c >( w— V) C o v U
MTX201501307_anon,68,1,Q,
MTX201501307_anon,68,2,s,Q s
MTX201501307_anon,68,1,O,O
MTX201501307_anon,68,1,>(U,
MTX201501307_anon,68,2,E,
MTX201501307_anon,68,3,>0,>(U E >0
MTX201501307_anon,68,1,Q,Q
MTX201501307_anon,68,2,$,$
MTX201501307_anon,68,1,'CD,
MTX201501307_anon,68,2,E,
MTX201501307_anon,68,3,>u,'CD E >u
MTX201501307_anon,68,1,'(D,'(D
MTX201501307_anon,68,2,E,E
MTX201501307_anon,68,3,.Y,.Y
MTX201501307_anon,68,4,ion,ion
MTX201501307_anon,68,1,'CD,'CD
MTX201501307_anon,68,2,E,E
MTX201501307_anon,68,3,ian,ian
MTX201501307_anon,68,1,'CD,
MTX201501307_anon,68,2,E,
MTX201501307_anon,68,3,0,'CD E 0
MTX201501307_anon,68,1,'CD,
MTX201501307_anon,68,2,E,
MTX201501307_anon,68,3,.Y,
MTX201501307_anon,68,4,>un,'CD E .Y >un
MTX201501307_anon,68,1,'CD,
MTX201501307_anon,68,2,E,
MTX201501307_anon,68,3,.Y,
MTX201501307_anon,68,4,un,'CD E .Y un
MTX201501307_anon,68,1,O,
MTX201501307_anon,68,2,$,About $
MTX201501307_anon,68,1,E,
MTX201501307_anon,68,2,(o,
MTX201501307_anon,68,3,V) L,
MTX201501307_anon,68,4,f í,
MTX201501307_anon,68,5,3 o,
MTX201501307_anon,68,6,n. -,E (o V) L f e 3 o n. -
MTX201501307_anon,68,1,©,©
MTX201501307_anon,68,2,&,&
MTX201501307_anon,68,1,O,
MTX201501307_anon,68,2,E,About E
MTX201501307_anon,68,1,o,
MTX201501307_anon,68,2,&,o &
MTX201501307_anon,68,1,O,
MTX201501307_anon,68,2,&,About &
MTX201501307_anon,68,1,o,o
MTX201501307_anon,68,2,CZ,CZ
MTX201501307_anon,68,3,CD,CD
MTX201501307_anon,68,4,9,9
MTX201501307_anon,68,5,2,2
MTX201501307_anon,68,6,CD,CD
MTX201501307_anon,68,7,C,C
MTX201501307_anon,68,1,o,o
MTX201501307_anon,68,2,CZ,CZ
MTX201501307_anon,68,3,CD,CD
MTX201501307_anon,68,4,9,9
MTX201501307_anon,68,5,•,•
MTX201501307_anon,68,6,CD,CD
MTX201501307_anon,68,7,C,C
MTX201501307_anon,68,1,O,
MTX201501307_anon,68,2,CD,
MTX201501307_anon,68,3,9,
MTX201501307_anon,68,4,•,
MTX201501307_anon,68,5,C,About CD 9 • C
MTX201501307_anon,68,1,O,O
MTX201501307_anon,68,2,CZ,CZ
MTX201501307_anon,68,3,CD,CD
MTX201501307_anon,68,4,9,9
MTX201501307_anon,68,5,•,•
MTX201501307_anon,68,6,CD,CD
MTX201501307_anon,68,7,C,C
MTX201501307_anon,68,1,S,
MTX201501307_anon,68,2,o,
MTX201501307_anon,68,3,E,S o E
MTX201501307_anon,68,1,o,o
MTX201501307_anon,68,2,CZ,CZ
MTX201501307_anon,68,3,CD,CD
MTX201501307_anon,68,4,>9,>9
MTX201501307_anon,68,5,•,•
MTX201501307_anon,68,6,CD,CD
MTX201501307_anon,68,7,C,C
MTX201501307_anon,68,1,o,
MTX201501307_anon,68,2,E,o E
MTX201501307_anon,68,1,e _,
MTX201501307_anon,68,2,8 §,
MTX201501307_anon,68,3,> >,
MTX201501307_anon,68,4,o o,
MTX201501307_anon,68,5,Q. Q.,e _ 8 § > > o o Q. Q.
MTX201501307_anon,68,1,O,
MTX201501307_anon,68,2,C,
MTX201501307_anon,68,3,(O,O C (O
MTX201501307_anon,68,1,o,
MTX201501307_anon,68,2,C,
MTX201501307_anon,68,3,CO,o C CO
MTX201501307_anon,68,1,o,o
MTX201501307_anon,68,2,c,c
MTX201501307_anon,68,3,C,C
MTX201501307_anon,68,1,O,
MTX201501307_anon,68,2,c,
MTX201501307_anon,68,3,ro,O c ro
MTX201501307_anon,68,1,O,O
MTX201501307_anon,68,2,c,c
MTX201501307_anon,68,3,C,C
MTX201501307_anon,68,1,O,
MTX201501307_anon,68,2,C,
MTX201501307_anon,68,3,05,O C 05
MTX201501307_anon,68,1,O,
MTX201501307_anon,68,2,c,
MTX201501307_anon,68,3,ro,O c ro
MTX201501307_anon,68,1,O,
MTX201501307_anon,68,2,c,
MTX201501307_anon,68,3,ro,O c ro
MTX201501307_anon,68,1,o,
MTX201501307_anon,68,2,c,
MTX201501307_anon,68,3,ro,o c ro
MTX201501307_anon,68,1,O,
MTX201501307_anon,68,2,C,
MTX201501307_anon,68,3,ro,O C ro
MTX201501307_anon,68,1,o,
MTX201501307_anon,68,2,c,
MTX201501307_anon,68,3,ro,o c ro
MTX201501307_anon,68,1,E,
MTX201501307_anon,68,2,i S,
MTX201501307_anon,68,3,5 bo,
MTX201501307_anon,68,4,.Y —,
MTX201501307_anon,68,5,"N """,
MTX201501307_anon,68,6,O,
MTX201501307_anon,68,7,> 8,"E i S 5 bo .Y — N "" O > 8"
MTX201501307_anon,68,1,on,on
MTX201501307_anon,68,1,o,o
MTX201501307_anon,68,1,d,d
MTX201501307_anon,68,1,m,
MTX201501307_anon,68,2,U),(U)
MTX201501307_anon,68,1,m,m
MTX201501307_anon,68,2,CD,CD
MTX201501307_anon,68,1,LD,LD
MTX201501307_anon,68,2,(D,(D
MTX201501307_anon,68,1,LD,LD
MTX201501307_anon,68,2,CD,CD
MTX201501307_anon,68,1,LD,LD
MTX201501307_anon,68,2,CD,CD
MTX201501307_anon,68,1,C,C
MTX201501307_anon,68,2,(D,(D
MTX201501307_anon,68,1,LD,LD
MTX201501307_anon,68,2,CD,CD
MTX201501307_anon,68,1,m,m
MTX201501307_anon,68,2,CD,CD
MTX201501307_anon,68,1,>,
MTX201501307_anon,68,2,ro,
MTX201501307_anon,68,3,5 s,
MTX201501307_anon,68,4,>N tí,
MTX201501307_anon,68,5,$ d,
MTX201501307_anon,68,6,S o,
MTX201501307_anon,68,7,O o,> ro 5 s >N ti $ d S o O o
MTX201501307_anon,68,1,O,
MTX201501307_anon,68,2,2,
MTX201501307_anon,68,3,UJ,
MTX201501307_anon,68,4,><D,
MTX201501307_anon,68,5,D,
MTX201501307_anon,68,6,C,
MTX201501307_anon,68,7,N,O 2 UJ ><D D C N
MTX201501307_anon,68,1,o,
MTX201501307_anon,68,2,u,
MTX201501307_anon,68,3,3 3,o u 3 3
MTX201501307_anon,68,1,o,
MTX201501307_anon,68,2,o,
MTX201501307_anon,68,3,LD,o o LD
MTX201501307_anon,68,1,o,
MTX201501307_anon,68,2,LD,o LD
MTX201501307_anon,68,1,CM,CM
MTX201501307_anon,68,2,O,O
MTX201501307_anon,68,3,LD,LD
MTX201501307_anon,68,1,m,
MTX201501307_anon,68,2,o,
MTX201501307_anon,68,3,LD,m o LD
MTX201501307_anon,68,1,s,
MTX201501307_anon,68,2,o,
MTX201501307_anon,68,3,LD,s o LD
MTX201501307_anon,68,1,LD,LD
MTX201501307_anon,68,2,O,O
MTX201501307_anon,68,3,LD,LD
MTX201501307_anon,68,1,CD,
MTX201501307_anon,68,2,o,
MTX201501307_anon,68,3,LD,CD about LD
MTX201501307_anon,68,1,O,
MTX201501307_anon,68,2,LD,About LD
MTX201501307_anon,68,1,CX),
MTX201501307_anon,68,2,o,
MTX201501307_anon,68,3,LD,CX) o LD
MTX201501307_anon,68,1,CD,
MTX201501307_anon,68,2,O,
MTX201501307_anon,68,3,LD,CD About LD
MTX201501307_anon,68,1,O,
MTX201501307_anon,68,2,LD,About LD
MTX201501307_anon,68,1,LD,LD
MTX201501307_anon,70,1,"62/13 - Vraní, ČOV a kanalizace",
MTX201501307_anon,70,2,POPIS KONSTRUKCÍ,"62/13 - Crows, Crows and sewer DESCRIPTION OF CONSTRUCTIONS"
MTX201501307_anon,71,1,"L 62/13 - Vraní, ČOV a kanalizace Stránka 1 z 1","L 62/13 - Crow, Crow and sewer Page 1 of 1"
MTX201501307_anon,71,2,/ A Pueblo 0.0. - o,/ A Pueblo 0.0. - o
MTX201501307_anon,71,3,- EVIDENCE VYKRESU,- EVIDENCE VYKRESU
MTX201501307_anon,71,1,Číslo,
MTX201501307_anon,71,2,výkresu,Drawing number
MTX201501307_anon,71,1,Výzkumný,Research
MTX201501307_anon,71,2,polygon,polygon
MTX201501307_anon,71,1,Měřítko,Scale
MTX201501307_anon,71,1,Popis,pravidla pravidla pravidla pravidla pravidla pravidla pravidla pravidla pravidla pravidla pravidla pravidla pravidla pravidla pravidla pravidla pravidla pravidla pravidla pravidla pravidla pravidla pravidla pravidla pravidla pravidla pravidla pravidla pravidla pravidla pravidla pravidla pravidla pravidla pravidla pravidla pravidla pravidla pravidla pravidla pravidla pravidla pravidla pravidla pravidla pravidla pravidla pravidla pravidla pravidla pravidla pravidla pravidla pravidla pravidla pravidla pravidla pravidla pravidla pravidla pravidla pravidla pravidla pravidla pravidla pravidla pravidla pravidla pravidla pravidla pravidla pravidla pravidla pravidla pravidla pravidla pravidla pravidla pravidla pravidla pravidla pravidla pravidla pravidla pravidla pravidla pravidla pravidla pravidla pravidla pravidla pravidla pravidla pravidla pravidla pravidla pravidla pravidla pravidla pravidla pravidla pravidla
MTX201501307_anon,71,1,Kreslil,pravidla pravidla pravidla pravidla pravidla pravidla pravidla pravidla pravidla pravidla pravidla pravidla pravidla pravidla pravidla pravidla pravidla pravidla pravidla pravidla pravidla pravidla pravidla pravidla pravidla pravidla pravidla pravidla pravidla pravidla pravidla pravidla pravidla pravidla pravidla pravidla pravidla pravidla pravidla pravidla pravidla pravidla pravidla pravidla pravidla pravidla pravidla pravidla pravidla pravidla pravidla pravidla pravidla pravidla pravidla pravidla pravidla pravidla pravidla pravidla pravidla pravidla pravidla pravidla pravidla pravidla pravidla pravidla pravidla pravidla pravidla pravidla pravidla pravidla pravidla pravidla pravidla pravidla pravidla pravidla pravidla pravidla pravidla pravidla pravidla pravidla pravidla pravidla pravidla pravidla pravidla pravidla pravidla pravidla pravidla pravidla pravidla pravidla pravidla pravidla pravidla pravidla pravidla pravidla
MTX201501307_anon,71,1,Datum,Date
MTX201501307_anon,71,2,pořízení,Taken
MTX201501307_anon,71,1,1,1
MTX201501307_anon,71,1,S1,S1
MTX201501307_anon,71,1,1:20,1:20
MTX201501307_anon,71,1,"řezy 1,2,3,4, negativ S1","sections 1,2,3,4, negative S1"
MTX201501307_anon,71,1,Vránová,Crow
MTX201501307_anon,71,1,24.4.2013,24.4.2013
MTX201501307_anon,71,1,10,10
MTX201501307_anon,71,1,S3,S3
MTX201501307_anon,71,1,1:20,1:20
MTX201501307_anon,71,1,"řezy 9,11,33","cuts 9,11,33"
MTX201501307_anon,71,1,Vránová,Crow
MTX201501307_anon,71,1,30.4.2013,30.4.2013
MTX201501307_anon,71,1,11,11
MTX201501307_anon,71,1,S8,S8
MTX201501307_anon,71,1,1:20,1:20
MTX201501307_anon,71,1,"řezy 29,30,31,32","cuts 29,30,31,32"
MTX201501307_anon,71,1,Vránová,Crow
MTX201501307_anon,71,1,30.4.2013,30.4.2013
MTX201501307_anon,71,1,2,2
MTX201501307_anon,71,1,S2,S2
MTX201501307_anon,71,1,1:20,1:20
MTX201501307_anon,71,1,"konstrukce 700, půdorys","structure 700, floor plan"
MTX201501307_anon,71,1,Doležal,Dolezal
MTX201501307_anon,71,1,24.4.2013,24.4.2013
MTX201501307_anon,71,1,3,3
MTX201501307_anon,71,1,S3,S3
MTX201501307_anon,71,1,1:20,1:20
MTX201501307_anon,71,1,"řezy 9,10,11,12, negativ S3","sections 9,10,11,12, negative S3"
MTX201501307_anon,71,1,Vránová,Crow
MTX201501307_anon,71,1,25.4.2013,4/25/2013
MTX201501307_anon,71,1,4,4
MTX201501307_anon,71,1,S4,S4
MTX201501307_anon,71,1,1:20,1:20
MTX201501307_anon,71,1,"řezy 13,14,15,16, negativ S4","sections 13,14,15,16, negative S4"
MTX201501307_anon,71,1,Vránová,Crow
MTX201501307_anon,71,1,26.4.2013,26.4.2013
MTX201501307_anon,71,1,5,5
MTX201501307_anon,71,1,S5,S5
MTX201501307_anon,71,1,1:20,1:20
MTX201501307_anon,71,1,"řezy 17,18,19,20, negativ S5","sections 17,18,19,20, negative S5"
MTX201501307_anon,71,1,Doležal,Dolezal
MTX201501307_anon,71,1,27.4.2013,27.4.2013
MTX201501307_anon,71,1,6,6
MTX201501307_anon,71,1,S2,S2
MTX201501307_anon,71,1,1:20,1:20
MTX201501307_anon,71,1,"řezy 6,7",sections 6.7
MTX201501307_anon,71,1,Vránová,Crow
MTX201501307_anon,71,1,27.4.2013,27.4.2013
MTX201501307_anon,71,1,7,7
MTX201501307_anon,71,1,S2,S2
MTX201501307_anon,71,1,1:20,1:20
MTX201501307_anon,71,1,"řezy 5,8, negativ S2","sections 5.8, negative S2"
MTX201501307_anon,71,1,Vránová,Crow
MTX201501307_anon,71,1,27.4.2013,27.4.2013
MTX201501307_anon,71,1,8,8
MTX201501307_anon,71,1,S6,S6
MTX201501307_anon,71,1,1:20,1:20
MTX201501307_anon,71,1,"řezy 21,22,24, negativ S6","sections 21,22,24, negative S6"
MTX201501307_anon,71,1,Vránová,Crow
MTX201501307_anon,71,1,29.4.2013,4/29/2013
MTX201501307_anon,71,1,9,9
MTX201501307_anon,71,1,S7,S7
MTX201501307_anon,71,1,1:20,1:20
MTX201501307_anon,71,1,"řezy 25,26,27,28, negativ S7","sections 25,26,27,28, negative S7"
MTX201501307_anon,71,1,Vránová,Crow
MTX201501307_anon,71,1,29.4.2013,4/29/2013
MTX201501307_anon,72,1,62/2013 Vraní,62/2013 Crows
MTX201501307_anon,72,1,Tab. 01,Tab. 01
MTX201501307_anon,72,1,0,0
MTX201501307_anon,72,1,5 cm,5 cm
MTX201501307_anon,72,1,"sonda 4, vrstva 125","probe 4, layer 125"
MTX201501307_anon,72,1,G••,G••
MTX201501307_anon,72,1,aaaAUu,aaaAUu
MTX201501307_anon,72,2,aagUu.,aagUu.
MTX201501307_anon,72,3,Waus a5,Waus a5
MTX201501307_anon,72,4,•gg aUg,•gg aUg
MTX201501307_anon,72,5,wu• a a 5,wu• a a 5
MTX201501307_anon,72,6,MugaR,MugaR
MTX201501307_anon,72,1,i. č. JiA 21/13/166,i. JiA 21/13/166
MTX201501307_anon,73,1,62/2013 Vraní,62/2013 Crows
MTX201501307_anon,73,1,Tab. 02,pravidla pravidla pravidla pravidla pravidla pravidla pravidla pravidla pravidla pravidla pravidla pravidla pravidla pravidla pravidla pravidla pravidla pravidla pravidla pravidla pravidla pravidla pravidla pravidla pravidla pravidla pravidla pravidla pravidla pravidla pravidla pravidla pravidla pravidla pravidla pravidla pravidla pravidla pravidla pravidla pravidla pravidla pravidla pravidla pravidla pravidla pravidla pravidla pravidla pravidla pravidla pravidla pravidla pravidla pravidla pravidla pravidla pravidla pravidla pravidla pravidla pravidla pravidla pravidla pravidla pravidla pravidla pravidla pravidla pravidla pravidla pravidla pravidla pravidla pravidla pravidla pravidla pravidla pravidla pravidla pravidla pravidla pravidla pravidla pravidla pravidla pravidla pravidla pravidla pravidla pravidla pravidla pravidla pravidla pravidla pravidla pravidla pravidla pravidla pravidla pravidla pravidla pravidla pravidla pravidla pravidla pravidla pravidla pravidla pravidla pravidla pravidla pravidla pravidla pravidla pravidla pravidla pravidla pravidla pravidla pravidla pravidla pravidla pravidla pravidla pravidla pravidla pravidla pravidla pravidla pravidla pravidla pravidla pravidla pravidla pravidla pravidla pravidla pravidla pravidla pravidla pravidla pravidla pravidla pravidla pravidla pravidla pravidla pravidla pravidla pravidla pravidla pravidla pravidla pravidla pravidla pravidla pravidla pravidla pravidla pravidla pravidla pravidla pravidla pravidla pravidla pravidla pravidla pravidla pravidla pravidla pravidla pravidla pravidla pravidla pravidla pravidla pravidla pravidla pravidla pravidla pravidla pravidla pravidla pravidla pravidla pravidla pravidla pravidla pravidla pravidla pravidla pravidla pravidla pravidla pravidla pravidla pravidla pravidla pravidla pravidla pravidla pravidla pravidla pravidla pravidla pravidla pravidla
MTX201501307_anon,73,1,0 5 cm,pravidla pravidla pravidla pravidla pravidla pravidla pravidla pravidla pravidla pravidla pravidla pravidla pravidla pravidla pravidla pravidla pravidla pravidla pravidla pravidla pravidla pravidla pravidla pravidla pravidla pravidla pravidla pravidla pravidla pravidla pravidla pravidla pravidla pravidla pravidla pravidla pravidla pravidla pravidla pravidla pravidla pravidla pravidla pravidla pravidla pravidla pravidla pravidla pravidla pravidla pravidla pravidla pravidla pravidla pravidla pravidla pravidla pravidla pravidla pravidla pravidla pravidla pravidla pravidla pravidla pravidla pravidla pravidla pravidla pravidla pravidla pravidla pravidla pravidla pravidla pravidla pravidla pravidla pravidla pravidla pravidla pravidla pravidla pravidla pravidla pravidla pravidla pravidla pravidla pravidla pravidla pravidla pravidla pravidla pravidla pravidla pravidla pravidla pravidla pravidla pravidla pravidla pravidla pravidla
MTX201501307_anon,73,1,"sonda 3, vrstva 106",pravidla pravidla pravidla pravidla pravidla pravidla pravidla pravidla pravidla pravidla pravidla pravidla pravidla pravidla pravidla pravidla pravidla pravidla pravidla pravidla pravidla pravidla pravidla pravidla pravidla pravidla pravidla pravidla pravidla pravidla pravidla pravidla pravidla pravidla pravidla pravidla pravidla pravidla pravidla pravidla pravidla pravidla pravidla pravidla pravidla pravidla pravidla pravidla pravidla pravidla pravidla pravidla pravidla pravidla pravidla pravidla pravidla pravidla pravidla pravidla pravidla pravidla pravidla pravidla pravidla pravidla pravidla pravidla pravidla pravidla pravidla pravidla pravidla pravidla pravidla pravidla pravidla pravidla pravidla pravidla pravidla pravidla pravidla pravidla pravidla pravidla pravidla pravidla pravidla pravidla pravidla pravidla pravidla pravidla pravidla pravidla pravidla pravidla pravidla pravidla pravidla pravidla pravidla pravidla pravidla pravidla pravidla pravidla pravidla
MTX201501307_anon,73,1,č. 62/2013 - 9,
MTX201501307_anon,73,2,i. č. JiA 21/13/40,No 62/2013 - 9 i JiA No 21/13/40
MTX201501307_anon,73,1,"sonda 3, vrstva 119",pravidla pravidla pravidla pravidla pravidla pravidla pravidla pravidla pravidla pravidla pravidla pravidla pravidla pravidla pravidla pravidla pravidla pravidla pravidla pravidla pravidla pravidla pravidla pravidla pravidla pravidla pravidla pravidla pravidla pravidla pravidla pravidla pravidla pravidla pravidla pravidla pravidla pravidla pravidla pravidla pravidla pravidla pravidla pravidla pravidla pravidla pravidla pravidla pravidla pravidla pravidla pravidla pravidla pravidla pravidla pravidla pravidla pravidla pravidla pravidla pravidla pravidla pravidla pravidla pravidla pravidla pravidla pravidla pravidla pravidla pravidla pravidla pravidla pravidla pravidla pravidla pravidla pravidla pravidla pravidla pravidla pravidla pravidla pravidla pravidla pravidla pravidla pravidla pravidla pravidla pravidla pravidla pravidla pravidla pravidla pravidla pravidla pravidla pravidla pravidla pravidla pravidla pravidla pravidla pravidla pravidla pravidla pravidla pravidla
MTX201501307_anon,73,1,č. 62/2013 - 21,
MTX201501307_anon,73,2,i. č. JiA 21/13/131,No 62/2013 - 21 i JiA No 21/13/131
MTX201501307_anon,73,1,č. 62/2013 - 21,
MTX201501307_anon,73,2,i. č. JiA 21/13/130,No 62/2013 - 21 i JiA No 21/13/130
MTX201501307_anon,73,1,č. 62/2013 - 21,
MTX201501307_anon,73,2,i. č. JiA 21/13/132,No 62/2013 - 21 i JiA No 21/13/132
MTX201501307_anon,74,1,62/2013 Vraní,pravidla pravidla pravidla pravidla pravidla pravidla pravidla pravidla pravidla pravidla pravidla pravidla pravidla pravidla pravidla pravidla pravidla pravidla pravidla pravidla pravidla pravidla pravidla pravidla pravidla pravidla pravidla pravidla pravidla pravidla pravidla pravidla pravidla pravidla pravidla pravidla pravidla pravidla pravidla pravidla pravidla pravidla pravidla pravidla pravidla pravidla pravidla pravidla pravidla pravidla pravidla pravidla pravidla pravidla pravidla pravidla pravidla pravidla pravidla pravidla pravidla pravidla pravidla pravidla pravidla pravidla pravidla pravidla pravidla pravidla pravidla pravidla pravidla pravidla pravidla pravidla pravidla pravidla pravidla pravidla pravidla pravidla pravidla pravidla pravidla pravidla pravidla pravidla pravidla pravidla pravidla pravidla pravidla pravidla pravidla pravidla pravidla pravidla pravidla pravidla pravidla pravidla pravidla pravidla pravidla pravidla pravidla pravidla pravidla pravidla pravidla pravidla pravidla pravidla pravidla pravidla pravidla pravidla pravidla pravidla
MTX201501307_anon,74,1,Tab. 03,pravidla pravidla pravidla pravidla pravidla pravidla pravidla pravidla pravidla pravidla pravidla pravidla pravidla pravidla pravidla pravidla pravidla pravidla pravidla pravidla pravidla pravidla pravidla pravidla pravidla pravidla pravidla pravidla pravidla pravidla pravidla pravidla pravidla pravidla pravidla pravidla pravidla pravidla pravidla pravidla pravidla pravidla pravidla pravidla pravidla pravidla pravidla pravidla pravidla pravidla pravidla pravidla pravidla pravidla pravidla pravidla pravidla pravidla pravidla pravidla pravidla pravidla pravidla pravidla pravidla pravidla pravidla pravidla pravidla pravidla pravidla pravidla pravidla pravidla pravidla pravidla pravidla pravidla pravidla pravidla pravidla pravidla pravidla pravidla pravidla pravidla pravidla pravidla pravidla pravidla pravidla pravidla pravidla pravidla pravidla pravidla pravidla pravidla pravidla pravidla pravidla pravidla pravidla pravidla pravidla pravidla pravidla pravidla pravidla pravidla pravidla pravidla pravidla pravidla pravidla pravidla pravidla pravidla pravidla pravidla pravidla pravidla pravidla pravidla pravidla pravidla pravidla pravidla pravidla pravidla pravidla pravidla pravidla pravidla pravidla pravidla pravidla pravidla pravidla pravidla pravidla pravidla pravidla pravidla pravidla pravidla pravidla pravidla pravidla pravidla pravidla pravidla pravidla pravidla pravidla pravidla pravidla pravidla pravidla pravidla pravidla pravidla pravidla pravidla pravidla pravidla pravidla pravidla pravidla pravidla pravidla pravidla pravidla pravidla pravidla pravidla pravidla pravidla pravidla pravidla pravidla pravidla pravidla pravidla pravidla pravidla pravidla pravidla pravidla pravidla pravidla pravidla pravidla pravidla pravidla pravidla pravidla pravidla pravidla pravidla pravidla pravidla pravidla pravidla pravidla pravidla pravidla pravidla
MTX201501307_anon,74,1,0 5 cm,pravidla pravidla pravidla pravidla pravidla pravidla pravidla pravidla pravidla pravidla pravidla pravidla pravidla pravidla pravidla pravidla pravidla pravidla pravidla pravidla pravidla pravidla pravidla pravidla pravidla pravidla pravidla pravidla pravidla pravidla pravidla pravidla pravidla pravidla pravidla pravidla pravidla pravidla pravidla pravidla pravidla pravidla pravidla pravidla pravidla pravidla pravidla pravidla pravidla pravidla pravidla pravidla pravidla pravidla pravidla pravidla pravidla pravidla pravidla pravidla pravidla pravidla pravidla pravidla pravidla pravidla pravidla pravidla pravidla pravidla pravidla pravidla pravidla pravidla pravidla pravidla pravidla pravidla pravidla pravidla pravidla pravidla pravidla pravidla pravidla pravidla pravidla pravidla pravidla pravidla pravidla pravidla pravidla pravidla pravidla pravidla pravidla pravidla pravidla pravidla pravidla pravidla pravidla pravidla
MTX201501307_anon,74,1,"sonda 4, vrstva 125",pravidla pravidla pravidla pravidla pravidla pravidla pravidla pravidla pravidla pravidla pravidla pravidla pravidla pravidla pravidla pravidla pravidla pravidla pravidla pravidla pravidla pravidla pravidla pravidla pravidla pravidla pravidla pravidla pravidla pravidla pravidla pravidla pravidla pravidla pravidla pravidla pravidla pravidla pravidla pravidla pravidla pravidla pravidla pravidla pravidla pravidla pravidla pravidla pravidla pravidla pravidla pravidla pravidla pravidla pravidla pravidla pravidla pravidla pravidla pravidla pravidla pravidla pravidla pravidla pravidla pravidla pravidla pravidla pravidla pravidla pravidla pravidla pravidla pravidla pravidla pravidla pravidla pravidla pravidla pravidla pravidla pravidla pravidla pravidla pravidla pravidla pravidla pravidla pravidla pravidla pravidla pravidla pravidla pravidla pravidla pravidla pravidla pravidla pravidla pravidla pravidla pravidla pravidla pravidla pravidla pravidla pravidla pravidla
MTX201501307_anon,74,1,č. 62/2013 - 26,pravidla pravidla pravidla pravidla pravidla pravidla pravidla pravidla pravidla pravidla pravidla pravidla pravidla pravidla pravidla pravidla pravidla pravidla pravidla pravidla pravidla pravidla pravidla pravidla pravidla pravidla pravidla pravidla pravidla pravidla pravidla pravidla pravidla pravidla pravidla pravidla pravidla pravidla pravidla pravidla pravidla pravidla pravidla pravidla pravidla pravidla pravidla pravidla pravidla pravidla pravidla pravidla pravidla pravidla pravidla pravidla pravidla pravidla pravidla pravidla pravidla pravidla pravidla pravidla pravidla pravidla pravidla pravidla pravidla pravidla pravidla pravidla pravidla pravidla pravidla pravidla pravidla pravidla pravidla pravidla pravidla pravidla pravidla pravidla pravidla pravidla pravidla pravidla pravidla pravidla pravidla pravidla pravidla pravidla pravidla pravidla pravidla pravidla pravidla pravidla pravidla pravidla pravidla pravidla pravidla pravidla pravidla pravidla pravidla pravidla pravidla pravidla pravidla
MTX201501307_anon,74,2,i. č. JiA 21/13/169,pravidla pravidla pravidla pravidla pravidla pravidla pravidla
MTX201501307_anon,74,1,č. 62/2013 - 26,pravidla pravidla pravidla pravidla pravidla pravidla pravidla pravidla pravidla pravidla pravidla pravidla pravidla pravidla pravidla pravidla pravidla pravidla pravidla pravidla pravidla pravidla pravidla pravidla pravidla pravidla pravidla pravidla pravidla pravidla pravidla pravidla pravidla pravidla pravidla pravidla pravidla pravidla pravidla pravidla pravidla pravidla pravidla pravidla pravidla pravidla pravidla pravidla pravidla pravidla pravidla pravidla pravidla pravidla pravidla pravidla pravidla pravidla pravidla pravidla pravidla pravidla pravidla pravidla pravidla pravidla pravidla pravidla pravidla pravidla pravidla pravidla pravidla pravidla pravidla pravidla pravidla pravidla pravidla pravidla pravidla pravidla pravidla pravidla pravidla pravidla pravidla pravidla pravidla pravidla pravidla pravidla pravidla pravidla pravidla pravidla pravidla pravidla pravidla pravidla pravidla pravidla pravidla pravidla pravidla pravidla pravidla pravidla pravidla pravidla pravidla pravidla pravidla
MTX201501307_anon,74,2,i. č. JiA 21/13/167,pravidla pravidla pravidla pravidla pravidla pravidla pravidla
MTX201501307_anon,75,1,40,40
MTX201501307_anon,75,1,Seznam geodetických bodů,pravidla pravidla pravidla pravidla pravidla pravidla pravidla pravidla pravidla pravidla pravidla pravidla pravidla pravidla pravidla pravidla pravidla pravidla pravidla pravidla pravidla pravidla pravidla pravidla pravidla pravidla pravidla pravidla pravidla pravidla pravidla pravidla pravidla pravidla pravidla pravidla pravidla pravidla pravidla pravidla pravidla pravidla pravidla pravidla pravidla pravidla pravidla pravidla pravidla pravidla pravidla pravidla pravidla pravidla pravidla pravidla pravidla pravidla pravidla pravidla pravidla pravidla pravidla pravidla pravidla pravidla pravidla pravidla pravidla pravidla pravidla pravidla pravidla pravidla pravidla pravidla pravidla pravidla pravidla pravidla pravidla pravidla pravidla pravidla pravidla pravidla pravidla pravidla pravidla pravidla pravidla pravidla pravidla pravidla pravidla pravidla pravidla pravidla pravidla pravidla pravidla pravidla pravidla pravidla pravidla pravidla
MTX201501307_anon,75,1,1,1
MTX201501307_anon,75,1,628500.87,pravidla pravidla pravidla pravidla pravidla pravidla pravidla pravidla pravidla pravidla pravidla pravidla pravidla pravidla pravidla pravidla pravidla pravidla pravidla pravidla pravidla pravidla pravidla pravidla pravidla pravidla pravidla pravidla pravidla pravidla pravidla pravidla pravidla pravidla pravidla pravidla pravidla pravidla pravidla pravidla pravidla pravidla pravidla pravidla pravidla pravidla pravidla pravidla pravidla pravidla pravidla pravidla pravidla pravidla pravidla pravidla pravidla pravidla pravidla pravidla pravidla pravidla pravidla pravidla pravidla pravidla pravidla pravidla pravidla pravidla pravidla pravidla pravidla pravidla pravidla pravidla pravidla pravidla pravidla pravidla pravidla pravidla pravidla pravidla pravidla pravidla pravidla pravidla pravidla pravidla pravidla pravidla pravidla pravidla pravidla pravidla pravidla pravidla pravidla pravidla pravidla pravidla pravidla pravidla pravidla pravidla pravidla
MTX201501307_anon,75,1,1115394.55,pravidla pravidla pravidla pravidla pravidla pravidla pravidla pravidla pravidla pravidla pravidla pravidla pravidla pravidla pravidla pravidla pravidla pravidla pravidla pravidla pravidla pravidla pravidla pravidla pravidla pravidla pravidla pravidla pravidla pravidla pravidla pravidla pravidla pravidla pravidla pravidla pravidla pravidla pravidla pravidla pravidla pravidla pravidla pravidla pravidla pravidla pravidla pravidla pravidla pravidla pravidla pravidla pravidla pravidla pravidla pravidla pravidla pravidla pravidla pravidla pravidla pravidla pravidla pravidla pravidla pravidla pravidla pravidla pravidla pravidla pravidla pravidla pravidla pravidla pravidla pravidla pravidla pravidla pravidla pravidla pravidla pravidla pravidla pravidla pravidla pravidla pravidla pravidla pravidla pravidla pravidla pravidla pravidla pravidla pravidla pravidla pravidla pravidla pravidla pravidla pravidla pravidla pravidla pravidla pravidla pravidla
MTX201501307_anon,75,1,665.18,pravidla pravidla pravidla pravidla pravidla pravidla pravidla pravidla pravidla pravidla pravidla pravidla pravidla pravidla pravidla pravidla pravidla pravidla pravidla pravidla pravidla pravidla pravidla pravidla pravidla pravidla pravidla pravidla pravidla pravidla pravidla pravidla pravidla pravidla pravidla pravidla pravidla pravidla pravidla pravidla pravidla pravidla pravidla pravidla pravidla pravidla pravidla pravidla pravidla pravidla pravidla pravidla pravidla pravidla pravidla pravidla pravidla pravidla pravidla pravidla pravidla pravidla pravidla pravidla pravidla pravidla pravidla pravidla pravidla pravidla pravidla pravidla pravidla pravidla pravidla pravidla pravidla pravidla pravidla pravidla pravidla pravidla pravidla pravidla pravidla pravidla pravidla pravidla pravidla pravidla pravidla pravidla pravidla pravidla pravidla pravidla pravidla pravidla pravidla pravidla pravidla pravidla pravidla pravidla pravidla pravidla
MTX201501307_anon,75,1,S4,pravidla pravidla pravidla pravidla pravidla pravidla pravidla pravidla pravidla pravidla pravidla pravidla pravidla pravidla pravidla pravidla pravidla pravidla pravidla pravidla pravidla pravidla pravidla pravidla pravidla pravidla pravidla pravidla pravidla pravidla pravidla pravidla pravidla pravidla pravidla pravidla pravidla pravidla pravidla pravidla pravidla pravidla pravidla pravidla pravidla pravidla pravidla pravidla pravidla pravidla pravidla pravidla pravidla pravidla pravidla pravidla pravidla pravidla pravidla pravidla pravidla pravidla pravidla pravidla pravidla pravidla pravidla pravidla pravidla pravidla pravidla pravidla pravidla pravidla pravidla pravidla pravidla pravidla pravidla pravidla pravidla pravidla pravidla pravidla pravidla pravidla pravidla pravidla pravidla pravidla pravidla pravidla pravidla pravidla pravidla pravidla pravidla pravidla pravidla pravidla pravidla pravidla pravidla pravidla pravidla pravidla pravidla
MTX201501307_anon,75,1,2,2
MTX201501307_anon,75,1,628499.45,pravidla pravidla pravidla pravidla pravidla pravidla pravidla pravidla pravidla pravidla pravidla pravidla pravidla pravidla pravidla pravidla pravidla pravidla pravidla pravidla pravidla pravidla pravidla pravidla pravidla pravidla pravidla pravidla pravidla pravidla pravidla pravidla pravidla pravidla pravidla pravidla pravidla pravidla pravidla pravidla pravidla pravidla pravidla pravidla pravidla pravidla pravidla pravidla pravidla pravidla pravidla pravidla pravidla pravidla pravidla pravidla pravidla pravidla pravidla pravidla pravidla pravidla pravidla pravidla pravidla pravidla pravidla pravidla pravidla pravidla pravidla pravidla pravidla pravidla pravidla pravidla pravidla pravidla pravidla pravidla pravidla pravidla pravidla pravidla pravidla pravidla pravidla pravidla pravidla pravidla pravidla pravidla pravidla pravidla pravidla pravidla pravidla pravidla pravidla pravidla pravidla pravidla pravidla pravidla pravidla pravidla
MTX201501307_anon,75,1,1115394.89,1115394.89
MTX201501307_anon,75,1,665.19,pravidla pravidla pravidla pravidla pravidla pravidla pravidla pravidla pravidla pravidla pravidla pravidla pravidla pravidla pravidla pravidla pravidla pravidla pravidla pravidla pravidla pravidla pravidla pravidla pravidla pravidla pravidla pravidla pravidla pravidla pravidla pravidla pravidla pravidla pravidla pravidla pravidla pravidla pravidla pravidla pravidla pravidla pravidla pravidla pravidla pravidla pravidla pravidla pravidla pravidla pravidla pravidla pravidla pravidla pravidla pravidla pravidla pravidla pravidla pravidla pravidla pravidla pravidla pravidla pravidla pravidla pravidla pravidla pravidla pravidla pravidla pravidla pravidla pravidla pravidla pravidla pravidla pravidla pravidla pravidla pravidla pravidla pravidla pravidla pravidla pravidla pravidla pravidla pravidla pravidla pravidla pravidla pravidla pravidla pravidla pravidla pravidla pravidla pravidla pravidla pravidla pravidla pravidla pravidla pravidla pravidla
MTX201501307_anon,75,1,S4,pravidla pravidla pravidla pravidla pravidla pravidla pravidla pravidla pravidla pravidla pravidla pravidla pravidla pravidla pravidla pravidla pravidla pravidla pravidla pravidla pravidla pravidla pravidla pravidla pravidla pravidla pravidla pravidla pravidla pravidla pravidla pravidla pravidla pravidla pravidla pravidla pravidla pravidla pravidla pravidla pravidla pravidla pravidla pravidla pravidla pravidla pravidla pravidla pravidla pravidla pravidla pravidla pravidla pravidla pravidla pravidla pravidla pravidla pravidla pravidla pravidla pravidla pravidla pravidla pravidla pravidla pravidla pravidla pravidla pravidla pravidla pravidla pravidla pravidla pravidla pravidla pravidla pravidla pravidla pravidla pravidla pravidla pravidla pravidla pravidla pravidla pravidla pravidla pravidla pravidla pravidla pravidla pravidla pravidla pravidla pravidla pravidla pravidla pravidla pravidla pravidla pravidla pravidla pravidla pravidla pravidla pravidla
MTX201501307_anon,75,1,3,3
MTX201501307_anon,75,1,628499.83,628499.83
MTX201501307_anon,75,1,1115396.35,1115396.35
MTX201501307_anon,75,1,665.15,pravidla pravidla pravidla pravidla pravidla pravidla pravidla pravidla pravidla pravidla pravidla pravidla pravidla pravidla pravidla pravidla pravidla pravidla pravidla pravidla pravidla pravidla pravidla pravidla pravidla pravidla pravidla pravidla pravidla pravidla pravidla pravidla pravidla pravidla pravidla pravidla pravidla pravidla pravidla pravidla pravidla pravidla pravidla pravidla pravidla pravidla pravidla pravidla pravidla pravidla pravidla pravidla pravidla pravidla pravidla pravidla pravidla pravidla pravidla pravidla pravidla pravidla pravidla pravidla pravidla pravidla pravidla pravidla pravidla pravidla pravidla pravidla pravidla pravidla pravidla pravidla pravidla pravidla pravidla pravidla pravidla pravidla pravidla pravidla pravidla pravidla pravidla pravidla pravidla pravidla pravidla pravidla pravidla pravidla pravidla pravidla pravidla pravidla pravidla pravidla pravidla pravidla pravidla pravidla pravidla pravidla
MTX201501307_anon,75,1,S4,pravidla pravidla pravidla pravidla pravidla pravidla pravidla pravidla pravidla pravidla pravidla pravidla pravidla pravidla pravidla pravidla pravidla pravidla pravidla pravidla pravidla pravidla pravidla pravidla pravidla pravidla pravidla pravidla pravidla pravidla pravidla pravidla pravidla pravidla pravidla pravidla pravidla pravidla pravidla pravidla pravidla pravidla pravidla pravidla pravidla pravidla pravidla pravidla pravidla pravidla pravidla pravidla pravidla pravidla pravidla pravidla pravidla pravidla pravidla pravidla pravidla pravidla pravidla pravidla pravidla pravidla pravidla pravidla pravidla pravidla pravidla pravidla pravidla pravidla pravidla pravidla pravidla pravidla pravidla pravidla pravidla pravidla pravidla pravidla pravidla pravidla pravidla pravidla pravidla pravidla pravidla pravidla pravidla pravidla pravidla pravidla pravidla pravidla pravidla pravidla pravidla pravidla pravidla pravidla pravidla pravidla pravidla
MTX201501307_anon,75,1,4,pravidla pravidla pravidla pravidla pravidla pravidla pravidla pravidla pravidla pravidla pravidla pravidla pravidla pravidla pravidla pravidla pravidla pravidla pravidla pravidla pravidla pravidla pravidla pravidla pravidla pravidla pravidla pravidla pravidla pravidla pravidla pravidla pravidla pravidla pravidla pravidla pravidla pravidla pravidla pravidla pravidla pravidla pravidla pravidla pravidla pravidla pravidla pravidla pravidla pravidla pravidla pravidla pravidla pravidla pravidla pravidla pravidla pravidla pravidla pravidla pravidla pravidla pravidla pravidla pravidla pravidla pravidla pravidla pravidla pravidla pravidla pravidla pravidla pravidla pravidla pravidla pravidla pravidla pravidla pravidla pravidla pravidla pravidla pravidla pravidla pravidla pravidla pravidla pravidla pravidla pravidla pravidla pravidla pravidla pravidla pravidla pravidla pravidla pravidla pravidla pravidla pravidla pravidla pravidla pravidla pravidla
MTX201501307_anon,75,1,628501.25,pravidla pravidla pravidla pravidla pravidla pravidla pravidla pravidla pravidla pravidla pravidla pravidla pravidla pravidla pravidla pravidla pravidla pravidla pravidla pravidla pravidla pravidla pravidla pravidla pravidla pravidla pravidla pravidla pravidla pravidla pravidla pravidla pravidla pravidla pravidla pravidla pravidla pravidla pravidla pravidla pravidla pravidla pravidla pravidla pravidla pravidla pravidla pravidla pravidla pravidla pravidla pravidla pravidla pravidla pravidla pravidla pravidla pravidla pravidla pravidla pravidla pravidla pravidla pravidla pravidla pravidla pravidla pravidla pravidla pravidla pravidla pravidla pravidla pravidla pravidla pravidla pravidla pravidla pravidla pravidla pravidla pravidla pravidla pravidla pravidla pravidla pravidla pravidla pravidla pravidla pravidla pravidla pravidla pravidla pravidla pravidla pravidla pravidla pravidla pravidla pravidla pravidla pravidla pravidla pravidla pravidla pravidla
MTX201501307_anon,75,1,1115395.98,1115395.98
MTX201501307_anon,75,1,665.14,pravidla pravidla pravidla pravidla pravidla pravidla pravidla pravidla pravidla pravidla pravidla pravidla pravidla pravidla pravidla pravidla pravidla pravidla pravidla pravidla pravidla pravidla pravidla pravidla pravidla pravidla pravidla pravidla pravidla pravidla pravidla pravidla pravidla pravidla pravidla pravidla pravidla pravidla pravidla pravidla pravidla pravidla pravidla pravidla pravidla pravidla pravidla pravidla pravidla pravidla pravidla pravidla pravidla pravidla pravidla pravidla pravidla pravidla pravidla pravidla pravidla pravidla pravidla pravidla pravidla pravidla pravidla pravidla pravidla pravidla pravidla pravidla pravidla pravidla pravidla pravidla pravidla pravidla pravidla pravidla pravidla pravidla pravidla pravidla pravidla pravidla pravidla pravidla pravidla pravidla pravidla pravidla pravidla pravidla pravidla pravidla pravidla pravidla pravidla pravidla pravidla pravidla pravidla pravidla pravidla pravidla pravidla
MTX201501307_anon,75,1,S4,pravidla pravidla pravidla pravidla pravidla pravidla pravidla pravidla pravidla pravidla pravidla pravidla pravidla pravidla pravidla pravidla pravidla pravidla pravidla pravidla pravidla pravidla pravidla pravidla pravidla pravidla pravidla pravidla pravidla pravidla pravidla pravidla pravidla pravidla pravidla pravidla pravidla pravidla pravidla pravidla pravidla pravidla pravidla pravidla pravidla pravidla pravidla pravidla pravidla pravidla pravidla pravidla pravidla pravidla pravidla pravidla pravidla pravidla pravidla pravidla pravidla pravidla pravidla pravidla pravidla pravidla pravidla pravidla pravidla pravidla pravidla pravidla pravidla pravidla pravidla pravidla pravidla pravidla pravidla pravidla pravidla pravidla pravidla pravidla pravidla pravidla pravidla pravidla pravidla pravidla pravidla pravidla pravidla pravidla pravidla pravidla pravidla pravidla pravidla pravidla pravidla pravidla pravidla pravidla pravidla pravidla pravidla
MTX201501307_anon,75,1,5,5
MTX201501307_anon,75,1,628500.84,pravidla pravidla pravidla pravidla pravidla pravidla pravidla pravidla pravidla pravidla pravidla pravidla pravidla pravidla pravidla pravidla pravidla pravidla pravidla pravidla pravidla pravidla pravidla pravidla pravidla pravidla pravidla pravidla pravidla pravidla pravidla pravidla pravidla pravidla pravidla pravidla pravidla pravidla pravidla pravidla pravidla pravidla pravidla pravidla pravidla pravidla pravidla pravidla pravidla pravidla pravidla pravidla pravidla pravidla pravidla pravidla pravidla pravidla pravidla pravidla pravidla pravidla pravidla pravidla pravidla pravidla pravidla pravidla pravidla pravidla pravidla pravidla pravidla pravidla pravidla pravidla pravidla pravidla pravidla pravidla pravidla pravidla pravidla pravidla pravidla pravidla pravidla pravidla pravidla pravidla pravidla pravidla pravidla pravidla pravidla pravidla pravidla pravidla pravidla pravidla pravidla pravidla pravidla pravidla pravidla pravidla pravidla
MTX201501307_anon,75,1,1115394.58,1115394.58
MTX201501307_anon,75,1,665.09,pravidla pravidla pravidla pravidla pravidla pravidla pravidla pravidla pravidla pravidla pravidla pravidla pravidla pravidla pravidla pravidla pravidla pravidla pravidla pravidla pravidla pravidla pravidla pravidla pravidla pravidla pravidla pravidla pravidla pravidla pravidla pravidla pravidla pravidla pravidla pravidla pravidla pravidla pravidla pravidla pravidla pravidla pravidla pravidla pravidla pravidla pravidla pravidla pravidla pravidla pravidla pravidla pravidla pravidla pravidla pravidla pravidla pravidla pravidla pravidla pravidla pravidla pravidla pravidla pravidla pravidla pravidla pravidla pravidla pravidla pravidla pravidla pravidla pravidla pravidla pravidla pravidla pravidla pravidla pravidla pravidla pravidla pravidla pravidla pravidla pravidla pravidla pravidla pravidla pravidla pravidla pravidla pravidla pravidla pravidla pravidla pravidla pravidla pravidla pravidla pravidla pravidla pravidla pravidla pravidla pravidla
MTX201501307_anon,75,1,S4OSA,pravidla pravidla pravidla pravidla pravidla pravidla pravidla pravidla pravidla pravidla pravidla pravidla pravidla pravidla pravidla pravidla pravidla pravidla pravidla pravidla pravidla pravidla pravidla pravidla pravidla pravidla pravidla pravidla pravidla pravidla pravidla pravidla pravidla pravidla pravidla pravidla pravidla pravidla pravidla pravidla pravidla pravidla pravidla pravidla pravidla pravidla pravidla pravidla pravidla pravidla pravidla pravidla pravidla pravidla pravidla pravidla pravidla pravidla pravidla pravidla pravidla pravidla pravidla pravidla pravidla pravidla pravidla pravidla pravidla pravidla pravidla pravidla pravidla pravidla pravidla pravidla pravidla pravidla pravidla pravidla pravidla pravidla pravidla pravidla pravidla pravidla pravidla pravidla pravidla pravidla pravidla pravidla pravidla pravidla pravidla pravidla pravidla pravidla pravidla pravidla pravidla pravidla pravidla pravidla pravidla pravidla pravidla
MTX201501307_anon,75,1,6,6
MTX201501307_anon,75,1,628499.47,628499.47
MTX201501307_anon,75,1,1115394.89,1115394.89
MTX201501307_anon,75,1,665.08,pravidla pravidla pravidla pravidla pravidla pravidla pravidla pravidla pravidla pravidla pravidla pravidla pravidla pravidla pravidla pravidla pravidla pravidla pravidla pravidla pravidla pravidla pravidla pravidla pravidla pravidla pravidla pravidla pravidla pravidla pravidla pravidla pravidla pravidla pravidla pravidla pravidla pravidla pravidla pravidla pravidla pravidla pravidla pravidla pravidla pravidla pravidla pravidla pravidla pravidla pravidla pravidla pravidla pravidla pravidla pravidla pravidla pravidla pravidla pravidla pravidla pravidla pravidla pravidla pravidla pravidla pravidla pravidla pravidla pravidla pravidla pravidla pravidla pravidla pravidla pravidla pravidla pravidla pravidla pravidla pravidla pravidla pravidla pravidla pravidla pravidla pravidla pravidla pravidla pravidla pravidla pravidla pravidla pravidla pravidla pravidla pravidla pravidla pravidla pravidla pravidla pravidla pravidla pravidla pravidla pravidla
MTX201501307_anon,75,1,S4OSA,pravidla pravidla pravidla pravidla pravidla pravidla pravidla pravidla pravidla pravidla pravidla pravidla pravidla pravidla pravidla pravidla pravidla pravidla pravidla pravidla pravidla pravidla pravidla pravidla pravidla pravidla pravidla pravidla pravidla pravidla pravidla pravidla pravidla pravidla pravidla pravidla pravidla pravidla pravidla pravidla pravidla pravidla pravidla pravidla pravidla pravidla pravidla pravidla pravidla pravidla pravidla pravidla pravidla pravidla pravidla pravidla pravidla pravidla pravidla pravidla pravidla pravidla pravidla pravidla pravidla pravidla pravidla pravidla pravidla pravidla pravidla pravidla pravidla pravidla pravidla pravidla pravidla pravidla pravidla pravidla pravidla pravidla pravidla pravidla pravidla pravidla pravidla pravidla pravidla pravidla pravidla pravidla pravidla pravidla pravidla pravidla pravidla pravidla pravidla pravidla pravidla pravidla pravidla pravidla pravidla pravidla pravidla
MTX201501307_anon,75,1,7,7
MTX201501307_anon,75,1,628499.83,628499.83
MTX201501307_anon,75,1,1115396.32,1115396.32
MTX201501307_anon,75,1,665.11,pravidla pravidla pravidla pravidla pravidla pravidla pravidla pravidla pravidla pravidla pravidla pravidla pravidla pravidla pravidla pravidla pravidla pravidla pravidla pravidla pravidla pravidla pravidla pravidla pravidla pravidla pravidla pravidla pravidla pravidla pravidla pravidla pravidla pravidla pravidla pravidla pravidla pravidla pravidla pravidla pravidla pravidla pravidla pravidla pravidla pravidla pravidla pravidla pravidla pravidla pravidla pravidla pravidla pravidla pravidla pravidla pravidla pravidla pravidla pravidla pravidla pravidla pravidla pravidla pravidla pravidla pravidla pravidla pravidla pravidla pravidla pravidla pravidla pravidla pravidla pravidla pravidla pravidla pravidla pravidla pravidla pravidla pravidla pravidla pravidla pravidla pravidla pravidla pravidla pravidla pravidla pravidla pravidla pravidla pravidla pravidla pravidla pravidla pravidla pravidla pravidla pravidla pravidla pravidla pravidla pravidla
MTX201501307_anon,75,1,S4OSA,pravidla pravidla pravidla pravidla pravidla pravidla pravidla pravidla pravidla pravidla pravidla pravidla pravidla pravidla pravidla pravidla pravidla pravidla pravidla pravidla pravidla pravidla pravidla pravidla pravidla pravidla pravidla pravidla pravidla pravidla pravidla pravidla pravidla pravidla pravidla pravidla pravidla pravidla pravidla pravidla pravidla pravidla pravidla pravidla pravidla pravidla pravidla pravidla pravidla pravidla pravidla pravidla pravidla pravidla pravidla pravidla pravidla pravidla pravidla pravidla pravidla pravidla pravidla pravidla pravidla pravidla pravidla pravidla pravidla pravidla pravidla pravidla pravidla pravidla pravidla pravidla pravidla pravidla pravidla pravidla pravidla pravidla pravidla pravidla pravidla pravidla pravidla pravidla pravidla pravidla pravidla pravidla pravidla pravidla pravidla pravidla pravidla pravidla pravidla pravidla pravidla pravidla pravidla pravidla pravidla pravidla pravidla
MTX201501307_anon,75,1,8,pravidla pravidla pravidla pravidla pravidla pravidla pravidla pravidla pravidla pravidla pravidla pravidla pravidla pravidla pravidla pravidla pravidla pravidla pravidla pravidla pravidla pravidla pravidla pravidla pravidla pravidla pravidla pravidla pravidla pravidla pravidla pravidla pravidla pravidla pravidla pravidla pravidla pravidla pravidla pravidla pravidla pravidla pravidla pravidla pravidla pravidla pravidla pravidla pravidla pravidla pravidla pravidla pravidla pravidla pravidla pravidla pravidla pravidla pravidla pravidla pravidla pravidla pravidla pravidla pravidla pravidla pravidla pravidla pravidla pravidla pravidla pravidla pravidla pravidla pravidla pravidla pravidla pravidla pravidla pravidla pravidla pravidla pravidla pravidla pravidla pravidla pravidla pravidla pravidla pravidla pravidla pravidla pravidla pravidla pravidla pravidla pravidla pravidla pravidla pravidla pravidla pravidla pravidla pravidla pravidla pravidla
MTX201501307_anon,75,1,628501.22,628501.22
MTX201501307_anon,75,1,1115395.95,1115395.95
MTX201501307_anon,75,1,665.09,pravidla pravidla pravidla pravidla pravidla pravidla pravidla pravidla pravidla pravidla pravidla pravidla pravidla pravidla pravidla pravidla pravidla pravidla pravidla pravidla pravidla pravidla pravidla pravidla pravidla pravidla pravidla pravidla pravidla pravidla pravidla pravidla pravidla pravidla pravidla pravidla pravidla pravidla pravidla pravidla pravidla pravidla pravidla pravidla pravidla pravidla pravidla pravidla pravidla pravidla pravidla pravidla pravidla pravidla pravidla pravidla pravidla pravidla pravidla pravidla pravidla pravidla pravidla pravidla pravidla pravidla pravidla pravidla pravidla pravidla pravidla pravidla pravidla pravidla pravidla pravidla pravidla pravidla pravidla pravidla pravidla pravidla pravidla pravidla pravidla pravidla pravidla pravidla pravidla pravidla pravidla pravidla pravidla pravidla pravidla pravidla pravidla pravidla pravidla pravidla pravidla pravidla pravidla pravidla pravidla pravidla
MTX201501307_anon,75,1,S4OSA,pravidla pravidla pravidla pravidla pravidla pravidla pravidla pravidla pravidla pravidla pravidla pravidla pravidla pravidla pravidla pravidla pravidla pravidla pravidla pravidla pravidla pravidla pravidla pravidla pravidla pravidla pravidla pravidla pravidla pravidla pravidla pravidla pravidla pravidla pravidla pravidla pravidla pravidla pravidla pravidla pravidla pravidla pravidla pravidla pravidla pravidla pravidla pravidla pravidla pravidla pravidla pravidla pravidla pravidla pravidla pravidla pravidla pravidla pravidla pravidla pravidla pravidla pravidla pravidla pravidla pravidla pravidla pravidla pravidla pravidla pravidla pravidla pravidla pravidla pravidla pravidla pravidla pravidla pravidla pravidla pravidla pravidla pravidla pravidla pravidla pravidla pravidla pravidla pravidla pravidla pravidla pravidla pravidla pravidla pravidla pravidla pravidla pravidla pravidla pravidla pravidla pravidla pravidla pravidla pravidla pravidla pravidla
MTX201501307_anon,75,1,9,9
MTX201501307_anon,75,1,628489.59,pravidla pravidla pravidla pravidla pravidla pravidla pravidla pravidla pravidla pravidla pravidla pravidla pravidla pravidla pravidla pravidla pravidla pravidla pravidla pravidla pravidla pravidla pravidla pravidla pravidla pravidla pravidla pravidla pravidla pravidla pravidla pravidla pravidla pravidla pravidla pravidla pravidla pravidla pravidla pravidla pravidla pravidla pravidla pravidla pravidla pravidla pravidla pravidla pravidla pravidla pravidla pravidla pravidla pravidla pravidla pravidla pravidla pravidla pravidla pravidla pravidla pravidla pravidla pravidla pravidla pravidla pravidla pravidla pravidla pravidla pravidla pravidla pravidla pravidla pravidla pravidla pravidla pravidla pravidla pravidla pravidla pravidla pravidla pravidla pravidla pravidla pravidla pravidla pravidla pravidla pravidla pravidla pravidla pravidla pravidla pravidla pravidla pravidla pravidla pravidla pravidla pravidla pravidla pravidla pravidla pravidla
MTX201501307_anon,75,1,1115368.73,1115368.73
MTX201501307_anon,75,1,665.69,pravidla pravidla pravidla pravidla pravidla pravidla pravidla pravidla pravidla pravidla pravidla pravidla pravidla pravidla pravidla pravidla pravidla pravidla pravidla pravidla pravidla pravidla pravidla pravidla pravidla pravidla pravidla pravidla pravidla pravidla pravidla pravidla pravidla pravidla pravidla pravidla pravidla pravidla pravidla pravidla pravidla pravidla pravidla pravidla pravidla pravidla pravidla pravidla pravidla pravidla pravidla pravidla pravidla pravidla pravidla pravidla pravidla pravidla pravidla pravidla pravidla pravidla pravidla pravidla pravidla pravidla pravidla pravidla pravidla pravidla pravidla pravidla pravidla pravidla pravidla pravidla pravidla pravidla pravidla pravidla pravidla pravidla pravidla pravidla pravidla pravidla pravidla pravidla pravidla pravidla pravidla pravidla pravidla pravidla pravidla pravidla pravidla pravidla pravidla pravidla pravidla pravidla pravidla pravidla pravidla pravidla
MTX201501307_anon,75,1,S5,pravidla pravidla pravidla pravidla pravidla pravidla pravidla pravidla pravidla pravidla pravidla pravidla pravidla pravidla pravidla pravidla pravidla pravidla pravidla pravidla pravidla pravidla pravidla pravidla pravidla pravidla pravidla pravidla pravidla pravidla pravidla pravidla pravidla pravidla pravidla pravidla pravidla pravidla pravidla pravidla pravidla pravidla pravidla pravidla pravidla pravidla pravidla pravidla pravidla pravidla pravidla pravidla pravidla pravidla pravidla pravidla pravidla pravidla pravidla pravidla pravidla pravidla pravidla pravidla pravidla pravidla pravidla pravidla pravidla pravidla pravidla pravidla pravidla pravidla pravidla pravidla pravidla pravidla pravidla pravidla pravidla pravidla pravidla pravidla pravidla pravidla pravidla pravidla pravidla pravidla pravidla pravidla pravidla pravidla pravidla pravidla pravidla pravidla pravidla pravidla pravidla pravidla pravidla pravidla pravidla pravidla pravidla
MTX201501307_anon,75,1,10,10
MTX201501307_anon,75,1,628488.87,pravidla pravidla pravidla pravidla pravidla pravidla pravidla pravidla pravidla pravidla pravidla pravidla pravidla pravidla pravidla pravidla pravidla pravidla pravidla pravidla pravidla pravidla pravidla pravidla pravidla pravidla pravidla pravidla pravidla pravidla pravidla pravidla pravidla pravidla pravidla pravidla pravidla pravidla pravidla pravidla pravidla pravidla pravidla pravidla pravidla pravidla pravidla pravidla pravidla pravidla pravidla pravidla pravidla pravidla pravidla pravidla pravidla pravidla pravidla pravidla pravidla pravidla pravidla pravidla pravidla pravidla pravidla pravidla pravidla pravidla pravidla pravidla pravidla pravidla pravidla pravidla pravidla pravidla pravidla pravidla pravidla pravidla pravidla pravidla pravidla pravidla pravidla pravidla pravidla pravidla pravidla pravidla pravidla pravidla pravidla pravidla pravidla pravidla pravidla pravidla pravidla pravidla pravidla pravidla pravidla pravidla pravidla
MTX201501307_anon,75,1,1115367.43,1115367.43
MTX201501307_anon,75,1,665.73,pravidla pravidla pravidla pravidla pravidla pravidla pravidla pravidla pravidla pravidla pravidla pravidla pravidla pravidla pravidla pravidla pravidla pravidla pravidla pravidla pravidla pravidla pravidla pravidla pravidla pravidla pravidla pravidla pravidla pravidla pravidla pravidla pravidla pravidla pravidla pravidla pravidla pravidla pravidla pravidla pravidla pravidla pravidla pravidla pravidla pravidla pravidla pravidla pravidla pravidla pravidla pravidla pravidla pravidla pravidla pravidla pravidla pravidla pravidla pravidla pravidla pravidla pravidla pravidla pravidla pravidla pravidla pravidla pravidla pravidla pravidla pravidla pravidla pravidla pravidla pravidla pravidla pravidla pravidla pravidla pravidla pravidla pravidla pravidla pravidla pravidla pravidla pravidla pravidla pravidla pravidla pravidla pravidla pravidla pravidla pravidla pravidla pravidla pravidla pravidla pravidla pravidla pravidla pravidla pravidla pravidla
MTX201501307_anon,75,1,S5,pravidla pravidla pravidla pravidla pravidla pravidla pravidla pravidla pravidla pravidla pravidla pravidla pravidla pravidla pravidla pravidla pravidla pravidla pravidla pravidla pravidla pravidla pravidla pravidla pravidla pravidla pravidla pravidla pravidla pravidla pravidla pravidla pravidla pravidla pravidla pravidla pravidla pravidla pravidla pravidla pravidla pravidla pravidla pravidla pravidla pravidla pravidla pravidla pravidla pravidla pravidla pravidla pravidla pravidla pravidla pravidla pravidla pravidla pravidla pravidla pravidla pravidla pravidla pravidla pravidla pravidla pravidla pravidla pravidla pravidla pravidla pravidla pravidla pravidla pravidla pravidla pravidla pravidla pravidla pravidla pravidla pravidla pravidla pravidla pravidla pravidla pravidla pravidla pravidla pravidla pravidla pravidla pravidla pravidla pravidla pravidla pravidla pravidla pravidla pravidla pravidla pravidla pravidla pravidla pravidla pravidla pravidla
MTX201501307_anon,75,1,11,11
MTX201501307_anon,75,1,628487.58,628487.58
MTX201501307_anon,75,1,1115368.19,1115368.19
MTX201501307_anon,75,1,665.84,pravidla pravidla pravidla pravidla pravidla pravidla pravidla pravidla pravidla pravidla pravidla pravidla pravidla pravidla pravidla pravidla pravidla pravidla pravidla pravidla pravidla pravidla pravidla pravidla pravidla pravidla pravidla pravidla pravidla pravidla pravidla pravidla pravidla pravidla pravidla pravidla pravidla pravidla pravidla pravidla pravidla pravidla pravidla pravidla pravidla pravidla pravidla pravidla pravidla pravidla pravidla pravidla pravidla pravidla pravidla pravidla pravidla pravidla pravidla pravidla pravidla pravidla pravidla pravidla pravidla pravidla pravidla pravidla pravidla pravidla pravidla pravidla pravidla pravidla pravidla pravidla pravidla pravidla pravidla pravidla pravidla pravidla pravidla pravidla pravidla pravidla pravidla pravidla pravidla pravidla pravidla pravidla pravidla pravidla pravidla pravidla pravidla pravidla pravidla pravidla pravidla pravidla pravidla pravidla pravidla pravidla pravidla
MTX201501307_anon,75,1,S5,pravidla pravidla pravidla pravidla pravidla pravidla pravidla pravidla pravidla pravidla pravidla pravidla pravidla pravidla pravidla pravidla pravidla pravidla pravidla pravidla pravidla pravidla pravidla pravidla pravidla pravidla pravidla pravidla pravidla pravidla pravidla pravidla pravidla pravidla pravidla pravidla pravidla pravidla pravidla pravidla pravidla pravidla pravidla pravidla pravidla pravidla pravidla pravidla pravidla pravidla pravidla pravidla pravidla pravidla pravidla pravidla pravidla pravidla pravidla pravidla pravidla pravidla pravidla pravidla pravidla pravidla pravidla pravidla pravidla pravidla pravidla pravidla pravidla pravidla pravidla pravidla pravidla pravidla pravidla pravidla pravidla pravidla pravidla pravidla pravidla pravidla pravidla pravidla pravidla pravidla pravidla pravidla pravidla pravidla pravidla pravidla pravidla pravidla pravidla pravidla pravidla pravidla pravidla pravidla pravidla pravidla
MTX201501307_anon,75,1,12,12
MTX201501307_anon,75,1,628488.34,628488.34
MTX201501307_anon,75,1,1115369.45,1115369.45
MTX201501307_anon,75,1,665.80,pravidla pravidla pravidla pravidla pravidla pravidla pravidla pravidla pravidla pravidla pravidla pravidla pravidla pravidla pravidla pravidla pravidla pravidla pravidla pravidla pravidla pravidla pravidla pravidla pravidla pravidla pravidla pravidla pravidla pravidla pravidla pravidla pravidla pravidla pravidla pravidla pravidla pravidla pravidla pravidla pravidla pravidla pravidla pravidla pravidla pravidla pravidla pravidla pravidla pravidla pravidla pravidla pravidla pravidla pravidla pravidla pravidla pravidla pravidla pravidla pravidla pravidla pravidla pravidla pravidla pravidla pravidla pravidla pravidla pravidla pravidla pravidla pravidla pravidla pravidla pravidla pravidla pravidla pravidla pravidla pravidla pravidla pravidla pravidla pravidla pravidla pravidla pravidla pravidla pravidla pravidla pravidla pravidla pravidla pravidla pravidla pravidla pravidla pravidla pravidla pravidla pravidla pravidla pravidla pravidla pravidla
MTX201501307_anon,75,1,S5,pravidla pravidla pravidla pravidla pravidla pravidla pravidla pravidla pravidla pravidla pravidla pravidla pravidla pravidla pravidla pravidla pravidla pravidla pravidla pravidla pravidla pravidla pravidla pravidla pravidla pravidla pravidla pravidla pravidla pravidla pravidla pravidla pravidla pravidla pravidla pravidla pravidla pravidla pravidla pravidla pravidla pravidla pravidla pravidla pravidla pravidla pravidla pravidla pravidla pravidla pravidla pravidla pravidla pravidla pravidla pravidla pravidla pravidla pravidla pravidla pravidla pravidla pravidla pravidla pravidla pravidla pravidla pravidla pravidla pravidla pravidla pravidla pravidla pravidla pravidla pravidla pravidla pravidla pravidla pravidla pravidla pravidla pravidla pravidla pravidla pravidla pravidla pravidla pravidla pravidla pravidla pravidla pravidla pravidla pravidla pravidla pravidla pravidla pravidla pravidla pravidla pravidla pravidla pravidla pravidla pravidla
MTX201501307_anon,75,1,13,13
MTX201501307_anon,75,1,628489.56,628489.56
MTX201501307_anon,75,1,1115368.73,1115368.73
MTX201501307_anon,75,1,665.63,pravidla pravidla pravidla pravidla pravidla pravidla pravidla pravidla pravidla pravidla pravidla pravidla pravidla pravidla pravidla pravidla pravidla pravidla pravidla pravidla pravidla pravidla pravidla pravidla pravidla pravidla pravidla pravidla pravidla pravidla pravidla pravidla pravidla pravidla pravidla pravidla pravidla pravidla pravidla pravidla pravidla pravidla pravidla pravidla pravidla pravidla pravidla pravidla pravidla pravidla pravidla pravidla pravidla pravidla pravidla pravidla pravidla pravidla pravidla pravidla pravidla pravidla pravidla pravidla pravidla pravidla pravidla pravidla pravidla pravidla pravidla pravidla pravidla pravidla pravidla pravidla pravidla pravidla pravidla pravidla pravidla pravidla pravidla pravidla pravidla pravidla pravidla pravidla pravidla pravidla pravidla pravidla pravidla pravidla pravidla pravidla pravidla pravidla pravidla pravidla pravidla pravidla pravidla pravidla pravidla pravidla
MTX201501307_anon,75,1,S5OSA,pravidla pravidla pravidla pravidla pravidla pravidla pravidla pravidla pravidla pravidla pravidla pravidla pravidla pravidla pravidla pravidla pravidla pravidla pravidla pravidla pravidla pravidla pravidla pravidla pravidla pravidla pravidla pravidla pravidla pravidla pravidla pravidla pravidla pravidla pravidla pravidla pravidla pravidla pravidla pravidla pravidla pravidla pravidla pravidla pravidla pravidla pravidla pravidla pravidla pravidla pravidla pravidla pravidla pravidla pravidla pravidla pravidla pravidla pravidla pravidla pravidla pravidla pravidla pravidla pravidla pravidla pravidla pravidla pravidla pravidla pravidla pravidla pravidla pravidla pravidla pravidla pravidla pravidla pravidla pravidla pravidla pravidla pravidla pravidla pravidla pravidla pravidla pravidla pravidla pravidla pravidla pravidla pravidla pravidla pravidla pravidla pravidla pravidla pravidla pravidla pravidla pravidla pravidla pravidla pravidla pravidla
MTX201501307_anon,75,1,14,pravidla pravidla pravidla pravidla pravidla pravidla pravidla pravidla pravidla pravidla pravidla pravidla pravidla pravidla pravidla pravidla pravidla pravidla pravidla pravidla pravidla pravidla pravidla pravidla pravidla pravidla pravidla pravidla pravidla pravidla pravidla pravidla pravidla pravidla pravidla pravidla pravidla pravidla pravidla pravidla pravidla pravidla pravidla pravidla pravidla pravidla pravidla pravidla pravidla pravidla pravidla pravidla pravidla pravidla pravidla pravidla pravidla pravidla pravidla pravidla pravidla pravidla pravidla pravidla pravidla pravidla pravidla pravidla pravidla pravidla pravidla pravidla pravidla pravidla pravidla pravidla pravidla pravidla pravidla pravidla pravidla pravidla pravidla pravidla pravidla pravidla pravidla pravidla pravidla pravidla pravidla pravidla pravidla pravidla pravidla pravidla pravidla pravidla pravidla pravidla pravidla pravidla pravidla pravidla pravidla pravidla
MTX201501307_anon,75,1,628488.86,pravidla pravidla pravidla pravidla pravidla pravidla pravidla pravidla pravidla pravidla pravidla pravidla pravidla pravidla pravidla pravidla pravidla pravidla pravidla pravidla pravidla pravidla pravidla pravidla pravidla pravidla pravidla pravidla pravidla pravidla pravidla pravidla pravidla pravidla pravidla pravidla pravidla pravidla pravidla pravidla pravidla pravidla pravidla pravidla pravidla pravidla pravidla pravidla pravidla pravidla pravidla pravidla pravidla pravidla pravidla pravidla pravidla pravidla pravidla pravidla pravidla pravidla pravidla pravidla pravidla pravidla pravidla pravidla pravidla pravidla pravidla pravidla pravidla pravidla pravidla pravidla pravidla pravidla pravidla pravidla pravidla pravidla pravidla pravidla pravidla pravidla pravidla pravidla pravidla pravidla pravidla pravidla pravidla pravidla pravidla pravidla pravidla pravidla pravidla pravidla pravidla pravidla pravidla pravidla pravidla pravidla
MTX201501307_anon,75,1,1115367.47,1115367.47
MTX201501307_anon,75,1,665.63,pravidla pravidla pravidla pravidla pravidla pravidla pravidla pravidla pravidla pravidla pravidla pravidla pravidla pravidla pravidla pravidla pravidla pravidla pravidla pravidla pravidla pravidla pravidla pravidla pravidla pravidla pravidla pravidla pravidla pravidla pravidla pravidla pravidla pravidla pravidla pravidla pravidla pravidla pravidla pravidla pravidla pravidla pravidla pravidla pravidla pravidla pravidla pravidla pravidla pravidla pravidla pravidla pravidla pravidla pravidla pravidla pravidla pravidla pravidla pravidla pravidla pravidla pravidla pravidla pravidla pravidla pravidla pravidla pravidla pravidla pravidla pravidla pravidla pravidla pravidla pravidla pravidla pravidla pravidla pravidla pravidla pravidla pravidla pravidla pravidla pravidla pravidla pravidla pravidla pravidla pravidla pravidla pravidla pravidla pravidla pravidla pravidla pravidla pravidla pravidla pravidla pravidla pravidla pravidla pravidla pravidla
MTX201501307_anon,75,1,S5OSA,pravidla pravidla pravidla pravidla pravidla pravidla pravidla pravidla pravidla pravidla pravidla pravidla pravidla pravidla pravidla pravidla pravidla pravidla pravidla pravidla pravidla pravidla pravidla pravidla pravidla pravidla pravidla pravidla pravidla pravidla pravidla pravidla pravidla pravidla pravidla pravidla pravidla pravidla pravidla pravidla pravidla pravidla pravidla pravidla pravidla pravidla pravidla pravidla pravidla pravidla pravidla pravidla pravidla pravidla pravidla pravidla pravidla pravidla pravidla pravidla pravidla pravidla pravidla pravidla pravidla pravidla pravidla pravidla pravidla pravidla pravidla pravidla pravidla pravidla pravidla pravidla pravidla pravidla pravidla pravidla pravidla pravidla pravidla pravidla pravidla pravidla pravidla pravidla pravidla pravidla pravidla pravidla pravidla pravidla pravidla pravidla pravidla pravidla pravidla pravidla pravidla pravidla pravidla pravidla pravidla pravidla
MTX201501307_anon,75,1,15,15
MTX201501307_anon,75,1,628487.63,pravidla pravidla pravidla pravidla pravidla pravidla pravidla pravidla pravidla pravidla pravidla pravidla pravidla pravidla pravidla pravidla pravidla pravidla pravidla pravidla pravidla pravidla pravidla pravidla pravidla pravidla pravidla pravidla pravidla pravidla pravidla pravidla pravidla pravidla pravidla pravidla pravidla pravidla pravidla pravidla pravidla pravidla pravidla pravidla pravidla pravidla pravidla pravidla pravidla pravidla pravidla pravidla pravidla pravidla pravidla pravidla pravidla pravidla pravidla pravidla pravidla pravidla pravidla pravidla pravidla pravidla pravidla pravidla pravidla pravidla pravidla pravidla pravidla pravidla pravidla pravidla pravidla pravidla pravidla pravidla pravidla pravidla pravidla pravidla pravidla pravidla pravidla pravidla pravidla pravidla pravidla pravidla pravidla pravidla pravidla pravidla pravidla pravidla pravidla pravidla pravidla pravidla pravidla pravidla pravidla pravidla
MTX201501307_anon,75,1,1115368.21,1115368.21
MTX201501307_anon,75,1,665.63,pravidla pravidla pravidla pravidla pravidla pravidla pravidla pravidla pravidla pravidla pravidla pravidla pravidla pravidla pravidla pravidla pravidla pravidla pravidla pravidla pravidla pravidla pravidla pravidla pravidla pravidla pravidla pravidla pravidla pravidla pravidla pravidla pravidla pravidla pravidla pravidla pravidla pravidla pravidla pravidla pravidla pravidla pravidla pravidla pravidla pravidla pravidla pravidla pravidla pravidla pravidla pravidla pravidla pravidla pravidla pravidla pravidla pravidla pravidla pravidla pravidla pravidla pravidla pravidla pravidla pravidla pravidla pravidla pravidla pravidla pravidla pravidla pravidla pravidla pravidla pravidla pravidla pravidla pravidla pravidla pravidla pravidla pravidla pravidla pravidla pravidla pravidla pravidla pravidla pravidla pravidla pravidla pravidla pravidla pravidla pravidla pravidla pravidla pravidla pravidla pravidla pravidla pravidla pravidla pravidla pravidla
MTX201501307_anon,75,1,S5OSA,pravidla pravidla pravidla pravidla pravidla pravidla pravidla pravidla pravidla pravidla pravidla pravidla pravidla pravidla pravidla pravidla pravidla pravidla pravidla pravidla pravidla pravidla pravidla pravidla pravidla pravidla pravidla pravidla pravidla pravidla pravidla pravidla pravidla pravidla pravidla pravidla pravidla pravidla pravidla pravidla pravidla pravidla pravidla pravidla pravidla pravidla pravidla pravidla pravidla pravidla pravidla pravidla pravidla pravidla pravidla pravidla pravidla pravidla pravidla pravidla pravidla pravidla pravidla pravidla pravidla pravidla pravidla pravidla pravidla pravidla pravidla pravidla pravidla pravidla pravidla pravidla pravidla pravidla pravidla pravidla pravidla pravidla pravidla pravidla pravidla pravidla pravidla pravidla pravidla pravidla pravidla pravidla pravidla pravidla pravidla pravidla pravidla pravidla pravidla pravidla pravidla pravidla pravidla pravidla pravidla pravidla
MTX201501307_anon,75,1,16,16
MTX201501307_anon,75,1,628488.33,628488.33
MTX201501307_anon,75,1,1115369.42,1115369.42
MTX201501307_anon,75,1,665.63,pravidla pravidla pravidla pravidla pravidla pravidla pravidla pravidla pravidla pravidla pravidla pravidla pravidla pravidla pravidla pravidla pravidla pravidla pravidla pravidla pravidla pravidla pravidla pravidla pravidla pravidla pravidla pravidla pravidla pravidla pravidla pravidla pravidla pravidla pravidla pravidla pravidla pravidla pravidla pravidla pravidla pravidla pravidla pravidla pravidla pravidla pravidla pravidla pravidla pravidla pravidla pravidla pravidla pravidla pravidla pravidla pravidla pravidla pravidla pravidla pravidla pravidla pravidla pravidla pravidla pravidla pravidla pravidla pravidla pravidla pravidla pravidla pravidla pravidla pravidla pravidla pravidla pravidla pravidla pravidla pravidla pravidla pravidla pravidla pravidla pravidla pravidla pravidla pravidla pravidla pravidla pravidla pravidla pravidla pravidla pravidla pravidla pravidla pravidla pravidla pravidla pravidla pravidla pravidla pravidla pravidla
MTX201501307_anon,75,1,S5OSA,pravidla pravidla pravidla pravidla pravidla pravidla pravidla pravidla pravidla pravidla pravidla pravidla pravidla pravidla pravidla pravidla pravidla pravidla pravidla pravidla pravidla pravidla pravidla pravidla pravidla pravidla pravidla pravidla pravidla pravidla pravidla pravidla pravidla pravidla pravidla pravidla pravidla pravidla pravidla pravidla pravidla pravidla pravidla pravidla pravidla pravidla pravidla pravidla pravidla pravidla pravidla pravidla pravidla pravidla pravidla pravidla pravidla pravidla pravidla pravidla pravidla pravidla pravidla pravidla pravidla pravidla pravidla pravidla pravidla pravidla pravidla pravidla pravidla pravidla pravidla pravidla pravidla pravidla pravidla pravidla pravidla pravidla pravidla pravidla pravidla pravidla pravidla pravidla pravidla pravidla pravidla pravidla pravidla pravidla pravidla pravidla pravidla pravidla pravidla pravidla pravidla pravidla pravidla pravidla pravidla pravidla
MTX201501307_anon,75,1,17,pravidla pravidla pravidla pravidla pravidla pravidla pravidla pravidla pravidla pravidla pravidla pravidla pravidla pravidla pravidla pravidla pravidla pravidla pravidla pravidla pravidla pravidla pravidla pravidla pravidla pravidla pravidla pravidla pravidla pravidla pravidla pravidla pravidla pravidla pravidla pravidla pravidla pravidla pravidla pravidla pravidla pravidla pravidla pravidla pravidla pravidla pravidla pravidla pravidla pravidla pravidla pravidla pravidla pravidla pravidla pravidla pravidla pravidla pravidla pravidla pravidla pravidla pravidla pravidla pravidla pravidla pravidla pravidla pravidla pravidla pravidla pravidla pravidla pravidla pravidla pravidla pravidla pravidla pravidla pravidla pravidla pravidla pravidla pravidla pravidla pravidla pravidla pravidla pravidla pravidla pravidla pravidla pravidla pravidla pravidla pravidla pravidla pravidla pravidla pravidla pravidla pravidla pravidla pravidla pravidla pravidla
MTX201501307_anon,75,1,628526.69,pravidla pravidla pravidla pravidla pravidla pravidla pravidla pravidla pravidla pravidla pravidla pravidla pravidla pravidla pravidla pravidla pravidla pravidla pravidla pravidla pravidla pravidla pravidla pravidla pravidla pravidla pravidla pravidla pravidla pravidla pravidla pravidla pravidla pravidla pravidla pravidla pravidla pravidla pravidla pravidla pravidla pravidla pravidla pravidla pravidla pravidla pravidla pravidla pravidla pravidla pravidla pravidla pravidla pravidla pravidla pravidla pravidla pravidla pravidla pravidla pravidla pravidla pravidla pravidla pravidla pravidla pravidla pravidla pravidla pravidla pravidla pravidla pravidla pravidla pravidla pravidla pravidla pravidla pravidla pravidla pravidla pravidla pravidla pravidla pravidla pravidla pravidla pravidla pravidla pravidla pravidla pravidla pravidla pravidla pravidla pravidla pravidla pravidla pravidla pravidla pravidla pravidla pravidla pravidla pravidla pravidla
MTX201501307_anon,75,1,1115428.73,1115428.73
MTX201501307_anon,75,1,663.15,pravidla pravidla pravidla pravidla pravidla pravidla pravidla pravidla pravidla pravidla pravidla pravidla pravidla pravidla pravidla pravidla pravidla pravidla pravidla pravidla pravidla pravidla pravidla pravidla pravidla pravidla pravidla pravidla pravidla pravidla pravidla pravidla pravidla pravidla pravidla pravidla pravidla pravidla pravidla pravidla pravidla pravidla pravidla pravidla pravidla pravidla pravidla pravidla pravidla pravidla pravidla pravidla pravidla pravidla pravidla pravidla pravidla pravidla pravidla pravidla pravidla pravidla pravidla pravidla pravidla pravidla pravidla pravidla pravidla pravidla pravidla pravidla pravidla pravidla pravidla pravidla pravidla pravidla pravidla pravidla pravidla pravidla pravidla pravidla pravidla pravidla pravidla pravidla pravidla pravidla pravidla pravidla pravidla pravidla pravidla pravidla pravidla pravidla pravidla pravidla pravidla pravidla pravidla pravidla pravidla pravidla
MTX201501307_anon,75,1,S3,pravidla pravidla pravidla pravidla pravidla pravidla pravidla pravidla pravidla pravidla pravidla pravidla pravidla pravidla pravidla pravidla pravidla pravidla pravidla pravidla pravidla pravidla pravidla pravidla pravidla pravidla pravidla pravidla pravidla pravidla pravidla pravidla pravidla pravidla pravidla pravidla pravidla pravidla pravidla pravidla pravidla pravidla pravidla pravidla pravidla pravidla pravidla pravidla pravidla pravidla pravidla pravidla pravidla pravidla pravidla pravidla pravidla pravidla pravidla pravidla pravidla pravidla pravidla pravidla pravidla pravidla pravidla pravidla pravidla pravidla pravidla pravidla pravidla pravidla pravidla pravidla pravidla pravidla pravidla pravidla pravidla pravidla pravidla pravidla pravidla pravidla pravidla pravidla pravidla pravidla pravidla pravidla pravidla pravidla pravidla pravidla pravidla pravidla pravidla pravidla pravidla pravidla pravidla pravidla pravidla pravidla
MTX201501307_anon,75,1,18,pravidla pravidla pravidla pravidla pravidla pravidla pravidla pravidla pravidla pravidla pravidla pravidla pravidla pravidla pravidla pravidla pravidla pravidla pravidla pravidla pravidla pravidla pravidla pravidla pravidla pravidla pravidla pravidla pravidla pravidla pravidla pravidla pravidla pravidla pravidla pravidla pravidla pravidla pravidla pravidla pravidla pravidla pravidla pravidla pravidla pravidla pravidla pravidla pravidla pravidla pravidla pravidla pravidla pravidla pravidla pravidla pravidla pravidla pravidla pravidla pravidla pravidla pravidla pravidla pravidla pravidla pravidla pravidla pravidla pravidla pravidla pravidla pravidla pravidla pravidla pravidla pravidla pravidla pravidla pravidla pravidla pravidla pravidla pravidla pravidla pravidla pravidla pravidla pravidla pravidla pravidla pravidla pravidla pravidla pravidla pravidla pravidla pravidla pravidla pravidla pravidla pravidla pravidla pravidla pravidla pravidla
MTX201501307_anon,75,1,628525.39,pravidla pravidla pravidla pravidla pravidla pravidla pravidla pravidla pravidla pravidla pravidla pravidla pravidla pravidla pravidla pravidla pravidla pravidla pravidla pravidla pravidla pravidla pravidla pravidla pravidla pravidla pravidla pravidla pravidla pravidla pravidla pravidla pravidla pravidla pravidla pravidla pravidla pravidla pravidla pravidla pravidla pravidla pravidla pravidla pravidla pravidla pravidla pravidla pravidla pravidla pravidla pravidla pravidla pravidla pravidla pravidla pravidla pravidla pravidla pravidla pravidla pravidla pravidla pravidla pravidla pravidla pravidla pravidla pravidla pravidla pravidla pravidla pravidla pravidla pravidla pravidla pravidla pravidla pravidla pravidla pravidla pravidla pravidla pravidla pravidla pravidla pravidla pravidla pravidla pravidla pravidla pravidla pravidla pravidla pravidla pravidla pravidla pravidla pravidla pravidla pravidla pravidla pravidla pravidla pravidla pravidla
MTX201501307_anon,75,1,1115429.34,1115429.34
MTX201501307_anon,75,1,663.24,pravidla pravidla pravidla pravidla pravidla pravidla pravidla pravidla pravidla pravidla pravidla pravidla pravidla pravidla pravidla pravidla pravidla pravidla pravidla pravidla pravidla pravidla pravidla pravidla pravidla pravidla pravidla pravidla pravidla pravidla pravidla pravidla pravidla pravidla pravidla pravidla pravidla pravidla pravidla pravidla pravidla pravidla pravidla pravidla pravidla pravidla pravidla pravidla pravidla pravidla pravidla pravidla pravidla pravidla pravidla pravidla pravidla pravidla pravidla pravidla pravidla pravidla pravidla pravidla pravidla pravidla pravidla pravidla pravidla pravidla pravidla pravidla pravidla pravidla pravidla pravidla pravidla pravidla pravidla pravidla pravidla pravidla pravidla pravidla pravidla pravidla pravidla pravidla pravidla pravidla pravidla pravidla pravidla pravidla pravidla pravidla pravidla pravidla pravidla pravidla pravidla pravidla pravidla pravidla pravidla pravidla pravidla
MTX201501307_anon,75,1,S3,pravidla pravidla pravidla pravidla pravidla pravidla pravidla pravidla pravidla pravidla pravidla pravidla pravidla pravidla pravidla pravidla pravidla pravidla pravidla pravidla pravidla pravidla pravidla pravidla pravidla pravidla pravidla pravidla pravidla pravidla pravidla pravidla pravidla pravidla pravidla pravidla pravidla pravidla pravidla pravidla pravidla pravidla pravidla pravidla pravidla pravidla pravidla pravidla pravidla pravidla pravidla pravidla pravidla pravidla pravidla pravidla pravidla pravidla pravidla pravidla pravidla pravidla pravidla pravidla pravidla pravidla pravidla pravidla pravidla pravidla pravidla pravidla pravidla pravidla pravidla pravidla pravidla pravidla pravidla pravidla pravidla pravidla pravidla pravidla pravidla pravidla pravidla pravidla pravidla pravidla pravidla pravidla pravidla pravidla pravidla pravidla pravidla pravidla pravidla pravidla pravidla pravidla pravidla pravidla pravidla pravidla pravidla
MTX201501307_anon,75,1,19,19
MTX201501307_anon,75,1,628526.45,pravidla pravidla pravidla pravidla pravidla pravidla pravidla pravidla pravidla pravidla pravidla pravidla pravidla pravidla pravidla pravidla pravidla pravidla pravidla pravidla pravidla pravidla pravidla pravidla pravidla pravidla pravidla pravidla pravidla pravidla pravidla pravidla pravidla pravidla pravidla pravidla pravidla pravidla pravidla pravidla pravidla pravidla pravidla pravidla pravidla pravidla pravidla pravidla pravidla pravidla pravidla pravidla pravidla pravidla pravidla pravidla pravidla pravidla pravidla pravidla pravidla pravidla pravidla pravidla pravidla pravidla pravidla pravidla pravidla pravidla pravidla pravidla pravidla pravidla pravidla pravidla pravidla pravidla pravidla pravidla pravidla pravidla pravidla pravidla pravidla pravidla pravidla pravidla pravidla pravidla pravidla pravidla pravidla pravidla pravidla pravidla pravidla pravidla pravidla pravidla pravidla pravidla pravidla pravidla pravidla pravidla pravidla
MTX201501307_anon,75,1,1115431.55,1115431.55
MTX201501307_anon,75,1,663.01,663.01
MTX201501307_anon,75,1,S3,pravidla pravidla pravidla pravidla pravidla pravidla pravidla pravidla pravidla pravidla pravidla pravidla pravidla pravidla pravidla pravidla pravidla pravidla pravidla pravidla pravidla pravidla pravidla pravidla pravidla pravidla pravidla pravidla pravidla pravidla pravidla pravidla pravidla pravidla pravidla pravidla pravidla pravidla pravidla pravidla pravidla pravidla pravidla pravidla pravidla pravidla pravidla pravidla pravidla pravidla pravidla pravidla pravidla pravidla pravidla pravidla pravidla pravidla pravidla pravidla pravidla pravidla pravidla pravidla pravidla pravidla pravidla pravidla pravidla pravidla pravidla pravidla pravidla pravidla pravidla pravidla pravidla pravidla pravidla pravidla pravidla pravidla pravidla pravidla pravidla pravidla pravidla pravidla pravidla pravidla pravidla pravidla pravidla pravidla pravidla pravidla pravidla pravidla pravidla pravidla pravidla pravidla pravidla pravidla pravidla pravidla pravidla
MTX201501307_anon,75,1,20,20
MTX201501307_anon,75,1,628527.76,628527.76
MTX201501307_anon,75,1,1115430.94,1115430.94
MTX201501307_anon,75,1,662.91,pravidla pravidla pravidla pravidla pravidla pravidla pravidla pravidla pravidla pravidla pravidla pravidla pravidla pravidla pravidla pravidla pravidla pravidla pravidla pravidla pravidla pravidla pravidla pravidla pravidla pravidla pravidla pravidla pravidla pravidla pravidla pravidla pravidla pravidla pravidla pravidla pravidla pravidla pravidla pravidla pravidla pravidla pravidla pravidla pravidla pravidla pravidla pravidla pravidla pravidla pravidla pravidla pravidla pravidla pravidla pravidla pravidla pravidla pravidla pravidla pravidla pravidla pravidla pravidla pravidla pravidla pravidla pravidla pravidla pravidla pravidla pravidla pravidla pravidla pravidla pravidla pravidla pravidla pravidla pravidla pravidla pravidla pravidla pravidla pravidla pravidla pravidla pravidla pravidla pravidla pravidla pravidla pravidla pravidla pravidla pravidla pravidla pravidla pravidla pravidla pravidla pravidla pravidla pravidla pravidla pravidla
MTX201501307_anon,75,1,S3,pravidla pravidla pravidla pravidla pravidla pravidla pravidla pravidla pravidla pravidla pravidla pravidla pravidla pravidla pravidla pravidla pravidla pravidla pravidla pravidla pravidla pravidla pravidla pravidla pravidla pravidla pravidla pravidla pravidla pravidla pravidla pravidla pravidla pravidla pravidla pravidla pravidla pravidla pravidla pravidla pravidla pravidla pravidla pravidla pravidla pravidla pravidla pravidla pravidla pravidla pravidla pravidla pravidla pravidla pravidla pravidla pravidla pravidla pravidla pravidla pravidla pravidla pravidla pravidla pravidla pravidla pravidla pravidla pravidla pravidla pravidla pravidla pravidla pravidla pravidla pravidla pravidla pravidla pravidla pravidla pravidla pravidla pravidla pravidla pravidla pravidla pravidla pravidla pravidla pravidla pravidla pravidla pravidla pravidla pravidla pravidla pravidla pravidla pravidla pravidla pravidla pravidla pravidla pravidla pravidla pravidla pravidla
MTX201501307_anon,75,1,21,21
MTX201501307_anon,75,1,628527.11,628527.11
MTX201501307_anon,75,1,1115429.62,1115429.62
MTX201501307_anon,75,1,662.81,pravidla pravidla pravidla pravidla pravidla pravidla pravidla pravidla pravidla pravidla pravidla pravidla pravidla pravidla pravidla pravidla pravidla pravidla pravidla pravidla pravidla pravidla pravidla pravidla pravidla pravidla pravidla pravidla pravidla pravidla pravidla pravidla pravidla pravidla pravidla pravidla pravidla pravidla pravidla pravidla pravidla pravidla pravidla pravidla pravidla pravidla pravidla pravidla pravidla pravidla pravidla pravidla pravidla pravidla pravidla pravidla pravidla pravidla pravidla pravidla pravidla pravidla pravidla pravidla pravidla pravidla pravidla pravidla pravidla pravidla pravidla pravidla pravidla pravidla pravidla pravidla pravidla pravidla pravidla pravidla pravidla pravidla pravidla pravidla pravidla pravidla pravidla pravidla pravidla pravidla pravidla pravidla pravidla pravidla pravidla pravidla pravidla pravidla pravidla pravidla pravidla pravidla pravidla pravidla pravidla pravidla
MTX201501307_anon,75,1,S3OSA,pravidla pravidla pravidla pravidla pravidla pravidla pravidla pravidla pravidla pravidla pravidla pravidla pravidla pravidla pravidla pravidla pravidla pravidla pravidla pravidla pravidla pravidla pravidla pravidla pravidla pravidla pravidla pravidla pravidla pravidla pravidla pravidla pravidla pravidla pravidla pravidla pravidla pravidla pravidla pravidla pravidla pravidla pravidla pravidla pravidla pravidla pravidla pravidla pravidla pravidla pravidla pravidla pravidla pravidla pravidla pravidla pravidla pravidla pravidla pravidla pravidla pravidla pravidla pravidla pravidla pravidla pravidla pravidla pravidla pravidla pravidla pravidla pravidla pravidla pravidla pravidla pravidla pravidla pravidla pravidla pravidla pravidla pravidla pravidla pravidla pravidla pravidla pravidla pravidla pravidla pravidla pravidla pravidla pravidla pravidla pravidla pravidla pravidla pravidla pravidla pravidla pravidla pravidla pravidla pravidla pravidla pravidla
MTX201501307_anon,75,1,22,22
MTX201501307_anon,75,1,628525.84,pravidla pravidla pravidla pravidla pravidla pravidla pravidla pravidla pravidla pravidla pravidla pravidla pravidla pravidla pravidla pravidla pravidla pravidla pravidla pravidla pravidla pravidla pravidla pravidla pravidla pravidla pravidla pravidla pravidla pravidla pravidla pravidla pravidla pravidla pravidla pravidla pravidla pravidla pravidla pravidla pravidla pravidla pravidla pravidla pravidla pravidla pravidla pravidla pravidla pravidla pravidla pravidla pravidla pravidla pravidla pravidla pravidla pravidla pravidla pravidla pravidla pravidla pravidla pravidla pravidla pravidla pravidla pravidla pravidla pravidla pravidla pravidla pravidla pravidla pravidla pravidla pravidla pravidla pravidla pravidla pravidla pravidla pravidla pravidla pravidla pravidla pravidla pravidla pravidla pravidla pravidla pravidla pravidla pravidla pravidla pravidla pravidla pravidla pravidla pravidla pravidla pravidla pravidla pravidla pravidla pravidla pravidla
MTX201501307_anon,75,1,1115430.21,1115430.21
MTX201501307_anon,75,1,662.81,pravidla pravidla pravidla pravidla pravidla pravidla pravidla pravidla pravidla pravidla pravidla pravidla pravidla pravidla pravidla pravidla pravidla pravidla pravidla pravidla pravidla pravidla pravidla pravidla pravidla pravidla pravidla pravidla pravidla pravidla pravidla pravidla pravidla pravidla pravidla pravidla pravidla pravidla pravidla pravidla pravidla pravidla pravidla pravidla pravidla pravidla pravidla pravidla pravidla pravidla pravidla pravidla pravidla pravidla pravidla pravidla pravidla pravidla pravidla pravidla pravidla pravidla pravidla pravidla pravidla pravidla pravidla pravidla pravidla pravidla pravidla pravidla pravidla pravidla pravidla pravidla pravidla pravidla pravidla pravidla pravidla pravidla pravidla pravidla pravidla pravidla pravidla pravidla pravidla pravidla pravidla pravidla pravidla pravidla pravidla pravidla pravidla pravidla pravidla pravidla pravidla pravidla pravidla pravidla pravidla pravidla
MTX201501307_anon,75,1,S3OSA,pravidla pravidla pravidla pravidla pravidla pravidla pravidla pravidla pravidla pravidla pravidla pravidla pravidla pravidla pravidla pravidla pravidla pravidla pravidla pravidla pravidla pravidla pravidla pravidla pravidla pravidla pravidla pravidla pravidla pravidla pravidla pravidla pravidla pravidla pravidla pravidla pravidla pravidla pravidla pravidla pravidla pravidla pravidla pravidla pravidla pravidla pravidla pravidla pravidla pravidla pravidla pravidla pravidla pravidla pravidla pravidla pravidla pravidla pravidla pravidla pravidla pravidla pravidla pravidla pravidla pravidla pravidla pravidla pravidla pravidla pravidla pravidla pravidla pravidla pravidla pravidla pravidla pravidla pravidla pravidla pravidla pravidla pravidla pravidla pravidla pravidla pravidla pravidla pravidla pravidla pravidla pravidla pravidla pravidla pravidla pravidla pravidla pravidla pravidla pravidla pravidla pravidla pravidla pravidla pravidla pravidla pravidla
MTX201501307_anon,75,1,23,23
MTX201501307_anon,75,1,628526.44,pravidla pravidla pravidla pravidla pravidla pravidla pravidla pravidla pravidla pravidla pravidla pravidla pravidla pravidla pravidla pravidla pravidla pravidla pravidla pravidla pravidla pravidla pravidla pravidla pravidla pravidla pravidla pravidla pravidla pravidla pravidla pravidla pravidla pravidla pravidla pravidla pravidla pravidla pravidla pravidla pravidla pravidla pravidla pravidla pravidla pravidla pravidla pravidla pravidla pravidla pravidla pravidla pravidla pravidla pravidla pravidla pravidla pravidla pravidla pravidla pravidla pravidla pravidla pravidla pravidla pravidla pravidla pravidla pravidla pravidla pravidla pravidla pravidla pravidla pravidla pravidla pravidla pravidla pravidla pravidla pravidla pravidla pravidla pravidla pravidla pravidla pravidla pravidla pravidla pravidla pravidla pravidla pravidla pravidla pravidla pravidla pravidla pravidla pravidla pravidla pravidla pravidla pravidla pravidla pravidla pravidla pravidla
MTX201501307_anon,75,1,1115431.50,1115431.50
MTX201501307_anon,75,1,662.80,662.80
MTX201501307_anon,75,1,S3OSA,pravidla pravidla pravidla pravidla pravidla pravidla pravidla pravidla pravidla pravidla pravidla pravidla pravidla pravidla pravidla pravidla pravidla pravidla pravidla pravidla pravidla pravidla pravidla pravidla pravidla pravidla pravidla pravidla pravidla pravidla pravidla pravidla pravidla pravidla pravidla pravidla pravidla pravidla pravidla pravidla pravidla pravidla pravidla pravidla pravidla pravidla pravidla pravidla pravidla pravidla pravidla pravidla pravidla pravidla pravidla pravidla pravidla pravidla pravidla pravidla pravidla pravidla pravidla pravidla pravidla pravidla pravidla pravidla pravidla pravidla pravidla pravidla pravidla pravidla pravidla pravidla pravidla pravidla pravidla pravidla pravidla pravidla pravidla pravidla pravidla pravidla pravidla pravidla pravidla pravidla pravidla pravidla pravidla pravidla pravidla pravidla pravidla pravidla pravidla pravidla pravidla pravidla pravidla pravidla pravidla pravidla pravidla
MTX201501307_anon,75,1,24,pravidla pravidla pravidla pravidla pravidla pravidla pravidla pravidla pravidla pravidla pravidla pravidla pravidla pravidla pravidla pravidla pravidla pravidla pravidla pravidla pravidla pravidla pravidla pravidla pravidla pravidla pravidla pravidla pravidla pravidla pravidla pravidla pravidla pravidla pravidla pravidla pravidla pravidla pravidla pravidla pravidla pravidla pravidla pravidla pravidla pravidla pravidla pravidla pravidla pravidla pravidla pravidla pravidla pravidla pravidla pravidla pravidla pravidla pravidla pravidla pravidla pravidla pravidla pravidla pravidla pravidla pravidla pravidla pravidla pravidla pravidla pravidla pravidla pravidla pravidla pravidla pravidla pravidla pravidla pravidla pravidla pravidla pravidla pravidla pravidla pravidla pravidla pravidla pravidla pravidla pravidla pravidla pravidla pravidla pravidla pravidla pravidla pravidla pravidla pravidla pravidla pravidla pravidla pravidla pravidla pravidla pravidla
MTX201501307_anon,75,1,628527.73,628527.73
MTX201501307_anon,75,1,1115430.94,1115430.94
MTX201501307_anon,75,1,662.81,pravidla pravidla pravidla pravidla pravidla pravidla pravidla pravidla pravidla pravidla pravidla pravidla pravidla pravidla pravidla pravidla pravidla pravidla pravidla pravidla pravidla pravidla pravidla pravidla pravidla pravidla pravidla pravidla pravidla pravidla pravidla pravidla pravidla pravidla pravidla pravidla pravidla pravidla pravidla pravidla pravidla pravidla pravidla pravidla pravidla pravidla pravidla pravidla pravidla pravidla pravidla pravidla pravidla pravidla pravidla pravidla pravidla pravidla pravidla pravidla pravidla pravidla pravidla pravidla pravidla pravidla pravidla pravidla pravidla pravidla pravidla pravidla pravidla pravidla pravidla pravidla pravidla pravidla pravidla pravidla pravidla pravidla pravidla pravidla pravidla pravidla pravidla pravidla pravidla pravidla pravidla pravidla pravidla pravidla pravidla pravidla pravidla pravidla pravidla pravidla pravidla pravidla pravidla pravidla pravidla pravidla
MTX201501307_anon,75,1,S3OSA,pravidla pravidla pravidla pravidla pravidla pravidla pravidla pravidla pravidla pravidla pravidla pravidla pravidla pravidla pravidla pravidla pravidla pravidla pravidla pravidla pravidla pravidla pravidla pravidla pravidla pravidla pravidla pravidla pravidla pravidla pravidla pravidla pravidla pravidla pravidla pravidla pravidla pravidla pravidla pravidla pravidla pravidla pravidla pravidla pravidla pravidla pravidla pravidla pravidla pravidla pravidla pravidla pravidla pravidla pravidla pravidla pravidla pravidla pravidla pravidla pravidla pravidla pravidla pravidla pravidla pravidla pravidla pravidla pravidla pravidla pravidla pravidla pravidla pravidla pravidla pravidla pravidla pravidla pravidla pravidla pravidla pravidla pravidla pravidla pravidla pravidla pravidla pravidla pravidla pravidla pravidla pravidla pravidla pravidla pravidla pravidla pravidla pravidla pravidla pravidla pravidla pravidla pravidla pravidla pravidla pravidla pravidla
MTX201501307_anon,75,1,25,25
MTX201501307_anon,75,1,628526.69,pravidla pravidla pravidla pravidla pravidla pravidla pravidla pravidla pravidla pravidla pravidla pravidla pravidla pravidla pravidla pravidla pravidla pravidla pravidla pravidla pravidla pravidla pravidla pravidla pravidla pravidla pravidla pravidla pravidla pravidla pravidla pravidla pravidla pravidla pravidla pravidla pravidla pravidla pravidla pravidla pravidla pravidla pravidla pravidla pravidla pravidla pravidla pravidla pravidla pravidla pravidla pravidla pravidla pravidla pravidla pravidla pravidla pravidla pravidla pravidla pravidla pravidla pravidla pravidla pravidla pravidla pravidla pravidla pravidla pravidla pravidla pravidla pravidla pravidla pravidla pravidla pravidla pravidla pravidla pravidla pravidla pravidla pravidla pravidla pravidla pravidla pravidla pravidla pravidla pravidla pravidla pravidla pravidla pravidla pravidla pravidla pravidla pravidla pravidla pravidla pravidla pravidla pravidla pravidla pravidla pravidla pravidla
MTX201501307_anon,75,1,1115428.81,1115428.81
MTX201501307_anon,75,1,662.81,pravidla pravidla pravidla pravidla pravidla pravidla pravidla pravidla pravidla pravidla pravidla pravidla pravidla pravidla pravidla pravidla pravidla pravidla pravidla pravidla pravidla pravidla pravidla pravidla pravidla pravidla pravidla pravidla pravidla pravidla pravidla pravidla pravidla pravidla pravidla pravidla pravidla pravidla pravidla pravidla pravidla pravidla pravidla pravidla pravidla pravidla pravidla pravidla pravidla pravidla pravidla pravidla pravidla pravidla pravidla pravidla pravidla pravidla pravidla pravidla pravidla pravidla pravidla pravidla pravidla pravidla pravidla pravidla pravidla pravidla pravidla pravidla pravidla pravidla pravidla pravidla pravidla pravidla pravidla pravidla pravidla pravidla pravidla pravidla pravidla pravidla pravidla pravidla pravidla pravidla pravidla pravidla pravidla pravidla pravidla pravidla pravidla pravidla pravidla pravidla pravidla pravidla pravidla pravidla pravidla pravidla
MTX201501307_anon,75,1,S3OSA,pravidla pravidla pravidla pravidla pravidla pravidla pravidla pravidla pravidla pravidla pravidla pravidla pravidla pravidla pravidla pravidla pravidla pravidla pravidla pravidla pravidla pravidla pravidla pravidla pravidla pravidla pravidla pravidla pravidla pravidla pravidla pravidla pravidla pravidla pravidla pravidla pravidla pravidla pravidla pravidla pravidla pravidla pravidla pravidla pravidla pravidla pravidla pravidla pravidla pravidla pravidla pravidla pravidla pravidla pravidla pravidla pravidla pravidla pravidla pravidla pravidla pravidla pravidla pravidla pravidla pravidla pravidla pravidla pravidla pravidla pravidla pravidla pravidla pravidla pravidla pravidla pravidla pravidla pravidla pravidla pravidla pravidla pravidla pravidla pravidla pravidla pravidla pravidla pravidla pravidla pravidla pravidla pravidla pravidla pravidla pravidla pravidla pravidla pravidla pravidla pravidla pravidla pravidla pravidla pravidla pravidla pravidla
MTX201501307_anon,75,1,26,26
MTX201501307_anon,75,1,628525.45,628525.45
MTX201501307_anon,75,1,1115429.35,1115429.35
MTX201501307_anon,75,1,662.82,pravidla pravidla pravidla pravidla pravidla pravidla pravidla pravidla pravidla pravidla pravidla pravidla pravidla pravidla pravidla pravidla pravidla pravidla pravidla pravidla pravidla pravidla pravidla pravidla pravidla pravidla pravidla pravidla pravidla pravidla pravidla pravidla pravidla pravidla pravidla pravidla pravidla pravidla pravidla pravidla pravidla pravidla pravidla pravidla pravidla pravidla pravidla pravidla pravidla pravidla pravidla pravidla pravidla pravidla pravidla pravidla pravidla pravidla pravidla pravidla pravidla pravidla pravidla pravidla pravidla pravidla pravidla pravidla pravidla pravidla pravidla pravidla pravidla pravidla pravidla pravidla pravidla pravidla pravidla pravidla pravidla pravidla pravidla pravidla pravidla pravidla pravidla pravidla pravidla pravidla pravidla pravidla pravidla pravidla pravidla pravidla pravidla pravidla pravidla pravidla pravidla pravidla pravidla pravidla pravidla pravidla
MTX201501307_anon,75,1,S3OSA,pravidla pravidla pravidla pravidla pravidla pravidla pravidla pravidla pravidla pravidla pravidla pravidla pravidla pravidla pravidla pravidla pravidla pravidla pravidla pravidla pravidla pravidla pravidla pravidla pravidla pravidla pravidla pravidla pravidla pravidla pravidla pravidla pravidla pravidla pravidla pravidla pravidla pravidla pravidla pravidla pravidla pravidla pravidla pravidla pravidla pravidla pravidla pravidla pravidla pravidla pravidla pravidla pravidla pravidla pravidla pravidla pravidla pravidla pravidla pravidla pravidla pravidla pravidla pravidla pravidla pravidla pravidla pravidla pravidla pravidla pravidla pravidla pravidla pravidla pravidla pravidla pravidla pravidla pravidla pravidla pravidla pravidla pravidla pravidla pravidla pravidla pravidla pravidla pravidla pravidla pravidla pravidla pravidla pravidla pravidla pravidla pravidla pravidla pravidla pravidla pravidla pravidla pravidla pravidla pravidla pravidla pravidla
MTX201501307_anon,75,1,27,pravidla pravidla pravidla pravidla pravidla pravidla pravidla pravidla pravidla pravidla pravidla pravidla pravidla pravidla pravidla pravidla pravidla pravidla pravidla pravidla pravidla pravidla pravidla pravidla pravidla pravidla pravidla pravidla pravidla pravidla pravidla pravidla pravidla pravidla pravidla pravidla pravidla pravidla pravidla pravidla pravidla pravidla pravidla pravidla pravidla pravidla pravidla pravidla pravidla pravidla pravidla pravidla pravidla pravidla pravidla pravidla pravidla pravidla pravidla pravidla pravidla pravidla pravidla pravidla pravidla pravidla pravidla pravidla pravidla pravidla pravidla pravidla pravidla pravidla pravidla pravidla pravidla pravidla pravidla pravidla pravidla pravidla pravidla pravidla pravidla pravidla pravidla pravidla pravidla pravidla pravidla pravidla pravidla pravidla pravidla pravidla pravidla pravidla pravidla pravidla pravidla pravidla pravidla pravidla pravidla pravidla
MTX201501307_anon,75,1,628513.96,pravidla pravidla pravidla pravidla pravidla pravidla pravidla pravidla pravidla pravidla pravidla pravidla pravidla pravidla pravidla pravidla pravidla pravidla pravidla pravidla pravidla pravidla pravidla pravidla pravidla pravidla pravidla pravidla pravidla pravidla pravidla pravidla pravidla pravidla pravidla pravidla pravidla pravidla pravidla pravidla pravidla pravidla pravidla pravidla pravidla pravidla pravidla pravidla pravidla pravidla pravidla pravidla pravidla pravidla pravidla pravidla pravidla pravidla pravidla pravidla pravidla pravidla pravidla pravidla pravidla pravidla pravidla pravidla pravidla pravidla pravidla pravidla pravidla pravidla pravidla pravidla pravidla pravidla pravidla pravidla pravidla pravidla pravidla pravidla pravidla pravidla pravidla pravidla pravidla pravidla pravidla pravidla pravidla pravidla pravidla pravidla pravidla pravidla pravidla pravidla pravidla pravidla pravidla pravidla pravidla pravidla pravidla
MTX201501307_anon,75,1,1115404.51,1115404.51
MTX201501307_anon,75,1,665.59,665.59
MTX201501307_anon,75,1,DUM,DUM
MTX201501307_anon,75,1,28,pravidla pravidla pravidla pravidla pravidla pravidla pravidla pravidla pravidla pravidla pravidla pravidla pravidla pravidla pravidla pravidla pravidla pravidla pravidla pravidla pravidla pravidla pravidla pravidla pravidla pravidla pravidla pravidla pravidla pravidla pravidla pravidla pravidla pravidla pravidla pravidla pravidla pravidla pravidla pravidla pravidla pravidla pravidla pravidla pravidla pravidla pravidla pravidla pravidla pravidla pravidla pravidla pravidla pravidla pravidla pravidla pravidla pravidla pravidla pravidla pravidla pravidla pravidla pravidla pravidla pravidla pravidla pravidla pravidla pravidla pravidla pravidla pravidla pravidla pravidla pravidla pravidla pravidla pravidla pravidla pravidla pravidla pravidla pravidla pravidla pravidla pravidla pravidla pravidla pravidla pravidla pravidla pravidla pravidla pravidla pravidla pravidla pravidla pravidla pravidla pravidla pravidla pravidla pravidla pravidla pravidla
MTX201501307_anon,75,1,628515.59,628515.59
MTX201501307_anon,75,1,1115411.76,1115411.76
MTX201501307_anon,75,1,665.86,pravidla pravidla pravidla pravidla pravidla pravidla pravidla pravidla pravidla pravidla pravidla pravidla pravidla pravidla pravidla pravidla pravidla pravidla pravidla pravidla pravidla pravidla pravidla pravidla pravidla pravidla pravidla pravidla pravidla pravidla pravidla pravidla pravidla pravidla pravidla pravidla pravidla pravidla pravidla pravidla pravidla pravidla pravidla pravidla pravidla pravidla pravidla pravidla pravidla pravidla pravidla pravidla pravidla pravidla pravidla pravidla pravidla pravidla pravidla pravidla pravidla pravidla pravidla pravidla pravidla pravidla pravidla pravidla pravidla pravidla pravidla pravidla pravidla pravidla pravidla pravidla pravidla pravidla pravidla pravidla pravidla pravidla pravidla pravidla pravidla pravidla pravidla pravidla pravidla pravidla pravidla pravidla pravidla pravidla pravidla pravidla pravidla pravidla pravidla pravidla pravidla pravidla pravidla pravidla pravidla pravidla pravidla
MTX201501307_anon,75,1,DUM,DUM
MTX201501307_anon,75,1,29,pravidla pravidla pravidla pravidla pravidla pravidla pravidla pravidla pravidla pravidla pravidla pravidla pravidla pravidla pravidla pravidla pravidla pravidla pravidla pravidla pravidla pravidla pravidla pravidla pravidla pravidla pravidla pravidla pravidla pravidla pravidla pravidla pravidla pravidla pravidla pravidla pravidla pravidla pravidla pravidla pravidla pravidla pravidla pravidla pravidla pravidla pravidla pravidla pravidla pravidla pravidla pravidla pravidla pravidla pravidla pravidla pravidla pravidla pravidla pravidla pravidla pravidla pravidla pravidla pravidla pravidla pravidla pravidla pravidla pravidla pravidla pravidla pravidla pravidla pravidla pravidla pravidla pravidla pravidla pravidla pravidla pravidla pravidla pravidla pravidla pravidla pravidla pravidla pravidla pravidla pravidla pravidla pravidla pravidla pravidla pravidla pravidla pravidla pravidla pravidla pravidla pravidla pravidla pravidla pravidla pravidla
MTX201501307_anon,75,1,628533.12,628533.12
MTX201501307_anon,75,1,1115431.95,1115431.95
MTX201501307_anon,75,1,664.85,pravidla pravidla pravidla pravidla pravidla pravidla pravidla pravidla pravidla pravidla pravidla pravidla pravidla pravidla pravidla pravidla pravidla pravidla pravidla pravidla pravidla pravidla pravidla pravidla pravidla pravidla pravidla pravidla pravidla pravidla pravidla pravidla pravidla pravidla pravidla pravidla pravidla pravidla pravidla pravidla pravidla pravidla pravidla pravidla pravidla pravidla pravidla pravidla pravidla pravidla pravidla pravidla pravidla pravidla pravidla pravidla pravidla pravidla pravidla pravidla pravidla pravidla pravidla pravidla pravidla pravidla pravidla pravidla pravidla pravidla pravidla pravidla pravidla pravidla pravidla pravidla pravidla pravidla pravidla pravidla pravidla pravidla pravidla pravidla pravidla pravidla pravidla pravidla pravidla pravidla pravidla pravidla pravidla pravidla pravidla pravidla pravidla pravidla pravidla pravidla pravidla pravidla pravidla pravidla pravidla pravidla pravidla
MTX201501307_anon,75,1,DUM,DUM
MTX201501307_anon,75,1,30,30
MTX201501307_anon,75,1,628527.13,628527.13
MTX201501307_anon,75,1,1115436.36,1115436.36
MTX201501307_anon,75,1,665.72,pravidla pravidla pravidla pravidla pravidla pravidla pravidla pravidla pravidla pravidla pravidla pravidla pravidla pravidla pravidla pravidla pravidla pravidla pravidla pravidla pravidla pravidla pravidla pravidla pravidla pravidla pravidla pravidla pravidla pravidla pravidla pravidla pravidla pravidla pravidla pravidla pravidla pravidla pravidla pravidla pravidla pravidla pravidla pravidla pravidla pravidla pravidla pravidla pravidla pravidla pravidla pravidla pravidla pravidla pravidla pravidla pravidla pravidla pravidla pravidla pravidla pravidla pravidla pravidla pravidla pravidla pravidla pravidla pravidla pravidla pravidla pravidla pravidla pravidla pravidla pravidla pravidla pravidla pravidla pravidla pravidla pravidla pravidla pravidla pravidla pravidla pravidla pravidla pravidla pravidla pravidla pravidla pravidla pravidla pravidla pravidla pravidla pravidla pravidla pravidla pravidla pravidla pravidla pravidla pravidla pravidla
MTX201501307_anon,75,1,DUM,DUM
MTX201501307_anon,75,1,31,pravidla pravidla pravidla pravidla pravidla pravidla pravidla pravidla pravidla pravidla pravidla pravidla pravidla pravidla pravidla pravidla pravidla pravidla pravidla pravidla pravidla pravidla pravidla pravidla pravidla pravidla pravidla pravidla pravidla pravidla pravidla pravidla pravidla pravidla pravidla pravidla pravidla pravidla pravidla pravidla pravidla pravidla pravidla pravidla pravidla pravidla pravidla pravidla pravidla pravidla pravidla pravidla pravidla pravidla pravidla pravidla pravidla pravidla pravidla pravidla pravidla pravidla pravidla pravidla pravidla pravidla pravidla pravidla pravidla pravidla pravidla pravidla pravidla pravidla pravidla pravidla pravidla pravidla pravidla pravidla pravidla pravidla pravidla pravidla pravidla pravidla pravidla pravidla pravidla pravidla pravidla pravidla pravidla pravidla pravidla pravidla pravidla pravidla pravidla pravidla pravidla pravidla pravidla pravidla pravidla pravidla
MTX201501307_anon,75,1,628523.57,628523.57
MTX201501307_anon,75,1,1115434.63,1115434.63
MTX201501307_anon,75,1,665.15,pravidla pravidla pravidla pravidla pravidla pravidla pravidla pravidla pravidla pravidla pravidla pravidla pravidla pravidla pravidla pravidla pravidla pravidla pravidla pravidla pravidla pravidla pravidla pravidla pravidla pravidla pravidla pravidla pravidla pravidla pravidla pravidla pravidla pravidla pravidla pravidla pravidla pravidla pravidla pravidla pravidla pravidla pravidla pravidla pravidla pravidla pravidla pravidla pravidla pravidla pravidla pravidla pravidla pravidla pravidla pravidla pravidla pravidla pravidla pravidla pravidla pravidla pravidla pravidla pravidla pravidla pravidla pravidla pravidla pravidla pravidla pravidla pravidla pravidla pravidla pravidla pravidla pravidla pravidla pravidla pravidla pravidla pravidla pravidla pravidla pravidla pravidla pravidla pravidla pravidla pravidla pravidla pravidla pravidla pravidla pravidla pravidla pravidla pravidla pravidla pravidla pravidla pravidla pravidla pravidla pravidla
MTX201501307_anon,75,1,DUM,DUM
MTX201501307_anon,75,1,32,pravidla pravidla pravidla pravidla pravidla pravidla pravidla pravidla pravidla pravidla pravidla pravidla pravidla pravidla pravidla pravidla pravidla pravidla pravidla pravidla pravidla pravidla pravidla pravidla pravidla pravidla pravidla pravidla pravidla pravidla pravidla pravidla pravidla pravidla pravidla pravidla pravidla pravidla pravidla pravidla pravidla pravidla pravidla pravidla pravidla pravidla pravidla pravidla pravidla pravidla pravidla pravidla pravidla pravidla pravidla pravidla pravidla pravidla pravidla pravidla pravidla pravidla pravidla pravidla pravidla pravidla pravidla pravidla pravidla pravidla pravidla pravidla pravidla pravidla pravidla pravidla pravidla pravidla pravidla pravidla pravidla pravidla pravidla pravidla pravidla pravidla pravidla pravidla pravidla pravidla pravidla pravidla pravidla pravidla pravidla pravidla pravidla pravidla pravidla pravidla pravidla pravidla pravidla pravidla pravidla pravidla
MTX201501307_anon,75,1,628519.89,pravidla pravidla pravidla pravidla pravidla pravidla pravidla pravidla pravidla pravidla pravidla pravidla pravidla pravidla pravidla pravidla pravidla pravidla pravidla pravidla pravidla pravidla pravidla pravidla pravidla pravidla pravidla pravidla pravidla pravidla pravidla pravidla pravidla pravidla pravidla pravidla pravidla pravidla pravidla pravidla pravidla pravidla pravidla pravidla pravidla pravidla pravidla pravidla pravidla pravidla pravidla pravidla pravidla pravidla pravidla pravidla pravidla pravidla pravidla pravidla pravidla pravidla pravidla pravidla pravidla pravidla pravidla pravidla pravidla pravidla pravidla pravidla pravidla pravidla pravidla pravidla pravidla pravidla pravidla pravidla pravidla pravidla pravidla pravidla pravidla pravidla pravidla pravidla pravidla pravidla pravidla pravidla pravidla pravidla pravidla pravidla pravidla pravidla pravidla pravidla pravidla pravidla pravidla pravidla pravidla pravidla pravidla
MTX201501307_anon,75,1,1115435.05,1115435.05
MTX201501307_anon,75,1,665.64,pravidla pravidla pravidla pravidla pravidla pravidla pravidla pravidla pravidla pravidla pravidla pravidla pravidla pravidla pravidla pravidla pravidla pravidla pravidla pravidla pravidla pravidla pravidla pravidla pravidla pravidla pravidla pravidla pravidla pravidla pravidla pravidla pravidla pravidla pravidla pravidla pravidla pravidla pravidla pravidla pravidla pravidla pravidla pravidla pravidla pravidla pravidla pravidla pravidla pravidla pravidla pravidla pravidla pravidla pravidla pravidla pravidla pravidla pravidla pravidla pravidla pravidla pravidla pravidla pravidla pravidla pravidla pravidla pravidla pravidla pravidla pravidla pravidla pravidla pravidla pravidla pravidla pravidla pravidla pravidla pravidla pravidla pravidla pravidla pravidla pravidla pravidla pravidla pravidla pravidla pravidla pravidla pravidla pravidla pravidla pravidla pravidla pravidla pravidla pravidla pravidla pravidla pravidla pravidla pravidla pravidla pravidla
MTX201501307_anon,75,1,DUM,DUM
MTX201501307_anon,75,1,33,pravidla pravidla pravidla pravidla pravidla pravidla pravidla pravidla pravidla pravidla pravidla pravidla pravidla pravidla pravidla pravidla pravidla pravidla pravidla pravidla pravidla pravidla pravidla pravidla pravidla pravidla pravidla pravidla pravidla pravidla pravidla pravidla pravidla pravidla pravidla pravidla pravidla pravidla pravidla pravidla pravidla pravidla pravidla pravidla pravidla pravidla pravidla pravidla pravidla pravidla pravidla pravidla pravidla pravidla pravidla pravidla pravidla pravidla pravidla pravidla pravidla pravidla pravidla pravidla pravidla pravidla pravidla pravidla pravidla pravidla pravidla pravidla pravidla pravidla pravidla pravidla pravidla pravidla pravidla pravidla pravidla pravidla pravidla pravidla pravidla pravidla pravidla pravidla pravidla pravidla pravidla pravidla pravidla pravidla pravidla pravidla pravidla pravidla pravidla pravidla pravidla pravidla pravidla pravidla pravidla pravidla
MTX201501307_anon,75,1,628524.32,pravidla pravidla pravidla pravidla pravidla pravidla pravidla pravidla pravidla pravidla pravidla pravidla pravidla pravidla pravidla pravidla pravidla pravidla pravidla pravidla pravidla pravidla pravidla pravidla pravidla pravidla pravidla pravidla pravidla pravidla pravidla pravidla pravidla pravidla pravidla pravidla pravidla pravidla pravidla pravidla pravidla pravidla pravidla pravidla pravidla pravidla pravidla pravidla pravidla pravidla pravidla pravidla pravidla pravidla pravidla pravidla pravidla pravidla pravidla pravidla pravidla pravidla pravidla pravidla pravidla pravidla pravidla pravidla pravidla pravidla pravidla pravidla pravidla pravidla pravidla pravidla pravidla pravidla pravidla pravidla pravidla pravidla pravidla pravidla pravidla pravidla pravidla pravidla pravidla pravidla pravidla pravidla pravidla pravidla pravidla pravidla pravidla pravidla pravidla pravidla pravidla pravidla pravidla pravidla pravidla pravidla
MTX201501307_anon,75,1,1115437.33,1115437.33
MTX201501307_anon,75,1,667.94,pravidla pravidla pravidla pravidla pravidla pravidla pravidla pravidla pravidla pravidla pravidla pravidla pravidla pravidla pravidla pravidla pravidla pravidla pravidla pravidla pravidla pravidla pravidla pravidla pravidla pravidla pravidla pravidla pravidla pravidla pravidla pravidla pravidla pravidla pravidla pravidla pravidla pravidla pravidla pravidla pravidla pravidla pravidla pravidla pravidla pravidla pravidla pravidla pravidla pravidla pravidla pravidla pravidla pravidla pravidla pravidla pravidla pravidla pravidla pravidla pravidla pravidla pravidla pravidla pravidla pravidla pravidla pravidla pravidla pravidla pravidla pravidla pravidla pravidla pravidla pravidla pravidla pravidla pravidla pravidla pravidla pravidla pravidla pravidla pravidla pravidla pravidla pravidla pravidla pravidla pravidla pravidla pravidla pravidla pravidla pravidla pravidla pravidla pravidla pravidla pravidla pravidla pravidla pravidla pravidla pravidla pravidla
MTX201501307_anon,75,1,DUM,DUM
MTX201501307_anon,75,1,34,pravidla pravidla pravidla pravidla pravidla pravidla pravidla pravidla pravidla pravidla pravidla pravidla pravidla pravidla pravidla pravidla pravidla pravidla pravidla pravidla pravidla pravidla pravidla pravidla pravidla pravidla pravidla pravidla pravidla pravidla pravidla pravidla pravidla pravidla pravidla pravidla pravidla pravidla pravidla pravidla pravidla pravidla pravidla pravidla pravidla pravidla pravidla pravidla pravidla pravidla pravidla pravidla pravidla pravidla pravidla pravidla pravidla pravidla pravidla pravidla pravidla pravidla pravidla pravidla pravidla pravidla pravidla pravidla pravidla pravidla pravidla pravidla pravidla pravidla pravidla pravidla pravidla pravidla pravidla pravidla pravidla pravidla pravidla pravidla pravidla pravidla pravidla pravidla pravidla pravidla pravidla pravidla pravidla pravidla pravidla pravidla pravidla pravidla pravidla pravidla pravidla pravidla pravidla pravidla pravidla pravidla pravidla
MTX201501307_anon,75,1,628506.47,pravidla pravidla pravidla pravidla pravidla pravidla pravidla pravidla pravidla pravidla pravidla pravidla pravidla pravidla pravidla pravidla pravidla pravidla pravidla pravidla pravidla pravidla pravidla pravidla pravidla pravidla pravidla pravidla pravidla pravidla pravidla pravidla pravidla pravidla pravidla pravidla pravidla pravidla pravidla pravidla pravidla pravidla pravidla pravidla pravidla pravidla pravidla pravidla pravidla pravidla pravidla pravidla pravidla pravidla pravidla pravidla pravidla pravidla pravidla pravidla pravidla pravidla pravidla pravidla pravidla pravidla pravidla pravidla pravidla pravidla pravidla pravidla pravidla pravidla pravidla pravidla pravidla pravidla pravidla pravidla pravidla pravidla pravidla pravidla pravidla pravidla pravidla pravidla pravidla pravidla pravidla pravidla pravidla pravidla pravidla pravidla pravidla pravidla pravidla pravidla pravidla pravidla pravidla pravidla pravidla pravidla pravidla
MTX201501307_anon,75,1,1115413.38,1115413.38
MTX201501307_anon,75,1,667.34,pravidla pravidla pravidla pravidla pravidla pravidla pravidla pravidla pravidla pravidla pravidla pravidla pravidla pravidla pravidla pravidla pravidla pravidla pravidla pravidla pravidla pravidla pravidla pravidla pravidla pravidla pravidla pravidla pravidla pravidla pravidla pravidla pravidla pravidla pravidla pravidla pravidla pravidla pravidla pravidla pravidla pravidla pravidla pravidla pravidla pravidla pravidla pravidla pravidla pravidla pravidla pravidla pravidla pravidla pravidla pravidla pravidla pravidla pravidla pravidla pravidla pravidla pravidla pravidla pravidla pravidla pravidla pravidla pravidla pravidla pravidla pravidla pravidla pravidla pravidla pravidla pravidla pravidla pravidla pravidla pravidla pravidla pravidla pravidla pravidla pravidla pravidla pravidla pravidla pravidla pravidla pravidla pravidla pravidla pravidla pravidla pravidla pravidla pravidla pravidla pravidla pravidla pravidla pravidla pravidla pravidla pravidla
MTX201501307_anon,75,1,DUM,DUM
MTX201501307_anon,75,1,35,35
MTX201501307_anon,75,1,628500.74,628500.74
MTX201501307_anon,75,1,1115409.59,1115409.59
MTX201501307_anon,75,1,667.23,pravidla pravidla pravidla pravidla pravidla pravidla pravidla pravidla pravidla pravidla pravidla pravidla pravidla pravidla pravidla pravidla pravidla pravidla pravidla pravidla pravidla pravidla pravidla pravidla pravidla pravidla pravidla pravidla pravidla pravidla pravidla pravidla pravidla pravidla pravidla pravidla pravidla pravidla pravidla pravidla pravidla pravidla pravidla pravidla pravidla pravidla pravidla pravidla pravidla pravidla pravidla pravidla pravidla pravidla pravidla pravidla pravidla pravidla pravidla pravidla pravidla pravidla pravidla pravidla pravidla pravidla pravidla pravidla pravidla pravidla pravidla pravidla pravidla pravidla pravidla pravidla pravidla pravidla pravidla pravidla pravidla pravidla pravidla pravidla pravidla pravidla pravidla pravidla pravidla pravidla pravidla pravidla pravidla pravidla pravidla pravidla pravidla pravidla pravidla pravidla pravidla pravidla pravidla pravidla pravidla pravidla pravidla
MTX201501307_anon,75,1,DUM,DUM
MTX201501307_anon,75,1,36,36
MTX201501307_anon,75,1,628473.87,pravidla pravidla pravidla pravidla pravidla pravidla pravidla pravidla pravidla pravidla pravidla pravidla pravidla pravidla pravidla pravidla pravidla pravidla pravidla pravidla pravidla pravidla pravidla pravidla pravidla pravidla pravidla pravidla pravidla pravidla pravidla pravidla pravidla pravidla pravidla pravidla pravidla pravidla pravidla pravidla pravidla pravidla pravidla pravidla pravidla pravidla pravidla pravidla pravidla pravidla pravidla pravidla pravidla pravidla pravidla pravidla pravidla pravidla pravidla pravidla pravidla pravidla pravidla pravidla pravidla pravidla pravidla pravidla pravidla pravidla pravidla pravidla pravidla pravidla pravidla pravidla pravidla pravidla pravidla pravidla pravidla pravidla pravidla pravidla pravidla pravidla pravidla pravidla pravidla pravidla pravidla pravidla pravidla pravidla pravidla pravidla pravidla pravidla pravidla pravidla pravidla pravidla pravidla pravidla pravidla pravidla pravidla
MTX201501307_anon,75,1,1115383.89,1115383.89
MTX201501307_anon,75,1,670.56,670.56
MTX201501307_anon,75,1,DUM,DUM
MTX201501307_anon,75,1,37,37
MTX201501307_anon,75,1,628470.31,628470.31
MTX201501307_anon,75,1,1115380.04,1115380.04
MTX201501307_anon,75,1,670.33,670.33
MTX201501307_anon,75,1,DUM,DUM
MTX201501307_anon,75,1,38,pravidla pravidla pravidla pravidla pravidla pravidla pravidla pravidla pravidla pravidla pravidla pravidla pravidla pravidla pravidla pravidla pravidla pravidla pravidla pravidla pravidla pravidla pravidla pravidla pravidla pravidla pravidla pravidla pravidla pravidla pravidla pravidla pravidla pravidla pravidla pravidla pravidla pravidla pravidla pravidla pravidla pravidla pravidla pravidla pravidla pravidla pravidla pravidla pravidla pravidla pravidla pravidla pravidla pravidla pravidla pravidla pravidla pravidla pravidla pravidla pravidla pravidla pravidla pravidla pravidla pravidla pravidla pravidla pravidla pravidla pravidla pravidla pravidla pravidla pravidla pravidla pravidla pravidla pravidla pravidla pravidla pravidla pravidla pravidla pravidla pravidla pravidla pravidla pravidla pravidla pravidla pravidla pravidla pravidla pravidla pravidla pravidla pravidla pravidla pravidla pravidla pravidla pravidla pravidla pravidla pravidla pravidla
MTX201501307_anon,75,1,628463.92,pravidla pravidla pravidla pravidla pravidla pravidla pravidla pravidla pravidla pravidla pravidla pravidla pravidla pravidla pravidla pravidla pravidla pravidla pravidla pravidla pravidla pravidla pravidla pravidla pravidla pravidla pravidla pravidla pravidla pravidla pravidla pravidla pravidla pravidla pravidla pravidla pravidla pravidla pravidla pravidla pravidla pravidla pravidla pravidla pravidla pravidla pravidla pravidla pravidla pravidla pravidla pravidla pravidla pravidla pravidla pravidla pravidla pravidla pravidla pravidla pravidla pravidla pravidla pravidla pravidla pravidla pravidla pravidla pravidla pravidla pravidla pravidla pravidla pravidla pravidla pravidla pravidla pravidla pravidla pravidla pravidla pravidla pravidla pravidla pravidla pravidla pravidla pravidla pravidla pravidla pravidla pravidla pravidla pravidla pravidla pravidla pravidla pravidla pravidla pravidla pravidla pravidla pravidla pravidla pravidla pravidla pravidla
MTX201501307_anon,75,1,1115373.22,1115373.22
MTX201501307_anon,75,1,670.35,pravidla pravidla pravidla pravidla pravidla pravidla pravidla pravidla pravidla pravidla pravidla pravidla pravidla pravidla pravidla pravidla pravidla pravidla pravidla pravidla pravidla pravidla pravidla pravidla pravidla pravidla pravidla pravidla pravidla pravidla pravidla pravidla pravidla pravidla pravidla pravidla pravidla pravidla pravidla pravidla pravidla pravidla pravidla pravidla pravidla pravidla pravidla pravidla pravidla pravidla pravidla pravidla pravidla pravidla pravidla pravidla pravidla pravidla pravidla pravidla pravidla pravidla pravidla pravidla pravidla pravidla pravidla pravidla pravidla pravidla pravidla pravidla pravidla pravidla pravidla pravidla pravidla pravidla pravidla pravidla pravidla pravidla pravidla pravidla pravidla pravidla pravidla pravidla pravidla pravidla pravidla pravidla pravidla pravidla pravidla pravidla pravidla pravidla pravidla pravidla pravidla pravidla pravidla pravidla pravidla pravidla pravidla
MTX201501307_anon,75,1,DUM,DUM
MTX201501307_anon,75,1,39,39
MTX201501307_anon,75,1,628461.91,628461.91
MTX201501307_anon,75,1,1115363.01,1115363.01
MTX201501307_anon,75,1,670.18,pravidla pravidla pravidla pravidla pravidla pravidla pravidla pravidla pravidla pravidla pravidla pravidla pravidla pravidla pravidla pravidla pravidla pravidla pravidla pravidla pravidla pravidla pravidla pravidla pravidla pravidla pravidla pravidla pravidla pravidla pravidla pravidla pravidla pravidla pravidla pravidla pravidla pravidla pravidla pravidla pravidla pravidla pravidla pravidla pravidla pravidla pravidla pravidla pravidla pravidla pravidla pravidla pravidla pravidla pravidla pravidla pravidla pravidla pravidla pravidla pravidla pravidla pravidla pravidla pravidla pravidla pravidla pravidla pravidla pravidla pravidla pravidla pravidla pravidla pravidla pravidla pravidla pravidla pravidla pravidla pravidla pravidla pravidla pravidla pravidla pravidla pravidla pravidla pravidla pravidla pravidla pravidla pravidla pravidla pravidla pravidla pravidla pravidla pravidla pravidla pravidla pravidla pravidla pravidla pravidla pravidla
MTX201501307_anon,75,1,DUM,DUM
MTX201501307_anon,75,1,40,40
MTX201501307_anon,75,1,628487.99,628487.99
MTX201501307_anon,75,1,1115353.93,1115353.93
MTX201501307_anon,75,1,668.12,pravidla pravidla pravidla pravidla pravidla pravidla pravidla pravidla pravidla pravidla pravidla pravidla pravidla pravidla pravidla pravidla pravidla pravidla pravidla pravidla pravidla pravidla pravidla pravidla pravidla pravidla pravidla pravidla pravidla pravidla pravidla pravidla pravidla pravidla pravidla pravidla pravidla pravidla pravidla pravidla pravidla pravidla pravidla pravidla pravidla pravidla pravidla pravidla pravidla pravidla pravidla pravidla pravidla pravidla pravidla pravidla pravidla pravidla pravidla pravidla pravidla pravidla pravidla pravidla pravidla pravidla pravidla pravidla pravidla pravidla pravidla pravidla pravidla pravidla pravidla pravidla pravidla pravidla pravidla pravidla pravidla pravidla pravidla pravidla pravidla pravidla pravidla pravidla pravidla pravidla pravidla pravidla pravidla pravidla pravidla pravidla pravidla pravidla pravidla pravidla pravidla pravidla pravidla pravidla pravidla pravidla
MTX201501307_anon,75,1,DUM,DUM
MTX201501307_anon,75,1,41,pravidla pravidla pravidla pravidla pravidla pravidla pravidla pravidla pravidla pravidla pravidla pravidla pravidla pravidla pravidla pravidla pravidla pravidla pravidla pravidla pravidla pravidla pravidla pravidla pravidla pravidla pravidla pravidla pravidla pravidla pravidla pravidla pravidla pravidla pravidla pravidla pravidla pravidla pravidla pravidla pravidla pravidla pravidla pravidla pravidla pravidla pravidla pravidla pravidla pravidla pravidla pravidla pravidla pravidla pravidla pravidla pravidla pravidla pravidla pravidla pravidla pravidla pravidla pravidla pravidla pravidla pravidla pravidla pravidla pravidla pravidla pravidla pravidla pravidla pravidla pravidla pravidla pravidla pravidla pravidla pravidla pravidla pravidla pravidla pravidla pravidla pravidla pravidla pravidla pravidla pravidla pravidla pravidla pravidla pravidla pravidla pravidla pravidla pravidla pravidla pravidla pravidla pravidla pravidla pravidla pravidla pravidla
MTX201501307_anon,75,1,628495.98,pravidla pravidla pravidla pravidla pravidla pravidla pravidla pravidla pravidla pravidla pravidla pravidla pravidla pravidla pravidla pravidla pravidla pravidla pravidla pravidla pravidla pravidla pravidla pravidla pravidla pravidla pravidla pravidla pravidla pravidla pravidla pravidla pravidla pravidla pravidla pravidla pravidla pravidla pravidla pravidla pravidla pravidla pravidla pravidla pravidla pravidla pravidla pravidla pravidla pravidla pravidla pravidla pravidla pravidla pravidla pravidla pravidla pravidla pravidla pravidla pravidla pravidla pravidla pravidla pravidla pravidla pravidla pravidla pravidla pravidla pravidla pravidla pravidla pravidla pravidla pravidla pravidla pravidla pravidla pravidla pravidla pravidla pravidla pravidla pravidla pravidla pravidla pravidla pravidla pravidla pravidla pravidla pravidla pravidla pravidla pravidla pravidla pravidla pravidla pravidla pravidla pravidla pravidla pravidla pravidla pravidla pravidla
MTX201501307_anon,75,1,1115347.80,1115347.80
MTX201501307_anon,75,1,668.28,pravidla pravidla pravidla pravidla pravidla pravidla pravidla pravidla pravidla pravidla pravidla pravidla pravidla pravidla pravidla pravidla pravidla pravidla pravidla pravidla pravidla pravidla pravidla pravidla pravidla pravidla pravidla pravidla pravidla pravidla pravidla pravidla pravidla pravidla pravidla pravidla pravidla pravidla pravidla pravidla pravidla pravidla pravidla pravidla pravidla pravidla pravidla pravidla pravidla pravidla pravidla pravidla pravidla pravidla pravidla pravidla pravidla pravidla pravidla pravidla pravidla pravidla pravidla pravidla pravidla pravidla pravidla pravidla pravidla pravidla pravidla pravidla pravidla pravidla pravidla pravidla pravidla pravidla pravidla pravidla pravidla pravidla pravidla pravidla pravidla pravidla pravidla pravidla pravidla pravidla pravidla pravidla pravidla pravidla pravidla pravidla pravidla pravidla pravidla pravidla pravidla pravidla pravidla pravidla pravidla pravidla
MTX201501307_anon,75,1,DUM,DUM
MTX201501307_anon,76,1,41,41
MTX201501307_anon,76,1,42,42
MTX201501307_anon,76,1,628549.03,628549.03
MTX201501307_anon,76,1,1115332.83,1115332.83
MTX201501307_anon,76,1,668.,668.
MTX201501307_anon,76,1,43,43
MTX201501307_anon,76,1,628553.78,628553.78
MTX201501307_anon,76,1,1115330.78,1115330.78
MTX201501307_anon,76,1,668.,668.
MTX201501307_anon,76,1,44,44
MTX201501307_anon,76,1,628559.32,628559.32
MTX201501307_anon,76,1,1115338.68,1115338.68
MTX201501307_anon,76,1,668.,668.
MTX201501307_anon,76,1,45,45
MTX201501307_anon,76,1,628551.05,628551.05
MTX201501307_anon,76,1,1115350.55,1115350.55
MTX201501307_anon,76,1,666.,666.
MTX201501307_anon,76,1,46,46
MTX201501307_anon,76,1,628547.38,628547.38
MTX201501307_anon,76,1,1115363.85,1115363.85
MTX201501307_anon,76,1,664.,664.
MTX201501307_anon,76,1,47,47
MTX201501307_anon,76,1,628543.39,628543.39
MTX201501307_anon,76,1,1115368.51,1115368.51
MTX201501307_anon,76,1,665.,665.
MTX201501307_anon,76,1,48,48
MTX201501307_anon,76,1,628543.32,628543.32
MTX201501307_anon,76,1,1115379.30,1115379.30
MTX201501307_anon,76,1,664.,664.
MTX201501307_anon,76,1,49,49
MTX201501307_anon,76,1,628539.93,628539.93
MTX201501307_anon,76,1,1115383.98,1115383.98
MTX201501307_anon,76,1,664.,664.
MTX201501307_anon,76,1,50,50
MTX201501307_anon,76,1,628500.40,628500.40
MTX201501307_anon,76,1,1115409.34,1115409.34
MTX201501307_anon,76,1,666.,666.
MTX201501307_anon,76,1,51,51
MTX201501307_anon,76,1,628502.95,628502.95
MTX201501307_anon,76,1,1115404.64,1115404.64
MTX201501307_anon,76,1,666.,666.
MTX201501307_anon,76,1,52,52
MTX201501307_anon,76,1,628500.66,628500.66
MTX201501307_anon,76,1,1115401.03,1115401.03
MTX201501307_anon,76,1,666.,666.
MTX201501307_anon,76,1,53,53
MTX201501307_anon,76,1,628497.08,628497.08
MTX201501307_anon,76,1,1115398.68,1115398.68
MTX201501307_anon,76,1,666.,666.
MTX201501307_anon,76,1,54,54
MTX201501307_anon,76,1,628493.69,628493.69
MTX201501307_anon,76,1,1115398.36,pravidla pravidla pravidla pravidla pravidla pravidla pravidla pravidla pravidla pravidla pravidla pravidla pravidla pravidla pravidla pravidla pravidla pravidla pravidla pravidla pravidla pravidla pravidla pravidla pravidla pravidla pravidla pravidla pravidla pravidla pravidla pravidla pravidla pravidla pravidla pravidla pravidla pravidla pravidla pravidla pravidla pravidla pravidla pravidla pravidla pravidla pravidla pravidla pravidla pravidla pravidla pravidla pravidla pravidla pravidla pravidla pravidla pravidla pravidla pravidla pravidla pravidla pravidla pravidla pravidla pravidla pravidla pravidla pravidla pravidla pravidla pravidla pravidla pravidla pravidla pravidla pravidla pravidla pravidla pravidla pravidla pravidla pravidla pravidla pravidla pravidla pravidla pravidla pravidla pravidla pravidla pravidla pravidla pravidla pravidla pravidla pravidla pravidla pravidla pravidla pravidla pravidla pravidla pravidla pravidla pravidla
MTX201501307_anon,76,1,666.,666.
MTX201501307_anon,76,1,55,55
MTX201501307_anon,76,1,628490.47,628490.47
MTX201501307_anon,76,1,1115402.27,1115402.27
MTX201501307_anon,76,1,666.,666.
MTX201501307_anon,76,1,56,56
MTX201501307_anon,76,1,628523.18,628523.18
MTX201501307_anon,76,1,1115428.49,1115428.49
MTX201501307_anon,76,1,663.,663.
MTX201501307_anon,76,1,57,57
MTX201501307_anon,76,1,628489.55,628489.55
MTX201501307_anon,76,1,1115402.98,1115402.98
MTX201501307_anon,76,1,665.,665.
MTX201501307_anon,76,1,58,58
MTX201501307_anon,76,1,628486.50,628486.50
MTX201501307_anon,76,1,1115400.87,1115400.87
MTX201501307_anon,76,1,665.,665.
MTX201501307_anon,76,1,59,59
MTX201501307_anon,76,1,628465.88,628465.88
MTX201501307_anon,76,1,1115362.54,1115362.54
MTX201501307_anon,76,1,667.,667.
MTX201501307_anon,76,1,60,60
MTX201501307_anon,76,1,628466.90,628466.90
MTX201501307_anon,76,1,1115362.52,1115362.52
MTX201501307_anon,76,1,667.,667.
MTX201501307_anon,76,1,61,61
MTX201501307_anon,76,1,628473.90,628473.90
MTX201501307_anon,76,1,1115355.13,1115355.13
MTX201501307_anon,76,1,666.,666.
MTX201501307_anon,76,1,62,62
MTX201501307_anon,76,1,628475.55,628475.55
MTX201501307_anon,76,1,1115350.18,1115350.18
MTX201501307_anon,76,1,666.,666.
MTX201501307_anon,76,1,63,63
MTX201501307_anon,76,1,628490.79,628490.79
MTX201501307_anon,76,1,1115357.65,1115357.65
MTX201501307_anon,76,1,664.,664.
MTX201501307_anon,76,1,64,64
MTX201501307_anon,76,1,628575.98,628575.98
MTX201501307_anon,76,1,1115375.56,1115375.56
MTX201501307_anon,76,1,662.,662.
MTX201501307_anon,76,1,65,65
MTX201501307_anon,76,1,628573.65,628573.65
MTX201501307_anon,76,1,1115375.47,1115375.47
MTX201501307_anon,76,1,662.,662.
MTX201501307_anon,76,1,66,66
MTX201501307_anon,76,1,628573.61,628573.61
MTX201501307_anon,76,1,1115376.87,1115376.87
MTX201501307_anon,76,1,662.,662.
MTX201501307_anon,76,1,67,67
MTX201501307_anon,76,1,628575.83,628575.83
MTX201501307_anon,76,1,1115377.06,1115377.06
MTX201501307_anon,76,1,662.,662.
MTX201501307_anon,76,1,68,68
MTX201501307_anon,76,1,628575.93,628575.93
MTX201501307_anon,76,1,1115375.60,1115375.60
MTX201501307_anon,76,1,662.,662.
MTX201501307_anon,76,1,69,69
MTX201501307_anon,76,1,628573.73,628573.73
MTX201501307_anon,76,1,1115375.52,1115375.52
MTX201501307_anon,76,1,662.,662.
MTX201501307_anon,76,1,70,70
MTX201501307_anon,76,1,628573.64,628573.64
MTX201501307_anon,76,1,1115376.85,1115376.85
MTX201501307_anon,76,1,662.,662.
MTX201501307_anon,76,1,71,71
MTX201501307_anon,76,1,628575.80,628575.80
MTX201501307_anon,76,1,1115377.02,1115377.02
MTX201501307_anon,76,1,662.,662.
MTX201501307_anon,76,1,72,72
MTX201501307_anon,76,1,628594.47,628594.47
MTX201501307_anon,76,1,1115380.47,1115380.47
MTX201501307_anon,76,1,663.,663.
MTX201501307_anon,76,1,73,73
MTX201501307_anon,76,1,628589.18,628589.18
MTX201501307_anon,76,1,1115390.75,1115390.75
MTX201501307_anon,76,1,667.,667.
MTX201501307_anon,76,1,74,74
MTX201501307_anon,76,1,628574.47,628574.47
MTX201501307_anon,76,1,1115366.31,1115366.31
MTX201501307_anon,76,1,666.,666.
MTX201501307_anon,76,1,75,75
MTX201501307_anon,76,1,628550.81,628550.81
MTX201501307_anon,76,1,1115350.26,1115350.26
MTX201501307_anon,76,1,665.,665.
MTX201501307_anon,76,1,76,76
MTX201501307_anon,76,1,628538.16,628538.16
MTX201501307_anon,76,1,1115316.93,1115316.93
MTX201501307_anon,76,1,668.,668.
MTX201501307_anon,76,1,77,77
MTX201501307_anon,76,1,628535.80,628535.80
MTX201501307_anon,76,1,1115314.41,1115314.41
MTX201501307_anon,76,1,668.,668.
MTX201501307_anon,76,1,78,78
MTX201501307_anon,76,1,628530.79,628530.79
MTX201501307_anon,76,1,1115320.75,1115320.75
MTX201501307_anon,76,1,668.,668.
MTX201501307_anon,76,1,79,79
MTX201501307_anon,76,1,628524.67,628524.67
MTX201501307_anon,76,1,1115324.29,1115324.29
MTX201501307_anon,76,1,668.,668.
MTX201501307_anon,76,1,80,80
MTX201501307_anon,76,1,628517.21,628517.21
MTX201501307_anon,76,1,1115318.69,1115318.69
MTX201501307_anon,76,1,669.,669.
MTX201501307_anon,76,1,81,81
MTX201501307_anon,76,1,628507.19,628507.19
MTX201501307_anon,76,1,1115306.58,1115306.58
MTX201501307_anon,76,1,670.,670.
MTX201501307_anon,76,1,82,82
MTX201501307_anon,76,1,628500.73,628500.73
MTX201501307_anon,76,1,1115318.28,1115318.28
MTX201501307_anon,76,1,669.,669.
MTX201501307_anon,76,1,83,83
MTX201501307_anon,76,1,628499.47,628499.47
MTX201501307_anon,76,1,1115330.43,1115330.43
MTX201501307_anon,76,1,668.,668.
MTX201501307_anon,76,1,99,99
MTX201501307_anon,76,2,79,79
MTX201501307_anon,76,3,75,75
MTX201501307_anon,76,4,63,63
MTX201501307_anon,76,5,89,89
MTX201501307_anon,76,6,09,09
MTX201501307_anon,76,7,52,52
MTX201501307_anon,76,8,15,15
MTX201501307_anon,76,9,24,24
MTX201501307_anon,76,10,20,20
MTX201501307_anon,76,11,36,36
MTX201501307_anon,76,12,55,55
MTX201501307_anon,76,13,61,61
MTX201501307_anon,76,14,93,93
MTX201501307_anon,76,15,45,45
MTX201501307_anon,76,16,95,95
MTX201501307_anon,76,17,96,96
MTX201501307_anon,76,18,28,28
MTX201501307_anon,76,19,26,26
MTX201501307_anon,76,20,39,39
MTX201501307_anon,76,21,05,05
MTX201501307_anon,76,22,92,92
MTX201501307_anon,76,23,78,78
MTX201501307_anon,76,24,76,76
MTX201501307_anon,76,25,69,69
MTX201501307_anon,76,26,76,56
MTX201501307_anon,76,27,56,57 56
MTX201501307_anon,76,28,57,97
MTX201501307_anon,76,29,56,22 15
MTX201501307_anon,76,30,56,89 46
MTX201501307_anon,76,31,97,
MTX201501307_anon,76,32,22,68 16 12
MTX201501307_anon,76,33,15,
MTX201501307_anon,76,34,89,04 26 89
MTX201501307_anon,76,35,46,
MTX201501307_anon,76,36,68,
MTX201501307_anon,76,37,16,
MTX201501307_anon,76,38,12,
MTX201501307_anon,76,39,04,
MTX201501307_anon,76,40,26,
MTX201501307_anon,76,41,89,
MTX201501307_anon,76,42,89,
MTX201501307_anon,76,1,DUM,pravidla pravidla pravidla pravidla pravidla pravidla pravidla pravidla pravidla pravidla pravidla pravidla pravidla pravidla pravidla pravidla pravidla pravidla pravidla pravidla pravidla pravidla pravidla pravidla pravidla pravidla pravidla pravidla pravidla pravidla pravidla pravidla pravidla pravidla pravidla pravidla pravidla pravidla pravidla pravidla pravidla pravidla pravidla pravidla pravidla pravidla pravidla pravidla pravidla pravidla pravidla pravidla pravidla pravidla pravidla pravidla pravidla pravidla pravidla pravidla pravidla pravidla pravidla pravidla pravidla pravidla pravidla pravidla pravidla pravidla pravidla pravidla pravidla pravidla pravidla pravidla pravidla pravidla pravidla pravidla pravidla pravidla pravidla pravidla pravidla pravidla pravidla pravidla pravidla pravidla pravidla pravidla pravidla pravidla pravidla pravidla pravidla pravidla pravidla pravidla pravidla pravidla pravidla pravidla
MTX201501307_anon,76,2,DUM,pravidla pravidla pravidla pravidla pravidla pravidla pravidla pravidla pravidla pravidla pravidla pravidla pravidla pravidla pravidla pravidla pravidla pravidla pravidla pravidla pravidla pravidla pravidla pravidla pravidla pravidla pravidla pravidla pravidla pravidla pravidla pravidla pravidla pravidla pravidla pravidla pravidla pravidla pravidla pravidla pravidla pravidla pravidla pravidla pravidla pravidla pravidla pravidla pravidla pravidla pravidla pravidla pravidla pravidla pravidla pravidla pravidla pravidla pravidla pravidla pravidla pravidla pravidla pravidla pravidla pravidla pravidla pravidla pravidla pravidla pravidla pravidla pravidla pravidla pravidla pravidla pravidla pravidla pravidla pravidla pravidla pravidla pravidla pravidla pravidla pravidla pravidla pravidla pravidla pravidla pravidla pravidla pravidla pravidla pravidla pravidla pravidla pravidla pravidla pravidla pravidla pravidla pravidla
MTX201501307_anon,76,3,DUM,
MTX201501307_anon,76,4,DUM,
MTX201501307_anon,76,5,DUM,
MTX201501307_anon,76,6,DUM,
MTX201501307_anon,76,7,DUM,
MTX201501307_anon,76,8,DUM,
MTX201501307_anon,76,9,PLOT,
MTX201501307_anon,76,10,PLOT,
MTX201501307_anon,76,11,PLOT,
MTX201501307_anon,76,12,PLOT,
MTX201501307_anon,76,13,PLOT,
MTX201501307_anon,76,14,PLOT,
MTX201501307_anon,76,15,FIX5,
MTX201501307_anon,76,16,PLOT,
MTX201501307_anon,76,17,PLOT,
MTX201501307_anon,76,18,PLOT,
MTX201501307_anon,76,19,PLOT,
MTX201501307_anon,76,20,PLOT,
MTX201501307_anon,76,21,PLOT,
MTX201501307_anon,76,22,PLOT,
MTX201501307_anon,76,23,S2,
MTX201501307_anon,76,24,S2,
MTX201501307_anon,76,25,S2,
MTX201501307_anon,76,26,S2,
MTX201501307_anon,76,27,S2OSA,
MTX201501307_anon,76,28,S2OSA,
MTX201501307_anon,76,29,S2OSA,
MTX201501307_anon,76,30,S2OSA,
MTX201501307_anon,76,31,DUM,
MTX201501307_anon,76,32,DUM,
MTX201501307_anon,76,33,DUM,
MTX201501307_anon,76,34,DUM,
MTX201501307_anon,76,35,DUM,
MTX201501307_anon,76,36,DUM,
MTX201501307_anon,76,37,DUM,
MTX201501307_anon,76,38,DUM,
MTX201501307_anon,76,39,DUM,
MTX201501307_anon,76,40,DUM,
MTX201501307_anon,76,41,DUM,
MTX201501307_anon,76,42,DUM,
MTX201501307_anon,77,1,42,42
MTX201501307_anon,77,1,84,pravidla pravidla pravidla pravidla pravidla pravidla pravidla pravidla pravidla pravidla pravidla pravidla pravidla pravidla pravidla pravidla pravidla pravidla pravidla pravidla pravidla pravidla pravidla pravidla pravidla pravidla pravidla pravidla pravidla pravidla pravidla pravidla pravidla pravidla pravidla pravidla pravidla pravidla pravidla pravidla pravidla pravidla pravidla pravidla pravidla pravidla pravidla pravidla pravidla pravidla pravidla pravidla pravidla pravidla pravidla pravidla pravidla pravidla pravidla pravidla pravidla pravidla pravidla pravidla pravidla pravidla pravidla pravidla pravidla pravidla pravidla pravidla pravidla pravidla pravidla pravidla pravidla pravidla pravidla pravidla pravidla pravidla pravidla pravidla pravidla pravidla pravidla pravidla pravidla pravidla pravidla pravidla pravidla pravidla pravidla pravidla pravidla pravidla pravidla pravidla pravidla pravidla pravidla pravidla pravidla pravidla pravidla
MTX201501307_anon,77,1,628505.36,pravidla pravidla pravidla pravidla pravidla pravidla pravidla pravidla pravidla pravidla pravidla pravidla pravidla pravidla pravidla pravidla pravidla pravidla pravidla pravidla pravidla pravidla pravidla pravidla pravidla pravidla pravidla pravidla pravidla pravidla pravidla pravidla pravidla pravidla pravidla pravidla pravidla pravidla pravidla pravidla pravidla pravidla pravidla pravidla pravidla pravidla pravidla pravidla pravidla pravidla pravidla pravidla pravidla pravidla pravidla pravidla pravidla pravidla pravidla pravidla pravidla pravidla pravidla pravidla pravidla pravidla pravidla pravidla pravidla pravidla pravidla pravidla pravidla pravidla pravidla pravidla pravidla pravidla pravidla pravidla pravidla pravidla pravidla pravidla pravidla pravidla pravidla pravidla pravidla pravidla pravidla pravidla pravidla pravidla pravidla pravidla pravidla pravidla pravidla pravidla pravidla pravidla pravidla pravidla pravidla pravidla pravidla
MTX201501307_anon,77,1,1115340.86,1115340.86
MTX201501307_anon,77,1,669.26,669.26
MTX201501307_anon,77,1,DUM,DUM
MTX201501307_anon,77,1,85,85
MTX201501307_anon,77,1,628488.02,628488.02
MTX201501307_anon,77,1,1115353.92,1115353.92
MTX201501307_anon,77,1,667.88,pravidla pravidla pravidla pravidla pravidla pravidla pravidla pravidla pravidla pravidla pravidla pravidla pravidla pravidla pravidla pravidla pravidla pravidla pravidla pravidla pravidla pravidla pravidla pravidla pravidla pravidla pravidla pravidla pravidla pravidla pravidla pravidla pravidla pravidla pravidla pravidla pravidla pravidla pravidla pravidla pravidla pravidla pravidla pravidla pravidla pravidla pravidla pravidla pravidla pravidla pravidla pravidla pravidla pravidla pravidla pravidla pravidla pravidla pravidla pravidla pravidla pravidla pravidla pravidla pravidla pravidla pravidla pravidla pravidla pravidla pravidla pravidla pravidla pravidla pravidla pravidla pravidla pravidla pravidla pravidla pravidla pravidla pravidla pravidla pravidla pravidla pravidla pravidla pravidla pravidla pravidla pravidla pravidla pravidla pravidla pravidla pravidla pravidla pravidla pravidla pravidla pravidla pravidla pravidla pravidla pravidla pravidla
MTX201501307_anon,77,1,DUM,DUM
MTX201501307_anon,77,1,86,pravidla pravidla pravidla pravidla pravidla pravidla pravidla pravidla pravidla pravidla pravidla pravidla pravidla pravidla pravidla pravidla pravidla pravidla pravidla pravidla pravidla pravidla pravidla pravidla pravidla pravidla pravidla pravidla pravidla pravidla pravidla pravidla pravidla pravidla pravidla pravidla pravidla pravidla pravidla pravidla pravidla pravidla pravidla pravidla pravidla pravidla pravidla pravidla pravidla pravidla pravidla pravidla pravidla pravidla pravidla pravidla pravidla pravidla pravidla pravidla pravidla pravidla pravidla pravidla pravidla pravidla pravidla pravidla pravidla pravidla pravidla pravidla pravidla pravidla pravidla pravidla pravidla pravidla pravidla pravidla pravidla pravidla pravidla pravidla pravidla pravidla pravidla pravidla pravidla pravidla pravidla pravidla pravidla pravidla pravidla pravidla pravidla pravidla pravidla pravidla pravidla pravidla pravidla pravidla pravidla pravidla pravidla
MTX201501307_anon,77,1,628470.87,628470.87
MTX201501307_anon,77,1,1115355.46,1115355.46
MTX201501307_anon,77,1,668.93,668.93
MTX201501307_anon,77,1,DUM,DUM
MTX201501307_anon,77,1,87,87
MTX201501307_anon,77,1,628463.90,pravidla pravidla pravidla pravidla pravidla pravidla pravidla pravidla pravidla pravidla pravidla pravidla pravidla pravidla pravidla pravidla pravidla pravidla pravidla pravidla pravidla pravidla pravidla pravidla pravidla pravidla pravidla pravidla pravidla pravidla pravidla pravidla pravidla pravidla pravidla pravidla pravidla pravidla pravidla pravidla pravidla pravidla pravidla pravidla pravidla pravidla pravidla pravidla pravidla pravidla pravidla pravidla pravidla pravidla pravidla pravidla pravidla pravidla pravidla pravidla pravidla pravidla pravidla pravidla pravidla pravidla pravidla pravidla pravidla pravidla pravidla pravidla pravidla pravidla pravidla pravidla pravidla pravidla pravidla pravidla pravidla pravidla pravidla pravidla pravidla pravidla pravidla pravidla pravidla pravidla pravidla pravidla pravidla pravidla pravidla pravidla pravidla pravidla pravidla pravidla pravidla pravidla pravidla pravidla pravidla pravidla pravidla
MTX201501307_anon,77,1,1115373.22,1115373.22
MTX201501307_anon,77,1,669.31,pravidla pravidla pravidla pravidla pravidla pravidla pravidla pravidla pravidla pravidla pravidla pravidla pravidla pravidla pravidla pravidla pravidla pravidla pravidla pravidla pravidla pravidla pravidla pravidla pravidla pravidla pravidla pravidla pravidla pravidla pravidla pravidla pravidla pravidla pravidla pravidla pravidla pravidla pravidla pravidla pravidla pravidla pravidla pravidla pravidla pravidla pravidla pravidla pravidla pravidla pravidla pravidla pravidla pravidla pravidla pravidla pravidla pravidla pravidla pravidla pravidla pravidla pravidla pravidla pravidla pravidla pravidla pravidla pravidla pravidla pravidla pravidla pravidla pravidla pravidla pravidla pravidla pravidla pravidla pravidla pravidla pravidla pravidla pravidla pravidla pravidla pravidla pravidla pravidla pravidla pravidla pravidla pravidla pravidla pravidla pravidla pravidla pravidla pravidla pravidla pravidla pravidla pravidla pravidla pravidla pravidla
MTX201501307_anon,77,1,DUM,DUM
MTX201501307_anon,77,1,88,pravidla pravidla pravidla pravidla pravidla pravidla pravidla pravidla pravidla pravidla pravidla pravidla pravidla pravidla pravidla pravidla pravidla pravidla pravidla pravidla pravidla pravidla pravidla pravidla pravidla pravidla pravidla pravidla pravidla pravidla pravidla pravidla pravidla pravidla pravidla pravidla pravidla pravidla pravidla pravidla pravidla pravidla pravidla pravidla pravidla pravidla pravidla pravidla pravidla pravidla pravidla pravidla pravidla pravidla pravidla pravidla pravidla pravidla pravidla pravidla pravidla pravidla pravidla pravidla pravidla pravidla pravidla pravidla pravidla pravidla pravidla pravidla pravidla pravidla pravidla pravidla pravidla pravidla pravidla pravidla pravidla pravidla pravidla pravidla pravidla pravidla pravidla pravidla pravidla pravidla pravidla pravidla pravidla pravidla pravidla pravidla pravidla pravidla pravidla pravidla pravidla pravidla pravidla pravidla pravidla pravidla pravidla
MTX201501307_anon,77,1,628522.88,pravidla pravidla pravidla pravidla pravidla pravidla pravidla pravidla pravidla pravidla pravidla pravidla pravidla pravidla pravidla pravidla pravidla pravidla pravidla pravidla pravidla pravidla pravidla pravidla pravidla pravidla pravidla pravidla pravidla pravidla pravidla pravidla pravidla pravidla pravidla pravidla pravidla pravidla pravidla pravidla pravidla pravidla pravidla pravidla pravidla pravidla pravidla pravidla pravidla pravidla pravidla pravidla pravidla pravidla pravidla pravidla pravidla pravidla pravidla pravidla pravidla pravidla pravidla pravidla pravidla pravidla pravidla pravidla pravidla pravidla pravidla pravidla pravidla pravidla pravidla pravidla pravidla pravidla pravidla pravidla pravidla pravidla pravidla pravidla pravidla pravidla pravidla pravidla pravidla pravidla pravidla pravidla pravidla pravidla pravidla pravidla pravidla pravidla pravidla pravidla pravidla pravidla pravidla pravidla pravidla pravidla pravidla
MTX201501307_anon,77,1,1115388.39,1115388.39
MTX201501307_anon,77,1,666.12,666.12
MTX201501307_anon,77,1,DUM,DUM
MTX201501307_anon,77,1,89,89
MTX201501307_anon,77,1,628587.88,pravidla pravidla pravidla pravidla pravidla pravidla pravidla pravidla pravidla pravidla pravidla pravidla pravidla pravidla pravidla pravidla pravidla pravidla pravidla pravidla pravidla pravidla pravidla pravidla pravidla pravidla pravidla pravidla pravidla pravidla pravidla pravidla pravidla pravidla pravidla pravidla pravidla pravidla pravidla pravidla pravidla pravidla pravidla pravidla pravidla pravidla pravidla pravidla pravidla pravidla pravidla pravidla pravidla pravidla pravidla pravidla pravidla pravidla pravidla pravidla pravidla pravidla pravidla pravidla pravidla pravidla pravidla pravidla pravidla pravidla pravidla pravidla pravidla pravidla pravidla pravidla pravidla pravidla pravidla pravidla pravidla pravidla pravidla pravidla pravidla pravidla pravidla pravidla pravidla pravidla pravidla pravidla pravidla pravidla pravidla pravidla pravidla pravidla pravidla pravidla pravidla pravidla pravidla pravidla pravidla pravidla pravidla
MTX201501307_anon,77,1,1115365.05,1115365.05
MTX201501307_anon,77,1,662.71,662.71
MTX201501307_anon,77,1,FIX1,FIX1
MTX201501307_anon,77,1,90,pravidla pravidla pravidla pravidla pravidla pravidla pravidla pravidla pravidla pravidla pravidla pravidla pravidla pravidla pravidla pravidla pravidla pravidla pravidla pravidla pravidla pravidla pravidla pravidla pravidla pravidla pravidla pravidla pravidla pravidla pravidla pravidla pravidla pravidla pravidla pravidla pravidla pravidla pravidla pravidla pravidla pravidla pravidla pravidla pravidla pravidla pravidla pravidla pravidla pravidla pravidla pravidla pravidla pravidla pravidla pravidla pravidla pravidla pravidla pravidla pravidla pravidla pravidla pravidla pravidla pravidla pravidla pravidla pravidla pravidla pravidla pravidla pravidla pravidla pravidla pravidla pravidla pravidla pravidla pravidla pravidla pravidla pravidla pravidla pravidla pravidla pravidla pravidla pravidla pravidla pravidla pravidla pravidla pravidla pravidla pravidla pravidla pravidla pravidla pravidla pravidla pravidla pravidla pravidla pravidla pravidla pravidla
MTX201501307_anon,77,1,628595.20,pravidla pravidla pravidla pravidla pravidla pravidla pravidla pravidla pravidla pravidla pravidla pravidla pravidla pravidla pravidla pravidla pravidla pravidla pravidla pravidla pravidla pravidla pravidla pravidla pravidla pravidla pravidla pravidla pravidla pravidla pravidla pravidla pravidla pravidla pravidla pravidla pravidla pravidla pravidla pravidla pravidla pravidla pravidla pravidla pravidla pravidla pravidla pravidla pravidla pravidla pravidla pravidla pravidla pravidla pravidla pravidla pravidla pravidla pravidla pravidla pravidla pravidla pravidla pravidla pravidla pravidla pravidla pravidla pravidla pravidla pravidla pravidla pravidla pravidla pravidla pravidla pravidla pravidla pravidla pravidla pravidla pravidla pravidla pravidla pravidla pravidla pravidla pravidla pravidla pravidla pravidla pravidla pravidla pravidla pravidla pravidla pravidla pravidla pravidla pravidla pravidla pravidla pravidla pravidla pravidla pravidla pravidla
MTX201501307_anon,77,1,1115368.94,1115368.94
MTX201501307_anon,77,1,662.55,pravidla pravidla pravidla pravidla pravidla pravidla pravidla pravidla pravidla pravidla pravidla pravidla pravidla pravidla pravidla pravidla pravidla pravidla pravidla pravidla pravidla pravidla pravidla pravidla pravidla pravidla pravidla pravidla pravidla pravidla pravidla pravidla pravidla pravidla pravidla pravidla pravidla pravidla pravidla pravidla pravidla pravidla pravidla pravidla pravidla pravidla pravidla pravidla pravidla pravidla pravidla pravidla pravidla pravidla pravidla pravidla pravidla pravidla pravidla pravidla pravidla pravidla pravidla pravidla pravidla pravidla pravidla pravidla pravidla pravidla pravidla pravidla pravidla pravidla pravidla pravidla pravidla pravidla pravidla pravidla pravidla pravidla pravidla pravidla pravidla pravidla pravidla pravidla pravidla pravidla pravidla pravidla pravidla pravidla pravidla pravidla pravidla pravidla pravidla pravidla pravidla pravidla pravidla pravidla pravidla pravidla pravidla
MTX201501307_anon,77,1,S1,pravidla pravidla pravidla pravidla pravidla pravidla pravidla pravidla pravidla pravidla pravidla pravidla pravidla pravidla pravidla pravidla pravidla pravidla pravidla pravidla pravidla pravidla pravidla pravidla pravidla pravidla pravidla pravidla pravidla pravidla pravidla pravidla pravidla pravidla pravidla pravidla pravidla pravidla pravidla pravidla pravidla pravidla pravidla pravidla pravidla pravidla pravidla pravidla pravidla pravidla pravidla pravidla pravidla pravidla pravidla pravidla pravidla pravidla pravidla pravidla pravidla pravidla pravidla pravidla pravidla pravidla pravidla pravidla pravidla pravidla pravidla pravidla pravidla pravidla pravidla pravidla pravidla pravidla pravidla pravidla pravidla pravidla pravidla pravidla pravidla pravidla pravidla pravidla pravidla pravidla pravidla pravidla pravidla pravidla pravidla pravidla pravidla pravidla pravidla pravidla pravidla pravidla pravidla pravidla pravidla pravidla pravidla
MTX201501307_anon,77,1,91,91
MTX201501307_anon,77,1,628596.60,pravidla pravidla pravidla pravidla pravidla pravidla pravidla pravidla pravidla pravidla pravidla pravidla pravidla pravidla pravidla pravidla pravidla pravidla pravidla pravidla pravidla pravidla pravidla pravidla pravidla pravidla pravidla pravidla pravidla pravidla pravidla pravidla pravidla pravidla pravidla pravidla pravidla pravidla pravidla pravidla pravidla pravidla pravidla pravidla pravidla pravidla pravidla pravidla pravidla pravidla pravidla pravidla pravidla pravidla pravidla pravidla pravidla pravidla pravidla pravidla pravidla pravidla pravidla pravidla pravidla pravidla pravidla pravidla pravidla pravidla pravidla pravidla pravidla pravidla pravidla pravidla pravidla pravidla pravidla pravidla pravidla pravidla pravidla pravidla pravidla pravidla pravidla pravidla pravidla pravidla pravidla pravidla pravidla pravidla pravidla pravidla pravidla pravidla pravidla pravidla pravidla pravidla pravidla pravidla pravidla pravidla pravidla
MTX201501307_anon,77,1,1115368.63,1115368.63
MTX201501307_anon,77,1,662.54,pravidla pravidla pravidla pravidla pravidla pravidla pravidla pravidla pravidla pravidla pravidla pravidla pravidla pravidla pravidla pravidla pravidla pravidla pravidla pravidla pravidla pravidla pravidla pravidla pravidla pravidla pravidla pravidla pravidla pravidla pravidla pravidla pravidla pravidla pravidla pravidla pravidla pravidla pravidla pravidla pravidla pravidla pravidla pravidla pravidla pravidla pravidla pravidla pravidla pravidla pravidla pravidla pravidla pravidla pravidla pravidla pravidla pravidla pravidla pravidla pravidla pravidla pravidla pravidla pravidla pravidla pravidla pravidla pravidla pravidla pravidla pravidla pravidla pravidla pravidla pravidla pravidla pravidla pravidla pravidla pravidla pravidla pravidla pravidla pravidla pravidla pravidla pravidla pravidla pravidla pravidla pravidla pravidla pravidla pravidla pravidla pravidla pravidla pravidla pravidla pravidla pravidla pravidla pravidla pravidla pravidla pravidla
MTX201501307_anon,77,1,S1,pravidla pravidla pravidla pravidla pravidla pravidla pravidla pravidla pravidla pravidla pravidla pravidla pravidla pravidla pravidla pravidla pravidla pravidla pravidla pravidla pravidla pravidla pravidla pravidla pravidla pravidla pravidla pravidla pravidla pravidla pravidla pravidla pravidla pravidla pravidla pravidla pravidla pravidla pravidla pravidla pravidla pravidla pravidla pravidla pravidla pravidla pravidla pravidla pravidla pravidla pravidla pravidla pravidla pravidla pravidla pravidla pravidla pravidla pravidla pravidla pravidla pravidla pravidla pravidla pravidla pravidla pravidla pravidla pravidla pravidla pravidla pravidla pravidla pravidla pravidla pravidla pravidla pravidla pravidla pravidla pravidla pravidla pravidla pravidla pravidla pravidla pravidla pravidla pravidla pravidla pravidla pravidla pravidla pravidla pravidla pravidla pravidla pravidla pravidla pravidla pravidla pravidla pravidla pravidla pravidla pravidla pravidla
MTX201501307_anon,77,1,92,92
MTX201501307_anon,77,1,628595.51,pravidla pravidla pravidla pravidla pravidla pravidla pravidla pravidla pravidla pravidla pravidla pravidla pravidla pravidla pravidla pravidla pravidla pravidla pravidla pravidla pravidla pravidla pravidla pravidla pravidla pravidla pravidla pravidla pravidla pravidla pravidla pravidla pravidla pravidla pravidla pravidla pravidla pravidla pravidla pravidla pravidla pravidla pravidla pravidla pravidla pravidla pravidla pravidla pravidla pravidla pravidla pravidla pravidla pravidla pravidla pravidla pravidla pravidla pravidla pravidla pravidla pravidla pravidla pravidla pravidla pravidla pravidla pravidla pravidla pravidla pravidla pravidla pravidla pravidla pravidla pravidla pravidla pravidla pravidla pravidla pravidla pravidla pravidla pravidla pravidla pravidla pravidla pravidla pravidla pravidla pravidla pravidla pravidla pravidla pravidla pravidla pravidla pravidla pravidla pravidla pravidla pravidla pravidla pravidla pravidla pravidla pravidla
MTX201501307_anon,77,1,1115370.39,1115370.39
MTX201501307_anon,77,1,662.53,662.53
MTX201501307_anon,77,1,S1,pravidla pravidla pravidla pravidla pravidla pravidla pravidla pravidla pravidla pravidla pravidla pravidla pravidla pravidla pravidla pravidla pravidla pravidla pravidla pravidla pravidla pravidla pravidla pravidla pravidla pravidla pravidla pravidla pravidla pravidla pravidla pravidla pravidla pravidla pravidla pravidla pravidla pravidla pravidla pravidla pravidla pravidla pravidla pravidla pravidla pravidla pravidla pravidla pravidla pravidla pravidla pravidla pravidla pravidla pravidla pravidla pravidla pravidla pravidla pravidla pravidla pravidla pravidla pravidla pravidla pravidla pravidla pravidla pravidla pravidla pravidla pravidla pravidla pravidla pravidla pravidla pravidla pravidla pravidla pravidla pravidla pravidla pravidla pravidla pravidla pravidla pravidla pravidla pravidla pravidla pravidla pravidla pravidla pravidla pravidla pravidla pravidla pravidla pravidla pravidla pravidla pravidla pravidla pravidla pravidla pravidla pravidla
MTX201501307_anon,77,1,93,93
MTX201501307_anon,77,1,628596.96,pravidla pravidla pravidla pravidla pravidla pravidla pravidla pravidla pravidla pravidla pravidla pravidla pravidla pravidla pravidla pravidla pravidla pravidla pravidla pravidla pravidla pravidla pravidla pravidla pravidla pravidla pravidla pravidla pravidla pravidla pravidla pravidla pravidla pravidla pravidla pravidla pravidla pravidla pravidla pravidla pravidla pravidla pravidla pravidla pravidla pravidla pravidla pravidla pravidla pravidla pravidla pravidla pravidla pravidla pravidla pravidla pravidla pravidla pravidla pravidla pravidla pravidla pravidla pravidla pravidla pravidla pravidla pravidla pravidla pravidla pravidla pravidla pravidla pravidla pravidla pravidla pravidla pravidla pravidla pravidla pravidla pravidla pravidla pravidla pravidla pravidla pravidla pravidla pravidla pravidla pravidla pravidla pravidla pravidla pravidla pravidla pravidla pravidla pravidla pravidla pravidla pravidla pravidla pravidla pravidla pravidla pravidla
MTX201501307_anon,77,1,1115370.05,1115370.05
MTX201501307_anon,77,1,662.49,662.49
MTX201501307_anon,77,1,S1,pravidla pravidla pravidla pravidla pravidla pravidla pravidla pravidla pravidla pravidla pravidla pravidla pravidla pravidla pravidla pravidla pravidla pravidla pravidla pravidla pravidla pravidla pravidla pravidla pravidla pravidla pravidla pravidla pravidla pravidla pravidla pravidla pravidla pravidla pravidla pravidla pravidla pravidla pravidla pravidla pravidla pravidla pravidla pravidla pravidla pravidla pravidla pravidla pravidla pravidla pravidla pravidla pravidla pravidla pravidla pravidla pravidla pravidla pravidla pravidla pravidla pravidla pravidla pravidla pravidla pravidla pravidla pravidla pravidla pravidla pravidla pravidla pravidla pravidla pravidla pravidla pravidla pravidla pravidla pravidla pravidla pravidla pravidla pravidla pravidla pravidla pravidla pravidla pravidla pravidla pravidla pravidla pravidla pravidla pravidla pravidla pravidla pravidla pravidla pravidla pravidla pravidla pravidla pravidla pravidla pravidla pravidla
MTX201501307_anon,77,1,94,94
MTX201501307_anon,77,1,628596.62,pravidla pravidla pravidla pravidla pravidla pravidla pravidla pravidla pravidla pravidla pravidla pravidla pravidla pravidla pravidla pravidla pravidla pravidla pravidla pravidla pravidla pravidla pravidla pravidla pravidla pravidla pravidla pravidla pravidla pravidla pravidla pravidla pravidla pravidla pravidla pravidla pravidla pravidla pravidla pravidla pravidla pravidla pravidla pravidla pravidla pravidla pravidla pravidla pravidla pravidla pravidla pravidla pravidla pravidla pravidla pravidla pravidla pravidla pravidla pravidla pravidla pravidla pravidla pravidla pravidla pravidla pravidla pravidla pravidla pravidla pravidla pravidla pravidla pravidla pravidla pravidla pravidla pravidla pravidla pravidla pravidla pravidla pravidla pravidla pravidla pravidla pravidla pravidla pravidla pravidla pravidla pravidla pravidla pravidla pravidla pravidla pravidla pravidla pravidla pravidla pravidla pravidla pravidla pravidla pravidla pravidla pravidla
MTX201501307_anon,77,1,1115368.64,1115368.64
MTX201501307_anon,77,1,662.42,662.42
MTX201501307_anon,77,1,S1OSA,pravidla pravidla pravidla pravidla pravidla pravidla pravidla pravidla pravidla pravidla pravidla pravidla pravidla pravidla pravidla pravidla pravidla pravidla pravidla pravidla pravidla pravidla pravidla pravidla pravidla pravidla pravidla pravidla pravidla pravidla pravidla pravidla pravidla pravidla pravidla pravidla pravidla pravidla pravidla pravidla pravidla pravidla pravidla pravidla pravidla pravidla pravidla pravidla pravidla pravidla pravidla pravidla pravidla pravidla pravidla pravidla pravidla pravidla pravidla pravidla pravidla pravidla pravidla pravidla pravidla pravidla pravidla pravidla pravidla pravidla pravidla pravidla pravidla pravidla pravidla pravidla pravidla pravidla pravidla pravidla pravidla pravidla pravidla pravidla pravidla pravidla pravidla pravidla pravidla pravidla pravidla pravidla pravidla pravidla pravidla pravidla pravidla pravidla pravidla pravidla pravidla pravidla pravidla pravidla pravidla pravidla pravidla
MTX201501307_anon,77,1,95,pravidla pravidla pravidla pravidla pravidla pravidla pravidla pravidla pravidla pravidla pravidla pravidla pravidla pravidla pravidla pravidla pravidla pravidla pravidla pravidla pravidla pravidla pravidla pravidla pravidla pravidla pravidla pravidla pravidla pravidla pravidla pravidla pravidla pravidla pravidla pravidla pravidla pravidla pravidla pravidla pravidla pravidla pravidla pravidla pravidla pravidla pravidla pravidla pravidla pravidla pravidla pravidla pravidla pravidla pravidla pravidla pravidla pravidla pravidla pravidla pravidla pravidla pravidla pravidla pravidla pravidla pravidla pravidla pravidla pravidla pravidla pravidla pravidla pravidla pravidla pravidla pravidla pravidla pravidla pravidla pravidla pravidla pravidla pravidla pravidla pravidla pravidla pravidla pravidla pravidla pravidla pravidla pravidla pravidla pravidla pravidla pravidla pravidla pravidla pravidla pravidla pravidla pravidla pravidla pravidla pravidla pravidla
MTX201501307_anon,77,1,628595.23,628595.23
MTX201501307_anon,77,1,1115368.96,1115368.96
MTX201501307_anon,77,1,662.42,662.42
MTX201501307_anon,77,1,S1OSA,pravidla pravidla pravidla pravidla pravidla pravidla pravidla pravidla pravidla pravidla pravidla pravidla pravidla pravidla pravidla pravidla pravidla pravidla pravidla pravidla pravidla pravidla pravidla pravidla pravidla pravidla pravidla pravidla pravidla pravidla pravidla pravidla pravidla pravidla pravidla pravidla pravidla pravidla pravidla pravidla pravidla pravidla pravidla pravidla pravidla pravidla pravidla pravidla pravidla pravidla pravidla pravidla pravidla pravidla pravidla pravidla pravidla pravidla pravidla pravidla pravidla pravidla pravidla pravidla pravidla pravidla pravidla pravidla pravidla pravidla pravidla pravidla pravidla pravidla pravidla pravidla pravidla pravidla pravidla pravidla pravidla pravidla pravidla pravidla pravidla pravidla pravidla pravidla pravidla pravidla pravidla pravidla pravidla pravidla pravidla pravidla pravidla pravidla pravidla pravidla pravidla pravidla pravidla pravidla pravidla pravidla pravidla
MTX201501307_anon,77,1,96,96
MTX201501307_anon,77,1,628595.54,pravidla pravidla pravidla pravidla pravidla pravidla pravidla pravidla pravidla pravidla pravidla pravidla pravidla pravidla pravidla pravidla pravidla pravidla pravidla pravidla pravidla pravidla pravidla pravidla pravidla pravidla pravidla pravidla pravidla pravidla pravidla pravidla pravidla pravidla pravidla pravidla pravidla pravidla pravidla pravidla pravidla pravidla pravidla pravidla pravidla pravidla pravidla pravidla pravidla pravidla pravidla pravidla pravidla pravidla pravidla pravidla pravidla pravidla pravidla pravidla pravidla pravidla pravidla pravidla pravidla pravidla pravidla pravidla pravidla pravidla pravidla pravidla pravidla pravidla pravidla pravidla pravidla pravidla pravidla pravidla pravidla pravidla pravidla pravidla pravidla pravidla pravidla pravidla pravidla pravidla pravidla pravidla pravidla pravidla pravidla pravidla pravidla pravidla pravidla pravidla pravidla pravidla pravidla pravidla pravidla pravidla pravidla
MTX201501307_anon,77,1,1115370.36,1115370.36
MTX201501307_anon,77,1,662.42,662.42
MTX201501307_anon,77,1,S1OSA,pravidla pravidla pravidla pravidla pravidla pravidla pravidla pravidla pravidla pravidla pravidla pravidla pravidla pravidla pravidla pravidla pravidla pravidla pravidla pravidla pravidla pravidla pravidla pravidla pravidla pravidla pravidla pravidla pravidla pravidla pravidla pravidla pravidla pravidla pravidla pravidla pravidla pravidla pravidla pravidla pravidla pravidla pravidla pravidla pravidla pravidla pravidla pravidla pravidla pravidla pravidla pravidla pravidla pravidla pravidla pravidla pravidla pravidla pravidla pravidla pravidla pravidla pravidla pravidla pravidla pravidla pravidla pravidla pravidla pravidla pravidla pravidla pravidla pravidla pravidla pravidla pravidla pravidla pravidla pravidla pravidla pravidla pravidla pravidla pravidla pravidla pravidla pravidla pravidla pravidla pravidla pravidla pravidla pravidla pravidla pravidla pravidla pravidla pravidla pravidla pravidla pravidla pravidla pravidla pravidla pravidla pravidla
MTX201501307_anon,77,1,97,pravidla pravidla pravidla pravidla pravidla pravidla pravidla pravidla pravidla pravidla pravidla pravidla pravidla pravidla pravidla pravidla pravidla pravidla pravidla pravidla pravidla pravidla pravidla pravidla pravidla pravidla pravidla pravidla pravidla pravidla pravidla pravidla pravidla pravidla pravidla pravidla pravidla pravidla pravidla pravidla pravidla pravidla pravidla pravidla pravidla pravidla pravidla pravidla pravidla pravidla pravidla pravidla pravidla pravidla pravidla pravidla pravidla pravidla pravidla pravidla pravidla pravidla pravidla pravidla pravidla pravidla pravidla pravidla pravidla pravidla pravidla pravidla pravidla pravidla pravidla pravidla pravidla pravidla pravidla pravidla pravidla pravidla pravidla pravidla pravidla pravidla pravidla pravidla pravidla pravidla pravidla pravidla pravidla pravidla pravidla pravidla pravidla pravidla pravidla pravidla pravidla pravidla pravidla pravidla pravidla pravidla pravidla
MTX201501307_anon,77,1,628596.93,pravidla pravidla pravidla pravidla pravidla pravidla pravidla pravidla pravidla pravidla pravidla pravidla pravidla pravidla pravidla pravidla pravidla pravidla pravidla pravidla pravidla pravidla pravidla pravidla pravidla pravidla pravidla pravidla pravidla pravidla pravidla pravidla pravidla pravidla pravidla pravidla pravidla pravidla pravidla pravidla pravidla pravidla pravidla pravidla pravidla pravidla pravidla pravidla pravidla pravidla pravidla pravidla pravidla pravidla pravidla pravidla pravidla pravidla pravidla pravidla pravidla pravidla pravidla pravidla pravidla pravidla pravidla pravidla pravidla pravidla pravidla pravidla pravidla pravidla pravidla pravidla pravidla pravidla pravidla pravidla pravidla pravidla pravidla pravidla pravidla pravidla pravidla pravidla pravidla pravidla pravidla pravidla pravidla pravidla pravidla pravidla pravidla pravidla pravidla pravidla pravidla pravidla pravidla pravidla pravidla pravidla pravidla
MTX201501307_anon,77,1,1115370.03,1115370.03
MTX201501307_anon,77,1,662.41,662.41
MTX201501307_anon,77,1,S1OSA,pravidla pravidla pravidla pravidla pravidla pravidla pravidla pravidla pravidla pravidla pravidla pravidla pravidla pravidla pravidla pravidla pravidla pravidla pravidla pravidla pravidla pravidla pravidla pravidla pravidla pravidla pravidla pravidla pravidla pravidla pravidla pravidla pravidla pravidla pravidla pravidla pravidla pravidla pravidla pravidla pravidla pravidla pravidla pravidla pravidla pravidla pravidla pravidla pravidla pravidla pravidla pravidla pravidla pravidla pravidla pravidla pravidla pravidla pravidla pravidla pravidla pravidla pravidla pravidla pravidla pravidla pravidla pravidla pravidla pravidla pravidla pravidla pravidla pravidla pravidla pravidla pravidla pravidla pravidla pravidla pravidla pravidla pravidla pravidla pravidla pravidla pravidla pravidla pravidla pravidla pravidla pravidla pravidla pravidla pravidla pravidla pravidla pravidla pravidla pravidla pravidla pravidla pravidla pravidla pravidla pravidla pravidla
MTX201501307_anon,77,1,98,pravidla pravidla pravidla pravidla pravidla pravidla pravidla pravidla pravidla pravidla pravidla pravidla pravidla pravidla pravidla pravidla pravidla pravidla pravidla pravidla pravidla pravidla pravidla pravidla pravidla pravidla pravidla pravidla pravidla pravidla pravidla pravidla pravidla pravidla pravidla pravidla pravidla pravidla pravidla pravidla pravidla pravidla pravidla pravidla pravidla pravidla pravidla pravidla pravidla pravidla pravidla pravidla pravidla pravidla pravidla pravidla pravidla pravidla pravidla pravidla pravidla pravidla pravidla pravidla pravidla pravidla pravidla pravidla pravidla pravidla pravidla pravidla pravidla pravidla pravidla pravidla pravidla pravidla pravidla pravidla pravidla pravidla pravidla pravidla pravidla pravidla pravidla pravidla pravidla pravidla pravidla pravidla pravidla pravidla pravidla pravidla pravidla pravidla pravidla pravidla pravidla pravidla pravidla pravidla pravidla pravidla pravidla
MTX201501307_anon,77,1,628572.04,pravidla pravidla pravidla pravidla pravidla pravidla pravidla pravidla pravidla pravidla pravidla pravidla pravidla pravidla pravidla pravidla pravidla pravidla pravidla pravidla pravidla pravidla pravidla pravidla pravidla pravidla pravidla pravidla pravidla pravidla pravidla pravidla pravidla pravidla pravidla pravidla pravidla pravidla pravidla pravidla pravidla pravidla pravidla pravidla pravidla pravidla pravidla pravidla pravidla pravidla pravidla pravidla pravidla pravidla pravidla pravidla pravidla pravidla pravidla pravidla pravidla pravidla pravidla pravidla pravidla pravidla pravidla pravidla pravidla pravidla pravidla pravidla pravidla pravidla pravidla pravidla pravidla pravidla pravidla pravidla pravidla pravidla pravidla pravidla pravidla pravidla pravidla pravidla pravidla pravidla pravidla pravidla pravidla pravidla pravidla pravidla pravidla pravidla pravidla pravidla pravidla pravidla pravidla pravidla pravidla pravidla pravidla
MTX201501307_anon,77,1,1115421.22,pravidla pravidla pravidla pravidla pravidla pravidla pravidla pravidla pravidla pravidla pravidla pravidla pravidla pravidla pravidla pravidla pravidla pravidla pravidla pravidla pravidla pravidla pravidla pravidla pravidla pravidla pravidla pravidla pravidla pravidla pravidla pravidla pravidla pravidla pravidla pravidla pravidla pravidla pravidla pravidla pravidla pravidla pravidla pravidla pravidla pravidla pravidla pravidla pravidla pravidla pravidla pravidla pravidla pravidla pravidla pravidla pravidla pravidla pravidla pravidla pravidla pravidla pravidla pravidla pravidla pravidla pravidla pravidla pravidla pravidla pravidla pravidla pravidla pravidla pravidla pravidla pravidla pravidla pravidla pravidla pravidla pravidla pravidla pravidla pravidla pravidla pravidla pravidla pravidla pravidla pravidla pravidla pravidla pravidla pravidla pravidla pravidla pravidla pravidla pravidla pravidla pravidla pravidla pravidla pravidla pravidla
MTX201501307_anon,77,1,659.52,pravidla pravidla pravidla pravidla pravidla pravidla pravidla pravidla pravidla pravidla pravidla pravidla pravidla pravidla pravidla pravidla pravidla pravidla pravidla pravidla pravidla pravidla pravidla pravidla pravidla pravidla pravidla pravidla pravidla pravidla pravidla pravidla pravidla pravidla pravidla pravidla pravidla pravidla pravidla pravidla pravidla pravidla pravidla pravidla pravidla pravidla pravidla pravidla pravidla pravidla pravidla pravidla pravidla pravidla pravidla pravidla pravidla pravidla pravidla pravidla pravidla pravidla pravidla pravidla pravidla pravidla pravidla pravidla pravidla pravidla pravidla pravidla pravidla pravidla pravidla pravidla pravidla pravidla pravidla pravidla pravidla pravidla pravidla pravidla pravidla pravidla pravidla pravidla pravidla pravidla pravidla pravidla pravidla pravidla pravidla pravidla pravidla pravidla pravidla pravidla pravidla pravidla pravidla pravidla pravidla pravidla pravidla
MTX201501307_anon,77,1,S8,pravidla pravidla pravidla pravidla pravidla pravidla pravidla pravidla pravidla pravidla pravidla pravidla pravidla pravidla pravidla pravidla pravidla pravidla pravidla pravidla pravidla pravidla pravidla pravidla pravidla pravidla pravidla pravidla pravidla pravidla pravidla pravidla pravidla pravidla pravidla pravidla pravidla pravidla pravidla pravidla pravidla pravidla pravidla pravidla pravidla pravidla pravidla pravidla pravidla pravidla pravidla pravidla pravidla pravidla pravidla pravidla pravidla pravidla pravidla pravidla pravidla pravidla pravidla pravidla pravidla pravidla pravidla pravidla pravidla pravidla pravidla pravidla pravidla pravidla pravidla pravidla pravidla pravidla pravidla pravidla pravidla pravidla pravidla pravidla pravidla pravidla pravidla pravidla pravidla pravidla pravidla pravidla pravidla pravidla pravidla pravidla pravidla pravidla pravidla pravidla pravidla pravidla pravidla pravidla pravidla pravidla pravidla
MTX201501307_anon,77,1,99,pravidla pravidla pravidla pravidla pravidla pravidla pravidla pravidla pravidla pravidla pravidla pravidla pravidla pravidla pravidla pravidla pravidla pravidla pravidla pravidla pravidla pravidla pravidla pravidla pravidla pravidla pravidla pravidla pravidla pravidla pravidla pravidla pravidla pravidla pravidla pravidla pravidla pravidla pravidla pravidla pravidla pravidla pravidla pravidla pravidla pravidla pravidla pravidla pravidla pravidla pravidla pravidla pravidla pravidla pravidla pravidla pravidla pravidla pravidla pravidla pravidla pravidla pravidla pravidla pravidla pravidla pravidla pravidla pravidla pravidla pravidla pravidla pravidla pravidla pravidla pravidla pravidla pravidla pravidla pravidla pravidla pravidla pravidla pravidla pravidla pravidla pravidla pravidla pravidla pravidla pravidla pravidla pravidla pravidla pravidla pravidla pravidla pravidla pravidla pravidla pravidla pravidla pravidla pravidla pravidla pravidla pravidla
MTX201501307_anon,77,1,628571.00,pravidla pravidla pravidla pravidla pravidla pravidla pravidla pravidla pravidla pravidla pravidla pravidla pravidla pravidla pravidla pravidla pravidla pravidla pravidla pravidla pravidla pravidla pravidla pravidla pravidla pravidla pravidla pravidla pravidla pravidla pravidla pravidla pravidla pravidla pravidla pravidla pravidla pravidla pravidla pravidla pravidla pravidla pravidla pravidla pravidla pravidla pravidla pravidla pravidla pravidla pravidla pravidla pravidla pravidla pravidla pravidla pravidla pravidla pravidla pravidla pravidla pravidla pravidla pravidla pravidla pravidla pravidla pravidla pravidla pravidla pravidla pravidla pravidla pravidla pravidla pravidla pravidla pravidla pravidla pravidla pravidla pravidla pravidla pravidla pravidla pravidla pravidla pravidla pravidla pravidla pravidla pravidla pravidla pravidla pravidla pravidla pravidla pravidla pravidla pravidla pravidla pravidla pravidla pravidla pravidla pravidla pravidla
MTX201501307_anon,77,1,1115420.26,1115420.26
MTX201501307_anon,77,1,659.59,659.59
MTX201501307_anon,77,1,S8,pravidla pravidla pravidla pravidla pravidla pravidla pravidla pravidla pravidla pravidla pravidla pravidla pravidla pravidla pravidla pravidla pravidla pravidla pravidla pravidla pravidla pravidla pravidla pravidla pravidla pravidla pravidla pravidla pravidla pravidla pravidla pravidla pravidla pravidla pravidla pravidla pravidla pravidla pravidla pravidla pravidla pravidla pravidla pravidla pravidla pravidla pravidla pravidla pravidla pravidla pravidla pravidla pravidla pravidla pravidla pravidla pravidla pravidla pravidla pravidla pravidla pravidla pravidla pravidla pravidla pravidla pravidla pravidla pravidla pravidla pravidla pravidla pravidla pravidla pravidla pravidla pravidla pravidla pravidla pravidla pravidla pravidla pravidla pravidla pravidla pravidla pravidla pravidla pravidla pravidla pravidla pravidla pravidla pravidla pravidla pravidla pravidla pravidla pravidla pravidla pravidla pravidla pravidla pravidla pravidla pravidla pravidla
MTX201501307_anon,77,1,100,pravidla pravidla pravidla pravidla pravidla pravidla pravidla pravidla pravidla pravidla pravidla pravidla pravidla pravidla pravidla pravidla pravidla pravidla pravidla pravidla pravidla pravidla pravidla pravidla pravidla pravidla pravidla pravidla pravidla pravidla pravidla pravidla pravidla pravidla pravidla pravidla pravidla pravidla pravidla pravidla pravidla pravidla pravidla pravidla pravidla pravidla pravidla pravidla pravidla pravidla pravidla pravidla pravidla pravidla pravidla pravidla pravidla pravidla pravidla pravidla pravidla pravidla pravidla pravidla pravidla pravidla pravidla pravidla pravidla pravidla pravidla pravidla pravidla pravidla pravidla pravidla pravidla pravidla pravidla pravidla pravidla pravidla pravidla pravidla pravidla pravidla pravidla pravidla pravidla pravidla pravidla pravidla pravidla pravidla pravidla pravidla pravidla pravidla pravidla pravidla pravidla pravidla pravidla pravidla pravidla pravidla pravidla
MTX201501307_anon,77,1,628569.70,628569.70
MTX201501307_anon,77,1,1115421.71,1115421.71
MTX201501307_anon,77,1,659.59,659.59
MTX201501307_anon,77,1,S8,pravidla pravidla pravidla pravidla pravidla pravidla pravidla pravidla pravidla pravidla pravidla pravidla pravidla pravidla pravidla pravidla pravidla pravidla pravidla pravidla pravidla pravidla pravidla pravidla pravidla pravidla pravidla pravidla pravidla pravidla pravidla pravidla pravidla pravidla pravidla pravidla pravidla pravidla pravidla pravidla pravidla pravidla pravidla pravidla pravidla pravidla pravidla pravidla pravidla pravidla pravidla pravidla pravidla pravidla pravidla pravidla pravidla pravidla pravidla pravidla pravidla pravidla pravidla pravidla pravidla pravidla pravidla pravidla pravidla pravidla pravidla pravidla pravidla pravidla pravidla pravidla pravidla pravidla pravidla pravidla pravidla pravidla pravidla pravidla pravidla pravidla pravidla pravidla pravidla pravidla pravidla pravidla pravidla pravidla pravidla pravidla pravidla pravidla pravidla pravidla pravidla pravidla pravidla pravidla pravidla pravidla pravidla
MTX201501307_anon,77,1,101,pravidla pravidla pravidla pravidla pravidla pravidla pravidla pravidla pravidla pravidla pravidla pravidla pravidla pravidla pravidla pravidla pravidla pravidla pravidla pravidla pravidla pravidla pravidla pravidla pravidla pravidla pravidla pravidla pravidla pravidla pravidla pravidla pravidla pravidla pravidla pravidla pravidla pravidla pravidla pravidla pravidla pravidla pravidla pravidla pravidla pravidla pravidla pravidla pravidla pravidla pravidla pravidla pravidla pravidla pravidla pravidla pravidla pravidla pravidla pravidla pravidla pravidla pravidla pravidla pravidla pravidla pravidla pravidla pravidla pravidla pravidla pravidla pravidla pravidla pravidla pravidla pravidla pravidla pravidla pravidla pravidla pravidla pravidla pravidla pravidla pravidla pravidla pravidla pravidla pravidla pravidla pravidla pravidla pravidla pravidla pravidla pravidla pravidla pravidla pravidla pravidla pravidla pravidla pravidla pravidla pravidla pravidla
MTX201501307_anon,77,1,628570.67,628570.67
MTX201501307_anon,77,1,1115422.74,1115422.74
MTX201501307_anon,77,1,659.55,pravidla pravidla pravidla pravidla pravidla pravidla pravidla pravidla pravidla pravidla pravidla pravidla pravidla pravidla pravidla pravidla pravidla pravidla pravidla pravidla pravidla pravidla pravidla pravidla pravidla pravidla pravidla pravidla pravidla pravidla pravidla pravidla pravidla pravidla pravidla pravidla pravidla pravidla pravidla pravidla pravidla pravidla pravidla pravidla pravidla pravidla pravidla pravidla pravidla pravidla pravidla pravidla pravidla pravidla pravidla pravidla pravidla pravidla pravidla pravidla pravidla pravidla pravidla pravidla pravidla pravidla pravidla pravidla pravidla pravidla pravidla pravidla pravidla pravidla pravidla pravidla pravidla pravidla pravidla pravidla pravidla pravidla pravidla pravidla pravidla pravidla pravidla pravidla pravidla pravidla pravidla pravidla pravidla pravidla pravidla pravidla pravidla pravidla pravidla pravidla pravidla pravidla pravidla pravidla pravidla pravidla pravidla
MTX201501307_anon,77,1,S8,pravidla pravidla pravidla pravidla pravidla pravidla pravidla pravidla pravidla pravidla pravidla pravidla pravidla pravidla pravidla pravidla pravidla pravidla pravidla pravidla pravidla pravidla pravidla pravidla pravidla pravidla pravidla pravidla pravidla pravidla pravidla pravidla pravidla pravidla pravidla pravidla pravidla pravidla pravidla pravidla pravidla pravidla pravidla pravidla pravidla pravidla pravidla pravidla pravidla pravidla pravidla pravidla pravidla pravidla pravidla pravidla pravidla pravidla pravidla pravidla pravidla pravidla pravidla pravidla pravidla pravidla pravidla pravidla pravidla pravidla pravidla pravidla pravidla pravidla pravidla pravidla pravidla pravidla pravidla pravidla pravidla pravidla pravidla pravidla pravidla pravidla pravidla pravidla pravidla pravidla pravidla pravidla pravidla pravidla pravidla pravidla pravidla pravidla pravidla pravidla pravidla pravidla pravidla pravidla pravidla pravidla pravidla
MTX201501307_anon,77,1,102,pravidla pravidla pravidla pravidla pravidla pravidla pravidla pravidla pravidla pravidla pravidla pravidla pravidla pravidla pravidla pravidla pravidla pravidla pravidla pravidla pravidla pravidla pravidla pravidla pravidla pravidla pravidla pravidla pravidla pravidla pravidla pravidla pravidla pravidla pravidla pravidla pravidla pravidla pravidla pravidla pravidla pravidla pravidla pravidla pravidla pravidla pravidla pravidla pravidla pravidla pravidla pravidla pravidla pravidla pravidla pravidla pravidla pravidla pravidla pravidla pravidla pravidla pravidla pravidla pravidla pravidla pravidla pravidla pravidla pravidla pravidla pravidla pravidla pravidla pravidla pravidla pravidla pravidla pravidla pravidla pravidla pravidla pravidla pravidla pravidla pravidla pravidla pravidla pravidla pravidla pravidla pravidla pravidla pravidla pravidla pravidla pravidla pravidla pravidla pravidla pravidla pravidla pravidla pravidla pravidla pravidla pravidla
MTX201501307_anon,77,1,628571.69,pravidla pravidla pravidla pravidla pravidla pravidla pravidla pravidla pravidla pravidla pravidla pravidla pravidla pravidla pravidla pravidla pravidla pravidla pravidla pravidla pravidla pravidla pravidla pravidla pravidla pravidla pravidla pravidla pravidla pravidla pravidla pravidla pravidla pravidla pravidla pravidla pravidla pravidla pravidla pravidla pravidla pravidla pravidla pravidla pravidla pravidla pravidla pravidla pravidla pravidla pravidla pravidla pravidla pravidla pravidla pravidla pravidla pravidla pravidla pravidla pravidla pravidla pravidla pravidla pravidla pravidla pravidla pravidla pravidla pravidla pravidla pravidla pravidla pravidla pravidla pravidla pravidla pravidla pravidla pravidla pravidla pravidla pravidla pravidla pravidla pravidla pravidla pravidla pravidla pravidla pravidla pravidla pravidla pravidla pravidla pravidla pravidla pravidla pravidla pravidla pravidla pravidla pravidla pravidla pravidla pravidla pravidla
MTX201501307_anon,77,1,1115421.64,1115421.64
MTX201501307_anon,77,1,659.37,659.37
MTX201501307_anon,77,1,S8OSA,pravidla pravidla pravidla pravidla pravidla pravidla pravidla pravidla pravidla pravidla pravidla pravidla pravidla pravidla pravidla pravidla pravidla pravidla pravidla pravidla pravidla pravidla pravidla pravidla pravidla pravidla pravidla pravidla pravidla pravidla pravidla pravidla pravidla pravidla pravidla pravidla pravidla pravidla pravidla pravidla pravidla pravidla pravidla pravidla pravidla pravidla pravidla pravidla pravidla pravidla pravidla pravidla pravidla pravidla pravidla pravidla pravidla pravidla pravidla pravidla pravidla pravidla pravidla pravidla pravidla pravidla pravidla pravidla pravidla pravidla pravidla pravidla pravidla pravidla pravidla pravidla pravidla pravidla pravidla pravidla pravidla pravidla pravidla pravidla pravidla pravidla pravidla pravidla pravidla pravidla pravidla pravidla pravidla pravidla pravidla pravidla pravidla pravidla pravidla pravidla pravidla pravidla pravidla pravidla pravidla pravidla pravidla
MTX201501307_anon,77,1,103,pravidla pravidla pravidla pravidla pravidla pravidla pravidla pravidla pravidla pravidla pravidla pravidla pravidla pravidla pravidla pravidla pravidla pravidla pravidla pravidla pravidla pravidla pravidla pravidla pravidla pravidla pravidla pravidla pravidla pravidla pravidla pravidla pravidla pravidla pravidla pravidla pravidla pravidla pravidla pravidla pravidla pravidla pravidla pravidla pravidla pravidla pravidla pravidla pravidla pravidla pravidla pravidla pravidla pravidla pravidla pravidla pravidla pravidla pravidla pravidla pravidla pravidla pravidla pravidla pravidla pravidla pravidla pravidla pravidla pravidla pravidla pravidla pravidla pravidla pravidla pravidla pravidla pravidla pravidla pravidla pravidla pravidla pravidla pravidla pravidla pravidla pravidla pravidla pravidla pravidla pravidla pravidla pravidla pravidla pravidla pravidla pravidla pravidla pravidla pravidla pravidla pravidla pravidla pravidla pravidla pravidla pravidla
MTX201501307_anon,77,1,628570.65,pravidla pravidla pravidla pravidla pravidla pravidla pravidla pravidla pravidla pravidla pravidla pravidla pravidla pravidla pravidla pravidla pravidla pravidla pravidla pravidla pravidla pravidla pravidla pravidla pravidla pravidla pravidla pravidla pravidla pravidla pravidla pravidla pravidla pravidla pravidla pravidla pravidla pravidla pravidla pravidla pravidla pravidla pravidla pravidla pravidla pravidla pravidla pravidla pravidla pravidla pravidla pravidla pravidla pravidla pravidla pravidla pravidla pravidla pravidla pravidla pravidla pravidla pravidla pravidla pravidla pravidla pravidla pravidla pravidla pravidla pravidla pravidla pravidla pravidla pravidla pravidla pravidla pravidla pravidla pravidla pravidla pravidla pravidla pravidla pravidla pravidla pravidla pravidla pravidla pravidla pravidla pravidla pravidla pravidla pravidla pravidla pravidla pravidla pravidla pravidla pravidla pravidla pravidla pravidla pravidla pravidla pravidla
MTX201501307_anon,77,1,1115420.63,1115420.63
MTX201501307_anon,77,1,659.38,pravidla pravidla pravidla pravidla pravidla pravidla pravidla pravidla pravidla pravidla pravidla pravidla pravidla pravidla pravidla pravidla pravidla pravidla pravidla pravidla pravidla pravidla pravidla pravidla pravidla pravidla pravidla pravidla pravidla pravidla pravidla pravidla pravidla pravidla pravidla pravidla pravidla pravidla pravidla pravidla pravidla pravidla pravidla pravidla pravidla pravidla pravidla pravidla pravidla pravidla pravidla pravidla pravidla pravidla pravidla pravidla pravidla pravidla pravidla pravidla pravidla pravidla pravidla pravidla pravidla pravidla pravidla pravidla pravidla pravidla pravidla pravidla pravidla pravidla pravidla pravidla pravidla pravidla pravidla pravidla pravidla pravidla pravidla pravidla pravidla pravidla pravidla pravidla pravidla pravidla pravidla pravidla pravidla pravidla pravidla pravidla pravidla pravidla pravidla pravidla pravidla pravidla pravidla pravidla pravidla
MTX201501307_anon,77,1,S8OSA,pravidla pravidla pravidla pravidla pravidla pravidla pravidla pravidla pravidla pravidla pravidla pravidla pravidla pravidla pravidla pravidla pravidla pravidla pravidla pravidla pravidla pravidla pravidla pravidla pravidla pravidla pravidla pravidla pravidla pravidla pravidla pravidla pravidla pravidla pravidla pravidla pravidla pravidla pravidla pravidla pravidla pravidla pravidla pravidla pravidla pravidla pravidla pravidla pravidla pravidla pravidla pravidla pravidla pravidla pravidla pravidla pravidla pravidla pravidla pravidla pravidla pravidla pravidla pravidla pravidla pravidla pravidla pravidla pravidla pravidla pravidla pravidla pravidla pravidla pravidla pravidla pravidla pravidla pravidla pravidla pravidla pravidla pravidla pravidla pravidla pravidla pravidla pravidla pravidla pravidla pravidla pravidla pravidla pravidla pravidla pravidla pravidla pravidla pravidla pravidla pravidla pravidla pravidla pravidla pravidla pravidla pravidla
MTX201501307_anon,77,1,104,pravidla pravidla pravidla pravidla pravidla pravidla pravidla pravidla pravidla pravidla pravidla pravidla pravidla pravidla pravidla pravidla pravidla pravidla pravidla pravidla pravidla pravidla pravidla pravidla pravidla pravidla pravidla pravidla pravidla pravidla pravidla pravidla pravidla pravidla pravidla pravidla pravidla pravidla pravidla pravidla pravidla pravidla pravidla pravidla pravidla pravidla pravidla pravidla pravidla pravidla pravidla pravidla pravidla pravidla pravidla pravidla pravidla pravidla pravidla pravidla pravidla pravidla pravidla pravidla pravidla pravidla pravidla pravidla pravidla pravidla pravidla pravidla pravidla pravidla pravidla pravidla pravidla pravidla pravidla pravidla pravidla pravidla pravidla pravidla pravidla pravidla pravidla pravidla pravidla pravidla pravidla pravidla pravidla pravidla pravidla pravidla pravidla pravidla pravidla pravidla pravidla pravidla pravidla pravidla pravidla
MTX201501307_anon,77,1,628570.64,pravidla pravidla pravidla pravidla pravidla pravidla pravidla pravidla pravidla pravidla pravidla pravidla pravidla pravidla pravidla pravidla pravidla pravidla pravidla pravidla pravidla pravidla pravidla pravidla pravidla pravidla pravidla pravidla pravidla pravidla pravidla pravidla pravidla pravidla pravidla pravidla pravidla pravidla pravidla pravidla pravidla pravidla pravidla pravidla pravidla pravidla pravidla pravidla pravidla pravidla pravidla pravidla pravidla pravidla pravidla pravidla pravidla pravidla pravidla pravidla pravidla pravidla pravidla pravidla pravidla pravidla pravidla pravidla pravidla pravidla pravidla pravidla pravidla pravidla pravidla pravidla pravidla pravidla pravidla pravidla pravidla pravidla pravidla pravidla pravidla pravidla pravidla pravidla pravidla pravidla pravidla pravidla pravidla pravidla pravidla pravidla pravidla pravidla pravidla pravidla pravidla pravidla pravidla pravidla pravidla pravidla pravidla
MTX201501307_anon,77,1,1115422.64,pravidla pravidla pravidla pravidla pravidla pravidla pravidla pravidla pravidla pravidla pravidla pravidla pravidla pravidla pravidla pravidla pravidla pravidla pravidla pravidla pravidla pravidla pravidla pravidla pravidla pravidla pravidla pravidla pravidla pravidla pravidla pravidla pravidla pravidla pravidla pravidla pravidla pravidla pravidla pravidla pravidla pravidla pravidla pravidla pravidla pravidla pravidla pravidla pravidla pravidla pravidla pravidla pravidla pravidla pravidla pravidla pravidla pravidla pravidla pravidla pravidla pravidla pravidla pravidla pravidla pravidla pravidla pravidla pravidla pravidla pravidla pravidla pravidla pravidla pravidla pravidla pravidla pravidla pravidla pravidla pravidla pravidla pravidla pravidla pravidla pravidla pravidla pravidla pravidla pravidla pravidla pravidla pravidla pravidla pravidla pravidla pravidla pravidla pravidla pravidla pravidla pravidla pravidla pravidla pravidla pravidla
MTX201501307_anon,77,1,659.38,pravidla pravidla pravidla pravidla pravidla pravidla pravidla pravidla pravidla pravidla pravidla pravidla pravidla pravidla pravidla pravidla pravidla pravidla pravidla pravidla pravidla pravidla pravidla pravidla pravidla pravidla pravidla pravidla pravidla pravidla pravidla pravidla pravidla pravidla pravidla pravidla pravidla pravidla pravidla pravidla pravidla pravidla pravidla pravidla pravidla pravidla pravidla pravidla pravidla pravidla pravidla pravidla pravidla pravidla pravidla pravidla pravidla pravidla pravidla pravidla pravidla pravidla pravidla pravidla pravidla pravidla pravidla pravidla pravidla pravidla pravidla pravidla pravidla pravidla pravidla pravidla pravidla pravidla pravidla pravidla pravidla pravidla pravidla pravidla pravidla pravidla pravidla pravidla pravidla pravidla pravidla pravidla pravidla pravidla pravidla pravidla pravidla pravidla pravidla pravidla pravidla pravidla pravidla pravidla pravidla
MTX201501307_anon,77,1,S8OSA,pravidla pravidla pravidla pravidla pravidla pravidla pravidla pravidla pravidla pravidla pravidla pravidla pravidla pravidla pravidla pravidla pravidla pravidla pravidla pravidla pravidla pravidla pravidla pravidla pravidla pravidla pravidla pravidla pravidla pravidla pravidla pravidla pravidla pravidla pravidla pravidla pravidla pravidla pravidla pravidla pravidla pravidla pravidla pravidla pravidla pravidla pravidla pravidla pravidla pravidla pravidla pravidla pravidla pravidla pravidla pravidla pravidla pravidla pravidla pravidla pravidla pravidla pravidla pravidla pravidla pravidla pravidla pravidla pravidla pravidla pravidla pravidla pravidla pravidla pravidla pravidla pravidla pravidla pravidla pravidla pravidla pravidla pravidla pravidla pravidla pravidla pravidla pravidla pravidla pravidla pravidla pravidla pravidla pravidla pravidla pravidla pravidla pravidla pravidla pravidla pravidla pravidla pravidla pravidla pravidla pravidla pravidla
MTX201501307_anon,77,1,105,pravidla pravidla pravidla pravidla pravidla pravidla pravidla pravidla pravidla pravidla pravidla pravidla pravidla pravidla pravidla pravidla pravidla pravidla pravidla pravidla pravidla pravidla pravidla pravidla pravidla pravidla pravidla pravidla pravidla pravidla pravidla pravidla pravidla pravidla pravidla pravidla pravidla pravidla pravidla pravidla pravidla pravidla pravidla pravidla pravidla pravidla pravidla pravidla pravidla pravidla pravidla pravidla pravidla pravidla pravidla pravidla pravidla pravidla pravidla pravidla pravidla pravidla pravidla pravidla pravidla pravidla pravidla pravidla pravidla pravidla pravidla pravidla pravidla pravidla pravidla pravidla pravidla pravidla pravidla pravidla pravidla pravidla pravidla pravidla pravidla pravidla pravidla pravidla pravidla pravidla pravidla pravidla pravidla pravidla pravidla pravidla pravidla pravidla pravidla pravidla pravidla pravidla pravidla pravidla pravidla
MTX201501307_anon,77,1,628569.66,628569.66
MTX201501307_anon,77,1,1115421.61,1115421.61
MTX201501307_anon,77,1,659.41,659.41
MTX201501307_anon,77,1,S8OSA,pravidla pravidla pravidla pravidla pravidla pravidla pravidla pravidla pravidla pravidla pravidla pravidla pravidla pravidla pravidla pravidla pravidla pravidla pravidla pravidla pravidla pravidla pravidla pravidla pravidla pravidla pravidla pravidla pravidla pravidla pravidla pravidla pravidla pravidla pravidla pravidla pravidla pravidla pravidla pravidla pravidla pravidla pravidla pravidla pravidla pravidla pravidla pravidla pravidla pravidla pravidla pravidla pravidla pravidla pravidla pravidla pravidla pravidla pravidla pravidla pravidla pravidla pravidla pravidla pravidla pravidla pravidla pravidla pravidla pravidla pravidla pravidla pravidla pravidla pravidla pravidla pravidla pravidla pravidla pravidla pravidla pravidla pravidla pravidla pravidla pravidla pravidla pravidla pravidla pravidla pravidla pravidla pravidla pravidla pravidla pravidla pravidla pravidla pravidla pravidla pravidla pravidla pravidla pravidla pravidla pravidla pravidla
MTX201501307_anon,77,1,106,pravidla pravidla pravidla pravidla pravidla pravidla pravidla pravidla pravidla pravidla pravidla pravidla pravidla pravidla pravidla pravidla pravidla pravidla pravidla pravidla pravidla pravidla pravidla pravidla pravidla pravidla pravidla pravidla pravidla pravidla pravidla pravidla pravidla pravidla pravidla pravidla pravidla pravidla pravidla pravidla pravidla pravidla pravidla pravidla pravidla pravidla pravidla pravidla pravidla pravidla pravidla pravidla pravidla pravidla pravidla pravidla pravidla pravidla pravidla pravidla pravidla pravidla pravidla pravidla pravidla pravidla pravidla pravidla pravidla pravidla pravidla pravidla pravidla pravidla pravidla pravidla pravidla pravidla pravidla pravidla pravidla pravidla pravidla pravidla pravidla pravidla pravidla pravidla pravidla pravidla pravidla pravidla pravidla pravidla pravidla pravidla pravidla pravidla pravidla pravidla pravidla pravidla pravidla pravidla pravidla
MTX201501307_anon,77,1,628573.90,pravidla pravidla pravidla pravidla pravidla pravidla pravidla pravidla pravidla pravidla pravidla pravidla pravidla pravidla pravidla pravidla pravidla pravidla pravidla pravidla pravidla pravidla pravidla pravidla pravidla pravidla pravidla pravidla pravidla pravidla pravidla pravidla pravidla pravidla pravidla pravidla pravidla pravidla pravidla pravidla pravidla pravidla pravidla pravidla pravidla pravidla pravidla pravidla pravidla pravidla pravidla pravidla pravidla pravidla pravidla pravidla pravidla pravidla pravidla pravidla pravidla pravidla pravidla pravidla pravidla pravidla pravidla pravidla pravidla pravidla pravidla pravidla pravidla pravidla pravidla pravidla pravidla pravidla pravidla pravidla pravidla pravidla pravidla pravidla pravidla pravidla pravidla pravidla pravidla pravidla pravidla pravidla pravidla pravidla pravidla pravidla pravidla pravidla pravidla pravidla pravidla pravidla pravidla pravidla pravidla pravidla pravidla
MTX201501307_anon,77,1,1115428.60,1115428.60
MTX201501307_anon,77,1,664.07,pravidla pravidla pravidla pravidla pravidla pravidla pravidla pravidla pravidla pravidla pravidla pravidla pravidla pravidla pravidla pravidla pravidla pravidla pravidla pravidla pravidla pravidla pravidla pravidla pravidla pravidla pravidla pravidla pravidla pravidla pravidla pravidla pravidla pravidla pravidla pravidla pravidla pravidla pravidla pravidla pravidla pravidla pravidla pravidla pravidla pravidla pravidla pravidla pravidla pravidla pravidla pravidla pravidla pravidla pravidla pravidla pravidla pravidla pravidla pravidla pravidla pravidla pravidla pravidla pravidla pravidla pravidla pravidla pravidla pravidla pravidla pravidla pravidla pravidla pravidla pravidla pravidla pravidla pravidla pravidla pravidla pravidla pravidla pravidla pravidla pravidla pravidla pravidla pravidla pravidla pravidla pravidla pravidla pravidla pravidla pravidla pravidla pravidla pravidla pravidla pravidla pravidla pravidla pravidla pravidla
MTX201501307_anon,77,1,DUM,DUM
MTX201501307_anon,77,1,107,pravidla pravidla pravidla pravidla pravidla pravidla pravidla pravidla pravidla pravidla pravidla pravidla pravidla pravidla pravidla pravidla pravidla pravidla pravidla pravidla pravidla pravidla pravidla pravidla pravidla pravidla pravidla pravidla pravidla pravidla pravidla pravidla pravidla pravidla pravidla pravidla pravidla pravidla pravidla pravidla pravidla pravidla pravidla pravidla pravidla pravidla pravidla pravidla pravidla pravidla pravidla pravidla pravidla pravidla pravidla pravidla pravidla pravidla pravidla pravidla pravidla pravidla pravidla pravidla pravidla pravidla pravidla pravidla pravidla pravidla pravidla pravidla pravidla pravidla pravidla pravidla pravidla pravidla pravidla pravidla pravidla pravidla pravidla pravidla pravidla pravidla pravidla pravidla pravidla pravidla pravidla pravidla pravidla pravidla pravidla pravidla pravidla pravidla pravidla pravidla pravidla pravidla pravidla pravidla pravidla
MTX201501307_anon,77,1,628559.16,628559.16
MTX201501307_anon,77,1,1115414.83,1115414.83
MTX201501307_anon,77,1,664.07,pravidla pravidla pravidla pravidla pravidla pravidla pravidla pravidla pravidla pravidla pravidla pravidla pravidla pravidla pravidla pravidla pravidla pravidla pravidla pravidla pravidla pravidla pravidla pravidla pravidla pravidla pravidla pravidla pravidla pravidla pravidla pravidla pravidla pravidla pravidla pravidla pravidla pravidla pravidla pravidla pravidla pravidla pravidla pravidla pravidla pravidla pravidla pravidla pravidla pravidla pravidla pravidla pravidla pravidla pravidla pravidla pravidla pravidla pravidla pravidla pravidla pravidla pravidla pravidla pravidla pravidla pravidla pravidla pravidla pravidla pravidla pravidla pravidla pravidla pravidla pravidla pravidla pravidla pravidla pravidla pravidla pravidla pravidla pravidla pravidla pravidla pravidla pravidla pravidla pravidla pravidla pravidla pravidla pravidla pravidla pravidla pravidla pravidla pravidla pravidla pravidla pravidla pravidla pravidla pravidla
MTX201501307_anon,77,1,DUM,DUM
MTX201501307_anon,77,1,108,pravidla pravidla pravidla pravidla pravidla pravidla pravidla pravidla pravidla pravidla pravidla pravidla pravidla pravidla pravidla pravidla pravidla pravidla pravidla pravidla pravidla pravidla pravidla pravidla pravidla pravidla pravidla pravidla pravidla pravidla pravidla pravidla pravidla pravidla pravidla pravidla pravidla pravidla pravidla pravidla pravidla pravidla pravidla pravidla pravidla pravidla pravidla pravidla pravidla pravidla pravidla pravidla pravidla pravidla pravidla pravidla pravidla pravidla pravidla pravidla pravidla pravidla pravidla pravidla pravidla pravidla pravidla pravidla pravidla pravidla pravidla pravidla pravidla pravidla pravidla pravidla pravidla pravidla pravidla pravidla pravidla pravidla pravidla pravidla pravidla pravidla pravidla pravidla pravidla pravidla pravidla pravidla pravidla pravidla pravidla pravidla pravidla pravidla pravidla pravidla pravidla pravidla pravidla pravidla pravidla
MTX201501307_anon,77,1,628560.17,pravidla pravidla pravidla pravidla pravidla pravidla pravidla pravidla pravidla pravidla pravidla pravidla pravidla pravidla pravidla pravidla pravidla pravidla pravidla pravidla pravidla pravidla pravidla pravidla pravidla pravidla pravidla pravidla pravidla pravidla pravidla pravidla pravidla pravidla pravidla pravidla pravidla pravidla pravidla pravidla pravidla pravidla pravidla pravidla pravidla pravidla pravidla pravidla pravidla pravidla pravidla pravidla pravidla pravidla pravidla pravidla pravidla pravidla pravidla pravidla pravidla pravidla pravidla pravidla pravidla pravidla pravidla pravidla pravidla pravidla pravidla pravidla pravidla pravidla pravidla pravidla pravidla pravidla pravidla pravidla pravidla pravidla pravidla pravidla pravidla pravidla pravidla pravidla pravidla pravidla pravidla pravidla pravidla pravidla pravidla pravidla pravidla pravidla pravidla pravidla pravidla pravidla pravidla pravidla pravidla pravidla pravidla
MTX201501307_anon,77,1,1115396.98,1115396.98
MTX201501307_anon,77,1,663.21,663.21
MTX201501307_anon,77,1,DUM,DUM
MTX201501307_anon,77,1,109,pravidla pravidla pravidla pravidla pravidla pravidla pravidla pravidla pravidla pravidla pravidla pravidla pravidla pravidla pravidla pravidla pravidla pravidla pravidla pravidla pravidla pravidla pravidla pravidla pravidla pravidla pravidla pravidla pravidla pravidla pravidla pravidla pravidla pravidla pravidla pravidla pravidla pravidla pravidla pravidla pravidla pravidla pravidla pravidla pravidla pravidla pravidla pravidla pravidla pravidla pravidla pravidla pravidla pravidla pravidla pravidla pravidla pravidla pravidla pravidla pravidla pravidla pravidla pravidla pravidla pravidla pravidla pravidla pravidla pravidla pravidla pravidla pravidla pravidla pravidla pravidla pravidla pravidla pravidla pravidla pravidla pravidla pravidla pravidla pravidla pravidla pravidla pravidla pravidla pravidla pravidla pravidla pravidla pravidla pravidla pravidla pravidla pravidla pravidla pravidla pravidla pravidla pravidla pravidla pravidla
MTX201501307_anon,77,1,628551.44,628551.44
MTX201501307_anon,77,1,1115389.54,1115389.54
MTX201501307_anon,77,1,663.94,pravidla pravidla pravidla pravidla pravidla pravidla pravidla pravidla pravidla pravidla pravidla pravidla pravidla pravidla pravidla pravidla pravidla pravidla pravidla pravidla pravidla pravidla pravidla pravidla pravidla pravidla pravidla pravidla pravidla pravidla pravidla pravidla pravidla pravidla pravidla pravidla pravidla pravidla pravidla pravidla pravidla pravidla pravidla pravidla pravidla pravidla pravidla pravidla pravidla pravidla pravidla pravidla pravidla pravidla pravidla pravidla pravidla pravidla pravidla pravidla pravidla pravidla pravidla pravidla pravidla pravidla pravidla pravidla pravidla pravidla pravidla pravidla pravidla pravidla pravidla pravidla pravidla pravidla pravidla pravidla pravidla pravidla pravidla pravidla pravidla pravidla pravidla pravidla pravidla pravidla pravidla pravidla pravidla pravidla pravidla pravidla pravidla pravidla pravidla pravidla pravidla pravidla pravidla pravidla pravidla pravidla pravidla
MTX201501307_anon,77,1,DUM,DUM
MTX201501307_anon,77,1,110,110
MTX201501307_anon,77,1,628560.78,pravidla pravidla pravidla pravidla pravidla pravidla pravidla pravidla pravidla pravidla pravidla pravidla pravidla pravidla pravidla pravidla pravidla pravidla pravidla pravidla pravidla pravidla pravidla pravidla pravidla pravidla pravidla pravidla pravidla pravidla pravidla pravidla pravidla pravidla pravidla pravidla pravidla pravidla pravidla pravidla pravidla pravidla pravidla pravidla pravidla pravidla pravidla pravidla pravidla pravidla pravidla pravidla pravidla pravidla pravidla pravidla pravidla pravidla pravidla pravidla pravidla pravidla pravidla pravidla pravidla pravidla pravidla pravidla pravidla pravidla pravidla pravidla pravidla pravidla pravidla pravidla pravidla pravidla pravidla pravidla pravidla pravidla pravidla pravidla pravidla pravidla pravidla pravidla pravidla pravidla pravidla pravidla pravidla pravidla pravidla pravidla pravidla pravidla pravidla pravidla pravidla pravidla pravidla pravidla pravidla pravidla pravidla
MTX201501307_anon,77,1,1115378.55,1115378.55
MTX201501307_anon,77,1,664.04,pravidla pravidla pravidla pravidla pravidla pravidla pravidla pravidla pravidla pravidla pravidla pravidla pravidla pravidla pravidla pravidla pravidla pravidla pravidla pravidla pravidla pravidla pravidla pravidla pravidla pravidla pravidla pravidla pravidla pravidla pravidla pravidla pravidla pravidla pravidla pravidla pravidla pravidla pravidla pravidla pravidla pravidla pravidla pravidla pravidla pravidla pravidla pravidla pravidla pravidla pravidla pravidla pravidla pravidla pravidla pravidla pravidla pravidla pravidla pravidla pravidla pravidla pravidla pravidla pravidla pravidla pravidla pravidla pravidla pravidla pravidla pravidla pravidla pravidla pravidla pravidla pravidla pravidla pravidla pravidla pravidla pravidla pravidla pravidla pravidla pravidla pravidla pravidla pravidla pravidla pravidla pravidla pravidla pravidla pravidla pravidla pravidla pravidla pravidla pravidla pravidla pravidla pravidla pravidla pravidla
MTX201501307_anon,77,1,DUM,DUM
MTX201501307_anon,77,1,111,111
MTX201501307_anon,77,1,628553.16,628553.16
MTX201501307_anon,77,1,1115372.18,pravidla pravidla pravidla pravidla pravidla pravidla pravidla pravidla pravidla pravidla pravidla pravidla pravidla pravidla pravidla pravidla pravidla pravidla pravidla pravidla pravidla pravidla pravidla pravidla pravidla pravidla pravidla pravidla pravidla pravidla pravidla pravidla pravidla pravidla pravidla pravidla pravidla pravidla pravidla pravidla pravidla pravidla pravidla pravidla pravidla pravidla pravidla pravidla pravidla pravidla pravidla pravidla pravidla pravidla pravidla pravidla pravidla pravidla pravidla pravidla pravidla pravidla pravidla pravidla pravidla pravidla pravidla pravidla pravidla pravidla pravidla pravidla pravidla pravidla pravidla pravidla pravidla pravidla pravidla pravidla pravidla pravidla pravidla pravidla pravidla pravidla pravidla pravidla pravidla pravidla pravidla pravidla pravidla pravidla pravidla pravidla pravidla pravidla pravidla pravidla pravidla pravidla pravidla pravidla pravidla pravidla
MTX201501307_anon,77,1,665.88,pravidla pravidla pravidla pravidla pravidla pravidla pravidla pravidla pravidla pravidla pravidla pravidla pravidla pravidla pravidla pravidla pravidla pravidla pravidla pravidla pravidla pravidla pravidla pravidla pravidla pravidla pravidla pravidla pravidla pravidla pravidla pravidla pravidla pravidla pravidla pravidla pravidla pravidla pravidla pravidla pravidla pravidla pravidla pravidla pravidla pravidla pravidla pravidla pravidla pravidla pravidla pravidla pravidla pravidla pravidla pravidla pravidla pravidla pravidla pravidla pravidla pravidla pravidla pravidla pravidla pravidla pravidla pravidla pravidla pravidla pravidla pravidla pravidla pravidla pravidla pravidla pravidla pravidla pravidla pravidla pravidla pravidla pravidla pravidla pravidla pravidla pravidla pravidla pravidla pravidla pravidla pravidla pravidla pravidla pravidla pravidla pravidla pravidla pravidla pravidla pravidla pravidla pravidla pravidla pravidla pravidla pravidla
MTX201501307_anon,77,1,DUM,DUM
MTX201501307_anon,77,1,112,112
MTX201501307_anon,77,1,628552.24,628552.24
MTX201501307_anon,77,1,1115367.98,1115367.98
MTX201501307_anon,77,1,665.89,665.89
MTX201501307_anon,77,1,DUM,DUM
MTX201501307_anon,77,1,113,113
MTX201501307_anon,77,1,628561.06,pravidla pravidla pravidla pravidla pravidla pravidla pravidla pravidla pravidla pravidla pravidla pravidla pravidla pravidla pravidla pravidla pravidla pravidla pravidla pravidla pravidla pravidla pravidla pravidla pravidla pravidla pravidla pravidla pravidla pravidla pravidla pravidla pravidla pravidla pravidla pravidla pravidla pravidla pravidla pravidla pravidla pravidla pravidla pravidla pravidla pravidla pravidla pravidla pravidla pravidla pravidla pravidla pravidla pravidla pravidla pravidla pravidla pravidla pravidla pravidla pravidla pravidla pravidla pravidla pravidla pravidla pravidla pravidla pravidla pravidla pravidla pravidla pravidla pravidla pravidla pravidla pravidla pravidla pravidla pravidla pravidla pravidla pravidla pravidla pravidla pravidla pravidla pravidla pravidla pravidla pravidla pravidla pravidla pravidla pravidla pravidla pravidla pravidla pravidla pravidla pravidla pravidla pravidla pravidla pravidla pravidla pravidla
MTX201501307_anon,77,1,1115361.25,1115361.25
MTX201501307_anon,77,1,665.93,pravidla pravidla pravidla pravidla pravidla pravidla pravidla pravidla pravidla pravidla pravidla pravidla pravidla pravidla pravidla pravidla pravidla pravidla pravidla pravidla pravidla pravidla pravidla pravidla pravidla pravidla pravidla pravidla pravidla pravidla pravidla pravidla pravidla pravidla pravidla pravidla pravidla pravidla pravidla pravidla pravidla pravidla pravidla pravidla pravidla pravidla pravidla pravidla pravidla pravidla pravidla pravidla pravidla pravidla pravidla pravidla pravidla pravidla pravidla pravidla pravidla pravidla pravidla pravidla pravidla pravidla pravidla pravidla pravidla pravidla pravidla pravidla pravidla pravidla pravidla pravidla pravidla pravidla pravidla pravidla pravidla pravidla pravidla pravidla pravidla pravidla pravidla pravidla pravidla pravidla pravidla pravidla pravidla pravidla pravidla pravidla pravidla pravidla pravidla pravidla pravidla pravidla pravidla pravidla pravidla pravidla pravidla
MTX201501307_anon,77,1,DUM,DUM
MTX201501307_anon,77,1,114,114
MTX201501307_anon,77,1,628576.10,628576.10
MTX201501307_anon,77,1,1115365.49,1115365.49
MTX201501307_anon,77,1,665.86,pravidla pravidla pravidla pravidla pravidla pravidla pravidla pravidla pravidla pravidla pravidla pravidla pravidla pravidla pravidla pravidla pravidla pravidla pravidla pravidla pravidla pravidla pravidla pravidla pravidla pravidla pravidla pravidla pravidla pravidla pravidla pravidla pravidla pravidla pravidla pravidla pravidla pravidla pravidla pravidla pravidla pravidla pravidla pravidla pravidla pravidla pravidla pravidla pravidla pravidla pravidla pravidla pravidla pravidla pravidla pravidla pravidla pravidla pravidla pravidla pravidla pravidla pravidla pravidla pravidla pravidla pravidla pravidla pravidla pravidla pravidla pravidla pravidla pravidla pravidla pravidla pravidla pravidla pravidla pravidla pravidla pravidla pravidla pravidla pravidla pravidla pravidla pravidla pravidla pravidla pravidla pravidla pravidla pravidla pravidla pravidla pravidla pravidla pravidla pravidla pravidla pravidla pravidla pravidla pravidla pravidla pravidla
MTX201501307_anon,77,1,DUM,DUM
MTX201501307_anon,77,1,115,115
MTX201501307_anon,77,1,628594.32,628594.32
MTX201501307_anon,77,1,1115358.66,1115358.66
MTX201501307_anon,77,1,665.66,pravidla pravidla pravidla pravidla pravidla pravidla pravidla pravidla pravidla pravidla pravidla pravidla pravidla pravidla pravidla pravidla pravidla pravidla pravidla pravidla pravidla pravidla pravidla pravidla pravidla pravidla pravidla pravidla pravidla pravidla pravidla pravidla pravidla pravidla pravidla pravidla pravidla pravidla pravidla pravidla pravidla pravidla pravidla pravidla pravidla pravidla pravidla pravidla pravidla pravidla pravidla pravidla pravidla pravidla pravidla pravidla pravidla pravidla pravidla pravidla pravidla pravidla pravidla pravidla pravidla pravidla pravidla pravidla pravidla pravidla pravidla pravidla pravidla pravidla pravidla pravidla pravidla pravidla pravidla pravidla pravidla pravidla pravidla pravidla pravidla pravidla pravidla pravidla pravidla pravidla pravidla pravidla pravidla pravidla pravidla pravidla pravidla pravidla pravidla pravidla pravidla pravidla pravidla pravidla pravidla
MTX201501307_anon,77,1,DUM,DUM
MTX201501307_anon,77,1,116,116
MTX201501307_anon,77,1,628624.94,pravidla pravidla pravidla pravidla pravidla pravidla pravidla pravidla pravidla pravidla pravidla pravidla pravidla pravidla pravidla pravidla pravidla pravidla pravidla pravidla pravidla pravidla pravidla pravidla pravidla pravidla pravidla pravidla pravidla pravidla pravidla pravidla pravidla pravidla pravidla pravidla pravidla pravidla pravidla pravidla pravidla pravidla pravidla pravidla pravidla pravidla pravidla pravidla pravidla pravidla pravidla pravidla pravidla pravidla pravidla pravidla pravidla pravidla pravidla pravidla pravidla pravidla pravidla pravidla pravidla pravidla pravidla pravidla pravidla pravidla pravidla pravidla pravidla pravidla pravidla pravidla pravidla pravidla pravidla pravidla pravidla pravidla pravidla pravidla pravidla pravidla pravidla pravidla pravidla pravidla pravidla pravidla pravidla pravidla pravidla pravidla pravidla pravidla pravidla pravidla pravidla pravidla pravidla pravidla pravidla pravidla pravidla
MTX201501307_anon,77,1,1115348.76,1115348.76
MTX201501307_anon,77,1,664.83,pravidla pravidla pravidla pravidla pravidla pravidla pravidla pravidla pravidla pravidla pravidla pravidla pravidla pravidla pravidla pravidla pravidla pravidla pravidla pravidla pravidla pravidla pravidla pravidla pravidla pravidla pravidla pravidla pravidla pravidla pravidla pravidla pravidla pravidla pravidla pravidla pravidla pravidla pravidla pravidla pravidla pravidla pravidla pravidla pravidla pravidla pravidla pravidla pravidla pravidla pravidla pravidla pravidla pravidla pravidla pravidla pravidla pravidla pravidla pravidla pravidla pravidla pravidla pravidla pravidla pravidla pravidla pravidla pravidla pravidla pravidla pravidla pravidla pravidla pravidla pravidla pravidla pravidla pravidla pravidla pravidla pravidla pravidla pravidla pravidla pravidla pravidla pravidla pravidla pravidla pravidla pravidla pravidla pravidla pravidla pravidla pravidla pravidla pravidla pravidla pravidla pravidla pravidla pravidla pravidla pravidla pravidla
MTX201501307_anon,77,1,DUM,DUM
MTX201501307_anon,77,1,117,117
MTX201501307_anon,77,1,628622.94,pravidla pravidla pravidla pravidla pravidla pravidla pravidla pravidla pravidla pravidla pravidla pravidla pravidla pravidla pravidla pravidla pravidla pravidla pravidla pravidla pravidla pravidla pravidla pravidla pravidla pravidla pravidla pravidla pravidla pravidla pravidla pravidla pravidla pravidla pravidla pravidla pravidla pravidla pravidla pravidla pravidla pravidla pravidla pravidla pravidla pravidla pravidla pravidla pravidla pravidla pravidla pravidla pravidla pravidla pravidla pravidla pravidla pravidla pravidla pravidla pravidla pravidla pravidla pravidla pravidla pravidla pravidla pravidla pravidla pravidla pravidla pravidla pravidla pravidla pravidla pravidla pravidla pravidla pravidla pravidla pravidla pravidla pravidla pravidla pravidla pravidla pravidla pravidla pravidla pravidla pravidla pravidla pravidla pravidla pravidla pravidla pravidla pravidla pravidla pravidla pravidla pravidla pravidla pravidla pravidla pravidla pravidla
MTX201501307_anon,77,1,1115355.31,1115355.31
MTX201501307_anon,77,1,664.78,pravidla pravidla pravidla pravidla pravidla pravidla pravidla pravidla pravidla pravidla pravidla pravidla pravidla pravidla pravidla pravidla pravidla pravidla pravidla pravidla pravidla pravidla pravidla pravidla pravidla pravidla pravidla pravidla pravidla pravidla pravidla pravidla pravidla pravidla pravidla pravidla pravidla pravidla pravidla pravidla pravidla pravidla pravidla pravidla pravidla pravidla pravidla pravidla pravidla pravidla pravidla pravidla pravidla pravidla pravidla pravidla pravidla pravidla pravidla pravidla pravidla pravidla pravidla pravidla pravidla pravidla pravidla pravidla pravidla pravidla pravidla pravidla pravidla pravidla pravidla pravidla pravidla pravidla pravidla pravidla pravidla pravidla pravidla pravidla pravidla pravidla pravidla pravidla pravidla pravidla pravidla pravidla pravidla pravidla pravidla pravidla pravidla pravidla pravidla pravidla pravidla pravidla pravidla pravidla pravidla
MTX201501307_anon,77,1,DUM,DUM
MTX201501307_anon,77,1,118,pravidla pravidla pravidla pravidla pravidla pravidla pravidla pravidla pravidla pravidla pravidla pravidla pravidla pravidla pravidla pravidla pravidla pravidla pravidla pravidla pravidla pravidla pravidla pravidla pravidla pravidla pravidla pravidla pravidla pravidla pravidla pravidla pravidla pravidla pravidla pravidla pravidla pravidla pravidla pravidla pravidla pravidla pravidla pravidla pravidla pravidla pravidla pravidla pravidla pravidla pravidla pravidla pravidla pravidla pravidla pravidla pravidla pravidla pravidla pravidla pravidla pravidla pravidla pravidla pravidla pravidla pravidla pravidla pravidla pravidla pravidla pravidla pravidla pravidla pravidla pravidla pravidla pravidla pravidla pravidla pravidla pravidla pravidla pravidla pravidla pravidla pravidla pravidla pravidla pravidla pravidla pravidla pravidla pravidla pravidla pravidla pravidla pravidla pravidla pravidla pravidla pravidla pravidla pravidla pravidla
MTX201501307_anon,77,1,628627.92,pravidla pravidla pravidla pravidla pravidla pravidla pravidla pravidla pravidla pravidla pravidla pravidla pravidla pravidla pravidla pravidla pravidla pravidla pravidla pravidla pravidla pravidla pravidla pravidla pravidla pravidla pravidla pravidla pravidla pravidla pravidla pravidla pravidla pravidla pravidla pravidla pravidla pravidla pravidla pravidla pravidla pravidla pravidla pravidla pravidla pravidla pravidla pravidla pravidla pravidla pravidla pravidla pravidla pravidla pravidla pravidla pravidla pravidla pravidla pravidla pravidla pravidla pravidla pravidla pravidla pravidla pravidla pravidla pravidla pravidla pravidla pravidla pravidla pravidla pravidla pravidla pravidla pravidla pravidla pravidla pravidla pravidla pravidla pravidla pravidla pravidla pravidla pravidla pravidla pravidla pravidla pravidla pravidla pravidla pravidla pravidla pravidla pravidla pravidla pravidla pravidla pravidla pravidla pravidla pravidla pravidla pravidla
MTX201501307_anon,77,1,1115356.77,1115356.77
MTX201501307_anon,77,1,664.93,pravidla pravidla pravidla pravidla pravidla pravidla pravidla pravidla pravidla pravidla pravidla pravidla pravidla pravidla pravidla pravidla pravidla pravidla pravidla pravidla pravidla pravidla pravidla pravidla pravidla pravidla pravidla pravidla pravidla pravidla pravidla pravidla pravidla pravidla pravidla pravidla pravidla pravidla pravidla pravidla pravidla pravidla pravidla pravidla pravidla pravidla pravidla pravidla pravidla pravidla pravidla pravidla pravidla pravidla pravidla pravidla pravidla pravidla pravidla pravidla pravidla pravidla pravidla pravidla pravidla pravidla pravidla pravidla pravidla pravidla pravidla pravidla pravidla pravidla pravidla pravidla pravidla pravidla pravidla pravidla pravidla pravidla pravidla pravidla pravidla pravidla pravidla pravidla pravidla pravidla pravidla pravidla pravidla pravidla pravidla pravidla pravidla pravidla pravidla pravidla pravidla pravidla pravidla pravidla pravidla pravidla pravidla
MTX201501307_anon,77,1,DUM,DUM
MTX201501307_anon,77,1,119,119
MTX201501307_anon,77,1,628583.83,pravidla pravidla pravidla pravidla pravidla pravidla pravidla pravidla pravidla pravidla pravidla pravidla pravidla pravidla pravidla pravidla pravidla pravidla pravidla pravidla pravidla pravidla pravidla pravidla pravidla pravidla pravidla pravidla pravidla pravidla pravidla pravidla pravidla pravidla pravidla pravidla pravidla pravidla pravidla pravidla pravidla pravidla pravidla pravidla pravidla pravidla pravidla pravidla pravidla pravidla pravidla pravidla pravidla pravidla pravidla pravidla pravidla pravidla pravidla pravidla pravidla pravidla pravidla pravidla pravidla pravidla pravidla pravidla pravidla pravidla pravidla pravidla pravidla pravidla pravidla pravidla pravidla pravidla pravidla pravidla pravidla pravidla pravidla pravidla pravidla pravidla pravidla pravidla pravidla pravidla pravidla pravidla pravidla pravidla pravidla pravidla pravidla pravidla pravidla pravidla pravidla pravidla pravidla pravidla pravidla pravidla pravidla
MTX201501307_anon,77,1,1115398.34,pravidla pravidla pravidla pravidla pravidla pravidla pravidla pravidla pravidla pravidla pravidla pravidla pravidla pravidla pravidla pravidla pravidla pravidla pravidla pravidla pravidla pravidla pravidla pravidla pravidla pravidla pravidla pravidla pravidla pravidla pravidla pravidla pravidla pravidla pravidla pravidla pravidla pravidla pravidla pravidla pravidla pravidla pravidla pravidla pravidla pravidla pravidla pravidla pravidla pravidla pravidla pravidla pravidla pravidla pravidla pravidla pravidla pravidla pravidla pravidla pravidla pravidla pravidla pravidla pravidla pravidla pravidla pravidla pravidla pravidla pravidla pravidla pravidla pravidla pravidla pravidla pravidla pravidla pravidla pravidla pravidla pravidla pravidla pravidla pravidla pravidla pravidla pravidla pravidla pravidla pravidla pravidla pravidla pravidla pravidla pravidla pravidla pravidla pravidla pravidla pravidla pravidla pravidla pravidla pravidla pravidla
MTX201501307_anon,77,1,664.44,664.44
MTX201501307_anon,77,1,DUM,DUM
MTX201501307_anon,77,1,120,120
MTX201501307_anon,77,1,628576.32,pravidla pravidla pravidla pravidla pravidla pravidla pravidla pravidla pravidla pravidla pravidla pravidla pravidla pravidla pravidla pravidla pravidla pravidla pravidla pravidla pravidla pravidla pravidla pravidla pravidla pravidla pravidla pravidla pravidla pravidla pravidla pravidla pravidla pravidla pravidla pravidla pravidla pravidla pravidla pravidla pravidla pravidla pravidla pravidla pravidla pravidla pravidla pravidla pravidla pravidla pravidla pravidla pravidla pravidla pravidla pravidla pravidla pravidla pravidla pravidla pravidla pravidla pravidla pravidla pravidla pravidla pravidla pravidla pravidla pravidla pravidla pravidla pravidla pravidla pravidla pravidla pravidla pravidla pravidla pravidla pravidla pravidla pravidla pravidla pravidla pravidla pravidla pravidla pravidla pravidla pravidla pravidla pravidla pravidla pravidla pravidla pravidla pravidla pravidla pravidla pravidla pravidla pravidla pravidla pravidla pravidla pravidla
MTX201501307_anon,77,1,1115407.86,1115407.86
MTX201501307_anon,77,1,664.50,pravidla pravidla pravidla pravidla pravidla pravidla pravidla pravidla pravidla pravidla pravidla pravidla pravidla pravidla pravidla pravidla pravidla pravidla pravidla pravidla pravidla pravidla pravidla pravidla pravidla pravidla pravidla pravidla pravidla pravidla pravidla pravidla pravidla pravidla pravidla pravidla pravidla pravidla pravidla pravidla pravidla pravidla pravidla pravidla pravidla pravidla pravidla pravidla pravidla pravidla pravidla pravidla pravidla pravidla pravidla pravidla pravidla pravidla pravidla pravidla pravidla pravidla pravidla pravidla pravidla pravidla pravidla pravidla pravidla pravidla pravidla pravidla pravidla pravidla pravidla pravidla pravidla pravidla pravidla pravidla pravidla pravidla pravidla pravidla pravidla pravidla pravidla pravidla pravidla pravidla pravidla pravidla pravidla pravidla pravidla pravidla pravidla pravidla pravidla pravidla pravidla pravidla pravidla pravidla pravidla pravidla pravidla
MTX201501307_anon,77,1,DUM,DUM
MTX201501307_anon,77,1,121,121
MTX201501307_anon,77,1,628571.80,pravidla pravidla pravidla pravidla pravidla pravidla pravidla pravidla pravidla pravidla pravidla pravidla pravidla pravidla pravidla pravidla pravidla pravidla pravidla pravidla pravidla pravidla pravidla pravidla pravidla pravidla pravidla pravidla pravidla pravidla pravidla pravidla pravidla pravidla pravidla pravidla pravidla pravidla pravidla pravidla pravidla pravidla pravidla pravidla pravidla pravidla pravidla pravidla pravidla pravidla pravidla pravidla pravidla pravidla pravidla pravidla pravidla pravidla pravidla pravidla pravidla pravidla pravidla pravidla pravidla pravidla pravidla pravidla pravidla pravidla pravidla pravidla pravidla pravidla pravidla pravidla pravidla pravidla pravidla pravidla pravidla pravidla pravidla pravidla pravidla pravidla pravidla pravidla pravidla pravidla pravidla pravidla pravidla pravidla pravidla pravidla pravidla pravidla pravidla pravidla pravidla pravidla pravidla pravidla pravidla pravidla pravidla
MTX201501307_anon,77,1,1115413.52,pravidla pravidla pravidla pravidla pravidla pravidla pravidla pravidla pravidla pravidla pravidla pravidla pravidla pravidla pravidla pravidla pravidla pravidla pravidla pravidla pravidla pravidla pravidla pravidla pravidla pravidla pravidla pravidla pravidla pravidla pravidla pravidla pravidla pravidla pravidla pravidla pravidla pravidla pravidla pravidla pravidla pravidla pravidla pravidla pravidla pravidla pravidla pravidla pravidla pravidla pravidla pravidla pravidla pravidla pravidla pravidla pravidla pravidla pravidla pravidla pravidla pravidla pravidla pravidla pravidla pravidla pravidla pravidla pravidla pravidla pravidla pravidla pravidla pravidla pravidla pravidla pravidla pravidla pravidla pravidla pravidla pravidla pravidla pravidla pravidla pravidla pravidla pravidla pravidla pravidla pravidla pravidla pravidla pravidla pravidla pravidla pravidla pravidla pravidla pravidla pravidla pravidla pravidla pravidla pravidla pravidla
MTX201501307_anon,77,1,664.55,pravidla pravidla pravidla pravidla pravidla pravidla pravidla pravidla pravidla pravidla pravidla pravidla pravidla pravidla pravidla pravidla pravidla pravidla pravidla pravidla pravidla pravidla pravidla pravidla pravidla pravidla pravidla pravidla pravidla pravidla pravidla pravidla pravidla pravidla pravidla pravidla pravidla pravidla pravidla pravidla pravidla pravidla pravidla pravidla pravidla pravidla pravidla pravidla pravidla pravidla pravidla pravidla pravidla pravidla pravidla pravidla pravidla pravidla pravidla pravidla pravidla pravidla pravidla pravidla pravidla pravidla pravidla pravidla pravidla pravidla pravidla pravidla pravidla pravidla pravidla pravidla pravidla pravidla pravidla pravidla pravidla pravidla pravidla pravidla pravidla pravidla pravidla pravidla pravidla pravidla pravidla pravidla pravidla pravidla pravidla pravidla pravidla pravidla pravidla pravidla pravidla pravidla pravidla pravidla pravidla
MTX201501307_anon,77,1,DUM,DUM
MTX201501307_anon,77,1,122,122
MTX201501307_anon,77,1,628562.61,pravidla pravidla pravidla pravidla pravidla pravidla pravidla pravidla pravidla pravidla pravidla pravidla pravidla pravidla pravidla pravidla pravidla pravidla pravidla pravidla pravidla pravidla pravidla pravidla pravidla pravidla pravidla pravidla pravidla pravidla pravidla pravidla pravidla pravidla pravidla pravidla pravidla pravidla pravidla pravidla pravidla pravidla pravidla pravidla pravidla pravidla pravidla pravidla pravidla pravidla pravidla pravidla pravidla pravidla pravidla pravidla pravidla pravidla pravidla pravidla pravidla pravidla pravidla pravidla pravidla pravidla pravidla pravidla pravidla pravidla pravidla pravidla pravidla pravidla pravidla pravidla pravidla pravidla pravidla pravidla pravidla pravidla pravidla pravidla pravidla pravidla pravidla pravidla pravidla pravidla pravidla pravidla pravidla pravidla pravidla pravidla pravidla pravidla pravidla pravidla pravidla pravidla pravidla pravidla pravidla pravidla pravidla
MTX201501307_anon,77,1,1115377.42,1115377.42
MTX201501307_anon,77,1,663.61,663.61
MTX201501307_anon,77,1,PLOT,PLOT
MTX201501307_anon,77,1,123,123
MTX201501307_anon,77,1,628563.56,628563.56
MTX201501307_anon,77,1,1115377.53,1115377.53
MTX201501307_anon,77,1,663.72,663.72
MTX201501307_anon,77,1,PLOT,PLOT
MTX201501307_anon,77,1,124,pravidla pravidla pravidla pravidla pravidla pravidla pravidla pravidla pravidla pravidla pravidla pravidla pravidla pravidla pravidla pravidla pravidla pravidla pravidla pravidla pravidla pravidla pravidla pravidla pravidla pravidla pravidla pravidla pravidla pravidla pravidla pravidla pravidla pravidla pravidla pravidla pravidla pravidla pravidla pravidla pravidla pravidla pravidla pravidla pravidla pravidla pravidla pravidla pravidla pravidla pravidla pravidla pravidla pravidla pravidla pravidla pravidla pravidla pravidla pravidla pravidla pravidla pravidla pravidla pravidla pravidla pravidla pravidla pravidla pravidla pravidla pravidla pravidla pravidla pravidla pravidla pravidla pravidla pravidla pravidla pravidla pravidla pravidla pravidla pravidla pravidla pravidla pravidla pravidla pravidla pravidla pravidla pravidla pravidla pravidla pravidla pravidla pravidla pravidla pravidla pravidla pravidla pravidla pravidla pravidla pravidla pravidla
MTX201501307_anon,77,1,628565.84,pravidla pravidla pravidla pravidla pravidla pravidla pravidla pravidla pravidla pravidla pravidla pravidla pravidla pravidla pravidla pravidla pravidla pravidla pravidla pravidla pravidla pravidla pravidla pravidla pravidla pravidla pravidla pravidla pravidla pravidla pravidla pravidla pravidla pravidla pravidla pravidla pravidla pravidla pravidla pravidla pravidla pravidla pravidla pravidla pravidla pravidla pravidla pravidla pravidla pravidla pravidla pravidla pravidla pravidla pravidla pravidla pravidla pravidla pravidla pravidla pravidla pravidla pravidla pravidla pravidla pravidla pravidla pravidla pravidla pravidla pravidla pravidla pravidla pravidla pravidla pravidla pravidla pravidla pravidla pravidla pravidla pravidla pravidla pravidla pravidla pravidla pravidla pravidla pravidla pravidla pravidla pravidla pravidla pravidla pravidla pravidla pravidla pravidla pravidla pravidla pravidla pravidla pravidla pravidla pravidla pravidla pravidla
MTX201501307_anon,77,1,1115379.26,1115379.26
MTX201501307_anon,77,1,663.52,663.52
MTX201501307_anon,77,1,PLOT,PLOT
MTX201501307_anon,77,1,125,125
MTX201501307_anon,77,1,628567.63,pravidla pravidla pravidla pravidla pravidla pravidla pravidla pravidla pravidla pravidla pravidla pravidla pravidla pravidla pravidla pravidla pravidla pravidla pravidla pravidla pravidla pravidla pravidla pravidla pravidla pravidla pravidla pravidla pravidla pravidla pravidla pravidla pravidla pravidla pravidla pravidla pravidla pravidla pravidla pravidla pravidla pravidla pravidla pravidla pravidla pravidla pravidla pravidla pravidla pravidla pravidla pravidla pravidla pravidla pravidla pravidla pravidla pravidla pravidla pravidla pravidla pravidla pravidla pravidla pravidla pravidla pravidla pravidla pravidla pravidla pravidla pravidla pravidla pravidla pravidla pravidla pravidla pravidla pravidla pravidla pravidla pravidla pravidla pravidla pravidla pravidla pravidla pravidla pravidla pravidla pravidla pravidla pravidla pravidla pravidla pravidla pravidla pravidla pravidla pravidla pravidla pravidla pravidla pravidla pravidla pravidla pravidla
MTX201501307_anon,77,1,1115382.68,1115382.68
MTX201501307_anon,77,1,663.14,pravidla pravidla pravidla pravidla pravidla pravidla pravidla pravidla pravidla pravidla pravidla pravidla pravidla pravidla pravidla pravidla pravidla pravidla pravidla pravidla pravidla pravidla pravidla pravidla pravidla pravidla pravidla pravidla pravidla pravidla pravidla pravidla pravidla pravidla pravidla pravidla pravidla pravidla pravidla pravidla pravidla pravidla pravidla pravidla pravidla pravidla pravidla pravidla pravidla pravidla pravidla pravidla pravidla pravidla pravidla pravidla pravidla pravidla pravidla pravidla pravidla pravidla pravidla pravidla pravidla pravidla pravidla pravidla pravidla pravidla pravidla pravidla pravidla pravidla pravidla pravidla pravidla pravidla pravidla pravidla pravidla pravidla pravidla pravidla pravidla pravidla pravidla pravidla pravidla pravidla pravidla pravidla pravidla pravidla pravidla pravidla pravidla pravidla pravidla pravidla pravidla pravidla pravidla pravidla pravidla
MTX201501307_anon,77,1,PLOT,PLOT
MTX201501307_anon,78,1,43,43
MTX201501307_anon,78,1,628568.60,628568.60
MTX201501307_anon,78,1,1115386.74,1115386.74
MTX201501307_anon,78,1,663.43,663.43
MTX201501307_anon,78,1,PLOT,PLOT
MTX201501307_anon,78,1,628566.61,628566.61
MTX201501307_anon,78,1,1115391.38,1115391.38
MTX201501307_anon,78,1,662.89,662.89
MTX201501307_anon,78,1,PLOT,PLOT
MTX201501307_anon,78,1,628562.71,628562.71
MTX201501307_anon,78,1,1115394.86,1115394.86
MTX201501307_anon,78,1,663.08,663.08
MTX201501307_anon,78,1,PLOT,PLOT
MTX201501307_anon,78,1,628560.78,628560.78
MTX201501307_anon,78,1,1115397.52,pravidla pravidla pravidla pravidla pravidla pravidla pravidla pravidla pravidla pravidla pravidla pravidla pravidla pravidla pravidla pravidla pravidla pravidla pravidla pravidla pravidla pravidla pravidla pravidla pravidla pravidla pravidla pravidla pravidla pravidla pravidla pravidla pravidla pravidla pravidla pravidla pravidla pravidla pravidla pravidla pravidla pravidla pravidla pravidla pravidla pravidla pravidla pravidla pravidla pravidla pravidla pravidla pravidla pravidla pravidla pravidla pravidla pravidla pravidla pravidla pravidla pravidla pravidla pravidla pravidla pravidla pravidla pravidla pravidla pravidla pravidla pravidla pravidla pravidla pravidla pravidla pravidla pravidla pravidla pravidla pravidla pravidla pravidla pravidla pravidla pravidla pravidla pravidla pravidla pravidla pravidla pravidla pravidla pravidla pravidla pravidla pravidla pravidla pravidla pravidla pravidla pravidla pravidla pravidla pravidla pravidla
MTX201501307_anon,78,1,662.79,662.79
MTX201501307_anon,78,1,PLOT,PLOT
MTX201501307_anon,78,1,628570.28,628570.28
MTX201501307_anon,78,1,1115400.36,1115400.36
MTX201501307_anon,78,1,662.51,662.51
MTX201501307_anon,78,1,PLOT,PLOT
MTX201501307_anon,78,1,628576.45,628576.45
MTX201501307_anon,78,1,1115392.91,1115392.91
MTX201501307_anon,78,1,662.67,662.67
MTX201501307_anon,78,1,PLOT,PLOT
MTX201501307_anon,78,1,628582.65,pravidla pravidla pravidla pravidla pravidla pravidla pravidla pravidla pravidla pravidla pravidla pravidla pravidla pravidla pravidla pravidla pravidla pravidla pravidla pravidla pravidla pravidla pravidla pravidla pravidla pravidla pravidla pravidla pravidla pravidla pravidla pravidla pravidla pravidla pravidla pravidla pravidla pravidla pravidla pravidla pravidla pravidla pravidla pravidla pravidla pravidla pravidla pravidla pravidla pravidla pravidla pravidla pravidla pravidla pravidla pravidla pravidla pravidla pravidla pravidla pravidla pravidla pravidla pravidla pravidla pravidla pravidla pravidla pravidla pravidla pravidla pravidla pravidla pravidla pravidla pravidla pravidla pravidla pravidla pravidla pravidla pravidla pravidla pravidla pravidla pravidla pravidla pravidla pravidla pravidla pravidla pravidla pravidla pravidla pravidla pravidla pravidla pravidla pravidla pravidla pravidla pravidla pravidla pravidla pravidla pravidla pravidla
MTX201501307_anon,78,1,1115385.45,1115385.45
MTX201501307_anon,78,1,662.69,662.69
MTX201501307_anon,78,1,PLOT,PLOT
MTX201501307_anon,78,1,628554.83,pravidla pravidla pravidla pravidla pravidla pravidla pravidla pravidla pravidla pravidla pravidla pravidla pravidla pravidla pravidla pravidla pravidla pravidla pravidla pravidla pravidla pravidla pravidla pravidla pravidla pravidla pravidla pravidla pravidla pravidla pravidla pravidla pravidla pravidla pravidla pravidla pravidla pravidla pravidla pravidla pravidla pravidla pravidla pravidla pravidla pravidla pravidla pravidla pravidla pravidla pravidla pravidla pravidla pravidla pravidla pravidla pravidla pravidla pravidla pravidla pravidla pravidla pravidla pravidla pravidla pravidla pravidla pravidla pravidla pravidla pravidla pravidla pravidla pravidla pravidla pravidla pravidla pravidla pravidla pravidla pravidla pravidla pravidla pravidla pravidla pravidla pravidla pravidla pravidla pravidla pravidla pravidla pravidla pravidla pravidla pravidla pravidla pravidla pravidla pravidla pravidla pravidla pravidla pravidla pravidla pravidla pravidla
MTX201501307_anon,78,1,1115370.55,1115370.55
MTX201501307_anon,78,1,664.52,664.52
MTX201501307_anon,78,1,PLOT,PLOT
MTX201501307_anon,78,1,628570.70,628570.70
MTX201501307_anon,78,1,1115420.73,1115420.73
MTX201501307_anon,78,1,659.03,659.03
MTX201501307_anon,78,1,S8FOT,S8FOT
MTX201501307_anon,78,1,628569.97,628569.97
MTX201501307_anon,78,1,1115421.55,1115421.55
MTX201501307_anon,78,1,659.06,659.06
MTX201501307_anon,78,1,S8FOT,S8FOT
MTX201501307_anon,78,1,628569.94,628569.94
MTX201501307_anon,78,1,1115421.81,1115421.81
MTX201501307_anon,78,1,659.09,659.09
MTX201501307_anon,78,1,S8FOT,S8FOT
MTX201501307_anon,78,1,628570.47,628570.47
MTX201501307_anon,78,1,1115422.32,1115422.32
MTX201501307_anon,78,1,659.07,659.07
MTX201501307_anon,78,1,S8FOT,S8FOT
MTX201501307_anon,78,1,628570.55,628570.55
MTX201501307_anon,78,1,1115421.96,1115421.96
MTX201501307_anon,78,1,659.04,659.04
MTX201501307_anon,78,1,S8FOT,S8FOT
MTX201501307_anon,78,1,628570.85,628570.85
MTX201501307_anon,78,1,1115421.94,1115421.94
MTX201501307_anon,78,1,658.96,658.96
MTX201501307_anon,78,1,S8FOT,S8FOT
MTX201501307_anon,78,1,628570.80,628570.80
MTX201501307_anon,78,1,1115421.23,1115421.23
MTX201501307_anon,78,1,658.94,658.94
MTX201501307_anon,78,1,S8FOT,S8FOT
MTX201501307_anon,78,1,628571.11,628571.11
MTX201501307_anon,78,1,1115421.10,1115421.10
MTX201501307_anon,78,1,658.98,658.98
MTX201501307_anon,78,1,S8FOT,S8FOT
MTX201501307_anon,78,1,628507.51,628507.51
MTX201501307_anon,78,1,1115333.66,1115333.66
MTX201501307_anon,78,1,666.00,666.00
MTX201501307_anon,78,1,FIX3,FIX3
MTX201501307_anon,78,1,628500.93,628500.93
MTX201501307_anon,78,1,1115328.63,1115328.63
MTX201501307_anon,78,1,666.36,666.36
MTX201501307_anon,78,1,S6,S6
MTX201501307_anon,78,1,628499.48,628499.48
MTX201501307_anon,78,1,1115328.35,1115328.35
MTX201501307_anon,78,1,666.39,666.39
MTX201501307_anon,78,1,S6,S6
MTX201501307_anon,78,1,628499.18,628499.18
MTX201501307_anon,78,1,1115329.78,1115329.78
MTX201501307_anon,78,1,666.38,666.38
MTX201501307_anon,78,1,S6,S6
MTX201501307_anon,78,1,628500.61,628500.61
MTX201501307_anon,78,1,1115330.10,1115330.10
MTX201501307_anon,78,1,666.40,666.40
MTX201501307_anon,78,1,S6,S6
MTX201501307_anon,78,1,628500.91,628500.91
MTX201501307_anon,78,1,1115328.66,1115328.66
MTX201501307_anon,78,1,666.33,666.33
MTX201501307_anon,78,1,S6OSA,S6OSA
MTX201501307_anon,78,1,628499.51,628499.51
MTX201501307_anon,78,1,1115328.38,1115328.38
MTX201501307_anon,78,1,666.34,666.34
MTX201501307_anon,78,1,S6OSA,S6OSA
MTX201501307_anon,78,1,628499.23,628499.23
MTX201501307_anon,78,1,1115329.78,1115329.78
MTX201501307_anon,78,1,666.33,666.33
MTX201501307_anon,78,1,S6OSA,S6OSA
MTX201501307_anon,78,1,628500.61,628500.61
MTX201501307_anon,78,1,1115330.07,1115330.07
MTX201501307_anon,78,1,666.32,666.32
MTX201501307_anon,78,1,S6OSA,S6OSA
MTX201501307_anon,78,1,628510.47,628510.47
MTX201501307_anon,78,1,1115295.74,1115295.74
MTX201501307_anon,78,1,668.96,668.96
MTX201501307_anon,78,1,S7,S7
MTX201501307_anon,78,1,628509.10,628509.10
MTX201501307_anon,78,1,1115295.13,1115295.13
MTX201501307_anon,78,1,669.02,669.02
MTX201501307_anon,78,1,S7,S7
MTX201501307_anon,78,1,628508.53,628508.53
MTX201501307_anon,78,1,1115296.41,1115296.41
MTX201501307_anon,78,1,668.98,668.98
MTX201501307_anon,78,1,S7,S7
MTX201501307_anon,78,1,628509.84,628509.84
MTX201501307_anon,78,1,1115297.03,1115297.03
MTX201501307_anon,78,1,668.93,668.93
MTX201501307_anon,78,1,S7,S7
MTX201501307_anon,78,1,628510.37,628510.37
MTX201501307_anon,78,1,1115295.78,1115295.78
MTX201501307_anon,78,1,668.75,668.75
MTX201501307_anon,78,1,S7OSA,S7OSA
MTX201501307_anon,78,1,628509.11,628509.11
MTX201501307_anon,78,1,1115295.19,1115295.19
MTX201501307_anon,78,1,668.75,668.75
MTX201501307_anon,78,1,S7OSA,S7OSA
MTX201501307_anon,78,1,628508.60,628508.60
MTX201501307_anon,78,1,1115296.39,1115296.39
MTX201501307_anon,78,1,668.76,668.76
MTX201501307_anon,78,1,S7OSA,S7OSA
MTX201501307_anon,78,1,628509.83,628509.83
MTX201501307_anon,78,1,1115296.96,1115296.96
MTX201501307_anon,78,1,668.75,668.75
MTX201501307_anon,78,1,S7OSA,S7OSA
MTX201501307_anon,78,1,628509.39,628509.39
MTX201501307_anon,78,1,1115302.08,1115302.08
MTX201501307_anon,78,1,669.47,669.47
MTX201501307_anon,78,1,DUM,DUM
MTX201501307_anon,78,1,628514.65,628514.65
MTX201501307_anon,78,1,1115308.79,1115308.79
MTX201501307_anon,78,1,669.82,669.82
MTX201501307_anon,78,1,DUM,DUM
MTX201501307_anon,78,1,628517.61,628517.61
MTX201501307_anon,78,1,1115315.21,1115315.21
MTX201501307_anon,78,1,668.54,668.54
MTX201501307_anon,78,1,DUM,DUM
MTX201501307_anon,78,1,628517.18,628517.18
MTX201501307_anon,78,1,1115318.66,1115318.66
MTX201501307_anon,78,1,668.13,668.13
MTX201501307_anon,78,1,DUM,DUM
MTX201501307_anon,78,1,628487.85,628487.85
MTX201501307_anon,78,1,1115329.73,1115329.73
MTX201501307_anon,78,1,670.62,670.62
MTX201501307_anon,78,1,DUM,DUM
MTX201501307_anon,78,1,628501.62,628501.62
MTX201501307_anon,78,1,1115332.67,1115332.67
MTX201501307_anon,78,1,668.78,668.78
MTX201501307_anon,78,1,DUM,DUM
MTX201501307_anon,78,1,628510.43,628510.43
MTX201501307_anon,78,1,1115316.35,1115316.35
MTX201501307_anon,78,1,667.91,667.91
MTX201501307_anon,78,1,PLOT,PLOT
MTX201501307_anon,78,1,628524.03,628524.03
MTX201501307_anon,78,1,1115326.54,1115326.54
MTX201501307_anon,78,1,665.97,665.97
MTX201501307_anon,78,1,PLOT,PLOT
MTX201501307_anon,78,1,628530.12,628530.12
MTX201501307_anon,78,1,1115327.93,1115327.93
MTX201501307_anon,78,1,665.88,665.88
MTX201501307_anon,78,1,PLOT,PLOT
MTX201501307_anon,79,1,44,44
MTX201501307_anon,79,1,168,168
MTX201501307_anon,79,1,628541.01,628541.01
MTX201501307_anon,79,1,1115339.55,1115339.55
MTX201501307_anon,79,1,665.80,665.80
MTX201501307_anon,79,1,PLOT,PLOT
MTX201501307_anon,79,1,8001,8001
MTX201501307_anon,79,1,628471.25,628471.25
MTX201501307_anon,79,1,1114989.77,1114989.77
MTX201501307_anon,79,1,709.47,709.47
MTX201501307_anon,79,1,8002,8002
MTX201501307_anon,79,1,632031.01,632031.01
MTX201501307_anon,79,1,1115746.01,1115746.01
MTX201501307_anon,79,1,647.81,647.81
MTX201501307_anon,79,1,8005,8005
MTX201501307_anon,79,1,628490.32,628490.32
MTX201501307_anon,79,1,1115402.15,1115402.15
MTX201501307_anon,79,1,667.22,667.22
MTX201501307_anon,79,1,8006,8006
MTX201501307_anon,79,1,628510.01,628510.01
MTX201501307_anon,79,1,1115391.11,1115391.11
MTX201501307_anon,79,1,666.71,666.71
MTX201501307_anon,79,1,9001,9001
MTX201501307_anon,79,1,628474.54,628474.54
MTX201501307_anon,79,1,1115377.84,1115377.84
MTX201501307_anon,79,1,667.13,667.13
MTX201501307_anon,79,1,9002,9002
MTX201501307_anon,79,1,628495.75,628495.75
MTX201501307_anon,79,1,1115393.81,1115393.81
MTX201501307_anon,79,1,665.43,665.43
MTX201501307_anon,79,1,9003,9003
MTX201501307_anon,79,1,628547.24,628547.24
MTX201501307_anon,79,1,1115363.15,1115363.15
MTX201501307_anon,79,1,663.47,663.47
MTX201501307_anon,79,1,9004,9004
MTX201501307_anon,79,1,628515.52,628515.52
MTX201501307_anon,79,1,1115325.16,1115325.16
MTX201501307_anon,79,1,665.93,665.93
MTX201501307_anon,79,1,9005,9005
MTX201501307_anon,79,1,628565.09,628565.09
MTX201501307_anon,79,1,1115376.41,1115376.41
MTX201501307_anon,79,1,662.68,662.68
MTX201501307_anon,79,1,9101,9101
MTX201501307_anon,79,1,628496.32,628496.32
MTX201501307_anon,79,1,1114988.34,1114988.34
MTX201501307_anon,79,1,706.88,706.88
